partition,model,scenario,detection_fraction,leaf_scope,n,positive_count,negative_count,true_positive,false_positive,true_negative,false_negative,sensitivity,specificity,balanced_accuracy,weighted_accuracy,specificity_identifiable
calibration,overwinter_source_model,baseline,0.001,top3,178,162,16,153,6,10,9,0.969248291571754,0.5862068965517242,0.7777275940617391,0.9455128205128207,True
calibration,overwinter_source_model,baseline,0.001,all_ordinal_leaves,254,237,17,227,7,10,10,0.9742547425474255,0.511904761904762,0.7430797522260937,0.9493589743589744,True
calibration,overwinter_source_model,contact_off,0.001,top3,178,162,16,152,6,10,10,0.9646924829157175,0.5862068965517242,0.7754496897337209,0.9412393162393164,True
calibration,overwinter_source_model,contact_off,0.001,all_ordinal_leaves,254,237,17,224,7,10,13,0.9649954832881662,0.511904761904762,0.7384501225964641,0.9405982905982906,True
calibration,overwinter_source_model,detection_sensitivity,0.0001,top3,178,162,16,160,9,7,2,0.9943052391799545,0.396551724137931,0.6954284816589428,0.9572649572649574,True
calibration,overwinter_source_model,detection_sensitivity,0.0001,all_ordinal_leaves,254,237,17,235,10,7,2,0.9949186991869919,0.3452380952380953,0.6700783972125436,0.9599358974358975,True
calibration,overwinter_source_model,detection_sensitivity,0.01,top3,178,162,16,98,2,14,64,0.6531890660592253,0.8620689655172414,0.7576290157882334,0.6661324786324787,True
calibration,overwinter_source_model,detection_sensitivity,0.01,all_ordinal_leaves,254,237,17,130,2,15,107,0.591576332429991,0.8928571428571428,0.7422167376435669,0.6077991452991454,True
calibration,overwinter_source_model,imported_off,0.001,top3,178,162,16,141,5,11,21,0.8952164009111615,0.6551724137931034,0.7751944073521324,0.8803418803418804,True
calibration,overwinter_source_model,imported_off,0.001,all_ordinal_leaves,254,237,17,208,5,12,29,0.8988256549232159,0.75,0.8244128274616079,0.890811965811966,True
calibration,overwinter_source_model,initial_ready_0,0.001,top3,178,162,16,141,5,11,21,0.9020501138952163,0.6551724137931034,0.7786112638441598,0.8867521367521368,True
calibration,overwinter_source_model,initial_ready_0,0.001,all_ordinal_leaves,254,237,17,208,5,12,29,0.9056007226738934,0.75,0.8278003613369467,0.8972222222222223,True
calibration,overwinter_source_model,initial_ready_1,0.001,top3,178,162,16,154,7,9,8,0.9726651480637813,0.5172413793103448,0.744953263687063,0.9444444444444445,True
calibration,overwinter_source_model,initial_ready_1,0.001,all_ordinal_leaves,254,237,17,229,8,9,8,0.9776422764227642,0.45238095238095244,0.7150116144018583,0.9493589743589744,True
calibration,overwinter_source_model,juvenile_removed_after31,0.001,top3,178,162,16,153,7,9,9,0.969248291571754,0.5172413793103448,0.7432448354410494,0.9412393162393162,True
calibration,overwinter_source_model,juvenile_removed_after31,0.001,all_ordinal_leaves,254,237,17,227,8,9,10,0.9742547425474255,0.45238095238095244,0.713317847464189,0.9461538461538461,True
calibration,overwinter_source_model,lower_ranks_removed_after39,0.001,top3,178,162,16,150,5,11,12,0.9567198177676537,0.6551724137931034,0.8059461157803786,0.938034188034188,True
calibration,overwinter_source_model,lower_ranks_removed_after39,0.001,all_ordinal_leaves,254,237,17,183,5,12,54,0.8081526648599819,0.7380952380952381,0.77312395147761,0.8043803418803419,True
calibration,overwinter_source_model,no_local_source,0.001,top3,178,162,16,140,5,11,22,0.8883826879271068,0.6551724137931034,0.7717775508601051,0.8739316239316239,True
calibration,overwinter_source_model,no_local_source,0.001,all_ordinal_leaves,254,237,17,207,5,12,30,0.8954381210478771,0.75,0.8227190605239385,0.8876068376068377,True
calibration,overwinter_source_model,no_sources,0.001,top3,178,162,16,0,0,16,162,0.0,1.0,0.5,0.06196581196581197,True
calibration,overwinter_source_model,no_sources,0.001,all_ordinal_leaves,254,237,17,0,0,17,237,0.0,1.0,0.5,0.05384615384615384,True
calibration,overwinter_source_model,persistent_juvenile,0.001,top3,178,162,16,151,6,10,11,0.9612756264236902,0.5862068965517242,0.7737412614877073,0.938034188034188,True
calibration,overwinter_source_model,persistent_juvenile,0.001,all_ordinal_leaves,254,237,17,225,7,10,12,0.9681571815718157,0.511904761904762,0.7400309717382889,0.9435897435897436,True
calibration,overwinter_source_model,residue_lifetime_x0.5,0.001,top3,178,162,16,150,6,10,12,0.9567198177676537,0.5862068965517242,0.771463357159689,0.9337606837606838,True
calibration,overwinter_source_model,residue_lifetime_x0.5,0.001,all_ordinal_leaves,254,237,17,222,7,10,15,0.9582204155374887,0.511904761904762,0.7350625887211253,0.9341880341880342,True
calibration,overwinter_source_model,residue_lifetime_x2,0.001,top3,178,162,16,153,7,9,9,0.969248291571754,0.5172413793103448,0.7432448354410494,0.9412393162393162,True
calibration,overwinter_source_model,residue_lifetime_x2,0.001,all_ordinal_leaves,254,237,17,227,8,9,10,0.9742547425474255,0.45238095238095244,0.713317847464189,0.9461538461538461,True
calibration,overwinter_source_model,secondary_off,0.001,top3,178,162,16,12,0,16,150,0.06605922551252846,1.0,0.5330296127562643,0.12393162393162394,True
calibration,overwinter_source_model,secondary_off,0.001,all_ordinal_leaves,254,237,17,28,0,17,209,0.09722222222222222,1.0,0.5486111111111112,0.14583333333333331,True
calibration,overwinter_source_model,spacing120,0.001,top3,178,162,16,153,6,10,9,0.969248291571754,0.5862068965517242,0.7777275940617391,0.9455128205128207,True
calibration,overwinter_source_model,spacing120,0.001,all_ordinal_leaves,254,237,17,227,7,10,10,0.9742547425474255,0.511904761904762,0.7430797522260937,0.9493589743589744,True
calibration,overwinter_source_model,spacing160,0.001,top3,178,162,16,157,7,9,5,0.9840546697038723,0.5172413793103448,0.7506480245071085,0.9551282051282053,True
calibration,overwinter_source_model,spacing160,0.001,all_ordinal_leaves,254,237,17,232,8,9,5,0.9847560975609756,0.45238095238095244,0.718568524970964,0.9560897435897436,True
calibration,overwinter_source_model,spacing80,0.001,top3,178,162,16,128,4,12,34,0.8194760820045557,0.7241379310344828,0.7718070065195193,0.8135683760683761,True
calibration,overwinter_source_model,spacing80,0.001,all_ordinal_leaves,254,237,17,172,4,13,65,0.7650745257452575,0.7976190476190477,0.7813467866821526,0.7668269230769231,True
calibration,phenology_only,baseline,0.001,top3,178,162,16,143,6,10,19,0.8940774487471527,0.5862068965517242,0.7401421726494384,0.875,True
calibration,phenology_only,baseline,0.001,all_ordinal_leaves,254,237,17,201,7,10,36,0.8765243902439024,0.511904761904762,0.6942145760743321,0.8568910256410257,True
reused_BASF2019,overwinter_source_model,baseline,0.001,top3,252,230,22,226,14,8,4,0.9890235910878111,0.3297872340425532,0.6594054125651821,0.9507716049382716,True
reused_BASF2019,overwinter_source_model,baseline,0.001,all_ordinal_leaves,330,308,22,302,14,8,6,0.9858558994197292,0.33695652173913043,0.6614062105794298,0.9582175925925924,True
reused_BASF2019,overwinter_source_model,contact_off,0.001,top3,252,230,22,226,14,8,4,0.9890235910878111,0.3297872340425532,0.6594054125651821,0.9507716049382716,True
reused_BASF2019,overwinter_source_model,contact_off,0.001,all_ordinal_leaves,330,308,22,302,14,8,6,0.9858558994197292,0.33695652173913043,0.6614062105794298,0.9582175925925924,True
reused_BASF2019,overwinter_source_model,detection_sensitivity,0.0001,top3,252,230,22,230,19,3,0,1.0,0.11170212765957448,0.5558510638297872,0.9484567901234567,True
reused_BASF2019,overwinter_source_model,detection_sensitivity,0.0001,all_ordinal_leaves,330,308,22,308,19,3,0,1.0,0.1141304347826087,0.5570652173913043,0.9622685185185182,True
reused_BASF2019,overwinter_source_model,detection_sensitivity,0.01,top3,252,230,22,185,2,20,45,0.8183158584534731,0.9069148936170214,0.8626153760352473,0.8234567901234567,True
reused_BASF2019,overwinter_source_model,detection_sensitivity,0.01,all_ordinal_leaves,330,308,22,235,2,20,73,0.7560807543520311,0.9048913043478262,0.8304860293499287,0.7624189814814814,True
reused_BASF2019,overwinter_source_model,imported_off,0.001,top3,252,230,22,222,11,11,8,0.9801769331585843,0.4680851063829788,0.7241310197707815,0.9504629629629628,True
reused_BASF2019,overwinter_source_model,imported_off,0.001,all_ordinal_leaves,330,308,22,296,11,11,12,0.9692214700193423,0.47826086956521746,0.7237411697922799,0.948310185185185,True
reused_BASF2019,overwinter_source_model,initial_ready_0,0.001,top3,252,230,22,222,11,11,8,0.9801769331585843,0.4680851063829788,0.7241310197707815,0.9504629629629628,True
reused_BASF2019,overwinter_source_model,initial_ready_0,0.001,all_ordinal_leaves,330,308,22,297,11,11,11,0.9764748549323018,0.47826086956521746,0.7273678622487596,0.9552546296296294,True
reused_BASF2019,overwinter_source_model,initial_ready_1,0.001,top3,252,230,22,227,14,8,3,0.9914809960681519,0.3297872340425532,0.6606341150553525,0.9530864197530864,True
reused_BASF2019,overwinter_source_model,initial_ready_1,0.001,all_ordinal_leaves,330,308,22,305,14,8,3,0.9941972920696325,0.33695652173913043,0.6655769069043814,0.9662037037037035,True
reused_BASF2019,overwinter_source_model,juvenile_removed_after31,0.001,top3,252,230,22,226,14,8,4,0.9890235910878111,0.3297872340425532,0.6594054125651821,0.9507716049382716,True
reused_BASF2019,overwinter_source_model,juvenile_removed_after31,0.001,all_ordinal_leaves,330,308,22,303,14,8,5,0.989482591876209,0.33695652173913043,0.6632195568076698,0.9616898148148145,True
reused_BASF2019,overwinter_source_model,lower_ranks_removed_after39,0.001,top3,252,230,22,226,14,8,4,0.9890235910878111,0.3297872340425532,0.6594054125651821,0.9507716049382716,True
reused_BASF2019,overwinter_source_model,lower_ranks_removed_after39,0.001,all_ordinal_leaves,330,308,22,241,14,8,67,0.7566489361702128,0.33695652173913043,0.5468027289546716,0.7387731481481481,True
reused_BASF2019,overwinter_source_model,no_local_source,0.001,top3,252,230,22,222,10,12,8,0.9801769331585843,0.5212765957446809,0.7507267644516327,0.9535493827160493,True
reused_BASF2019,overwinter_source_model,no_local_source,0.001,all_ordinal_leaves,330,308,22,297,10,12,11,0.9764748549323018,0.5326086956521738,0.7545417752922379,0.9575694444444443,True
reused_BASF2019,overwinter_source_model,no_sources,0.001,top3,252,230,22,0,0,22,230,0.0,1.0,0.5,0.05802469135802468,True
reused_BASF2019,overwinter_source_model,no_sources,0.001,all_ordinal_leaves,330,308,22,0,0,22,308,0.0,1.0,0.5,0.04259259259259259,True
reused_BASF2019,overwinter_source_model,persistent_juvenile,0.001,top3,252,230,22,226,14,8,4,0.9890235910878111,0.3297872340425532,0.6594054125651821,0.9507716049382716,True
reused_BASF2019,overwinter_source_model,persistent_juvenile,0.001,all_ordinal_leaves,330,308,22,302,14,8,6,0.9858558994197292,0.33695652173913043,0.6614062105794298,0.9582175925925924,True
reused_BASF2019,overwinter_source_model,residue_lifetime_x0.5,0.001,top3,252,230,22,226,14,8,4,0.9890235910878111,0.3297872340425532,0.6594054125651821,0.9507716049382716,True
reused_BASF2019,overwinter_source_model,residue_lifetime_x0.5,0.001,all_ordinal_leaves,330,308,22,302,14,8,6,0.9858558994197292,0.33695652173913043,0.6614062105794298,0.9582175925925924,True
reused_BASF2019,overwinter_source_model,residue_lifetime_x2,0.001,top3,252,230,22,226,14,8,4,0.9890235910878111,0.3297872340425532,0.6594054125651821,0.9507716049382716,True
reused_BASF2019,overwinter_source_model,residue_lifetime_x2,0.001,all_ordinal_leaves,330,308,22,303,14,8,5,0.989482591876209,0.33695652173913043,0.6632195568076698,0.9616898148148145,True
reused_BASF2019,overwinter_source_model,secondary_off,0.001,top3,252,230,22,39,0,22,191,0.17472149410222804,1.0,0.587360747051114,0.22260802469135801,True
reused_BASF2019,overwinter_source_model,secondary_off,0.001,all_ordinal_leaves,330,308,22,63,0,22,245,0.2150628626692457,1.0,0.6075314313346228,0.2484953703703704,True
reused_BASF2019,overwinter_source_model,spacing120,0.001,top3,252,230,22,226,14,8,4,0.9890235910878111,0.3297872340425532,0.6594054125651821,0.9507716049382716,True
reused_BASF2019,overwinter_source_model,spacing120,0.001,all_ordinal_leaves,330,308,22,302,14,8,6,0.9858558994197292,0.33695652173913043,0.6614062105794298,0.9582175925925924,True
reused_BASF2019,overwinter_source_model,spacing160,0.001,top3,252,230,22,228,14,8,2,0.9934469200524245,0.3297872340425532,0.6616170770474888,0.9549382716049383,True
reused_BASF2019,overwinter_source_model,spacing160,0.001,all_ordinal_leaves,330,308,22,306,14,8,2,0.9956479690522244,0.33695652173913043,0.6663022453956774,0.9675925925925923,True
reused_BASF2019,overwinter_source_model,spacing80,0.001,top3,252,230,22,211,7,15,19,0.916775884665793,0.6808510638297872,0.7988134742477901,0.9030864197530863,True
reused_BASF2019,overwinter_source_model,spacing80,0.001,all_ordinal_leaves,330,308,22,273,7,15,35,0.8874274661508705,0.6847826086956522,0.7861050374232614,0.8787962962962961,True
reused_BASF2019,phenology_only,baseline,0.001,top3,252,230,22,215,8,14,15,0.9365170380078636,0.6143617021276596,0.7754393700677615,0.9178240740740741,True
reused_BASF2019,phenology_only,baseline,0.001,all_ordinal_leaves,330,308,22,289,8,14,19,0.9591876208897487,0.6059782608695653,0.782582940879657,0.9441435185185183,True
reused_strict_Corteva,overwinter_source_model,baseline,0.001,top3,1310,1136,174,1096,72,102,40,0.968687587350614,0.5585493041402465,0.7636184457454303,0.916092759753474,True
reused_strict_Corteva,overwinter_source_model,baseline,0.001,all_ordinal_leaves,1703,1514,189,1453,82,107,61,0.9663503284227437,0.4693747746547955,0.7178625515387695,0.9218711752863539,True
reused_strict_Corteva,overwinter_source_model,contact_off,0.001,top3,1310,1136,174,1095,71,103,41,0.9674620526089549,0.5606321226726274,0.7640470876407912,0.915291477702192,True
reused_strict_Corteva,overwinter_source_model,contact_off,0.001,all_ordinal_leaves,1703,1514,189,1451,81,108,63,0.9641208788708846,0.4711653554688642,0.7176431171698744,0.9200015171666958,True
reused_strict_Corteva,overwinter_source_model,detection_sensitivity,0.0001,top3,1310,1136,174,1122,125,49,14,0.9909923196488066,0.23757251609012736,0.614282417869467,0.8943761628583057,True
reused_strict_Corteva,overwinter_source_model,detection_sensitivity,0.0001,all_ordinal_leaves,1703,1514,189,1499,138,51,15,0.9935888657952788,0.22118514930439384,0.6073870075498363,0.9244589801732659,True
reused_strict_Corteva,overwinter_source_model,detection_sensitivity,0.01,top3,1310,1136,174,895,22,152,241,0.7908798789205023,0.819657669646278,0.8052687742833902,0.794570251177394,True
reused_strict_Corteva,overwinter_source_model,detection_sensitivity,0.01,all_ordinal_leaves,1703,1514,189,1142,27,162,372,0.7518153989429551,0.7511625579401093,0.7514889784415322,0.7517569698819699,True
reused_strict_Corteva,overwinter_source_model,imported_off,0.001,top3,1310,1136,174,1074,59,115,62,0.9443505099391699,0.6067695286199103,0.7755600192795401,0.9010601997209141,True
reused_strict_Corteva,overwinter_source_model,imported_off,0.001,all_ordinal_leaves,1703,1514,189,1421,68,121,93,0.9394756830353336,0.5201313458021639,0.7298035144187487,0.9019444989534275,True
reused_strict_Corteva,overwinter_source_model,initial_ready_0,0.001,top3,1310,1136,174,1071,58,116,65,0.9428185915120965,0.6130179842170529,0.7779182878645747,0.900526011686726,True
reused_strict_Corteva,overwinter_source_model,initial_ready_0,0.001,all_ordinal_leaves,1703,1514,189,1418,67,122,96,0.9392776727132935,0.52550308824437,0.7323903804788318,0.9022449797226584,True
reused_strict_Corteva,overwinter_source_model,initial_ready_1,0.001,top3,1310,1136,174,1101,82,92,35,0.9735590879487082,0.4829506425849393,0.7282548652668237,0.9106450229664516,True
reused_strict_Corteva,overwinter_source_model,initial_ready_1,0.001,all_ordinal_leaves,1703,1514,189,1467,92,97,47,0.9761766692295091,0.40792009218445985,0.6920483807069845,0.9253178873044945,True
reused_strict_Corteva,overwinter_source_model,juvenile_removed_after31,0.001,top3,1310,1136,174,1098,75,99,38,0.9717514242047613,0.5293898446869141,0.7505706344458377,0.915024383685098,True
reused_strict_Corteva,overwinter_source_model,juvenile_removed_after31,0.001,all_ordinal_leaves,1703,1514,189,1455,85,104,59,0.9682570944868337,0.44550036380054625,0.70687872914369,0.9214705342607129,True
reused_strict_Corteva,overwinter_source_model,lower_ranks_removed_after39,0.001,top3,1310,1136,174,1090,70,104,46,0.9602109720541395,0.5625066593517702,0.7613588157029549,0.9092106372463515,True
reused_strict_Corteva,overwinter_source_model,lower_ranks_removed_after39,0.001,all_ordinal_leaves,1703,1514,189,1246,78,111,268,0.8084815528814577,0.502225537661477,0.6553535452714674,0.7810717374556662,True
reused_strict_Corteva,overwinter_source_model,no_local_source,0.001,top3,1310,1136,174,1057,51,123,79,0.9299388049652331,0.6539347417531721,0.7919367733592027,0.8945449226699227,True
reused_strict_Corteva,overwinter_source_model,no_local_source,0.001,all_ordinal_leaves,1703,1514,189,1398,60,129,116,0.9237042132685215,0.5579503615267929,0.7408272873976571,0.8909693605006106,True
reused_strict_Corteva,overwinter_source_model,no_sources,0.001,top3,1310,1136,174,0,0,174,1136,0.0,1.0,0.5,0.12823681609395896,True
reused_strict_Corteva,overwinter_source_model,no_sources,0.001,all_ordinal_leaves,1703,1514,189,0,0,189,1514,0.0,1.0,0.5,0.08949968021396594,True
reused_strict_Corteva,overwinter_source_model,persistent_juvenile,0.001,top3,1310,1136,174,1092,70,104,44,0.9652969412320241,0.5614652500855798,0.763381095658802,0.9135108509215653,True
reused_strict_Corteva,overwinter_source_model,persistent_juvenile,0.001,all_ordinal_leaves,1703,1514,189,1449,80,109,65,0.963933135750728,0.4718815877944917,0.7179073617726098,0.9198946795598582,True
reused_strict_Corteva,overwinter_source_model,residue_lifetime_x0.5,0.001,top3,1310,1136,174,1091,68,106,45,0.9640714064903653,0.5802106168770078,0.7721410116836865,0.9148463210070353,True
reused_strict_Corteva,overwinter_source_model,residue_lifetime_x0.5,0.001,all_ordinal_leaves,1703,1514,189,1446,78,111,68,0.9611169889483797,0.4906826863422128,0.7258998376452963,0.919013269303448,True
reused_strict_Corteva,overwinter_source_model,residue_lifetime_x2,0.001,top3,1310,1136,174,1098,75,99,38,0.9717514242047613,0.5293898446869141,0.7505706344458377,0.915024383685098,True
reused_strict_Corteva,overwinter_source_model,residue_lifetime_x2,0.001,all_ordinal_leaves,1703,1514,189,1460,85,104,54,0.9702099581920336,0.44550036380054625,0.70785516099629,0.9232486172887959,True
reused_strict_Corteva,overwinter_source_model,secondary_off,0.001,top3,1310,1136,174,258,0,174,878,0.2247346842338874,1.0,0.6123673421169437,0.32415223995581144,True
reused_strict_Corteva,overwinter_source_model,secondary_off,0.001,all_ordinal_leaves,1703,1514,189,375,3,186,1139,0.2702076992080624,0.9616304111270996,0.615919055167581,0.3320898108174894,True
reused_strict_Corteva,overwinter_source_model,spacing120,0.001,top3,1310,1136,174,1096,72,102,40,0.968687587350614,0.5585493041402465,0.7636184457454303,0.916092759753474,True
reused_strict_Corteva,overwinter_source_model,spacing120,0.001,all_ordinal_leaves,1703,1514,189,1453,82,107,61,0.9663503284227437,0.4693747746547955,0.7178625515387695,0.9218711752863539,True
reused_strict_Corteva,overwinter_source_model,spacing160,0.001,top3,1310,1136,174,1111,96,78,25,0.9799625069738762,0.4334093160647368,0.7066859115193065,0.9098742659456944,True
reused_strict_Corteva,overwinter_source_model,spacing160,0.001,all_ordinal_leaves,1703,1514,189,1486,110,79,28,0.9856948542899462,0.34733948518974467,0.6665171697398454,0.9285622528926101,True
reused_strict_Corteva,overwinter_source_model,spacing80,0.001,top3,1310,1136,174,1004,37,137,132,0.8853897417239721,0.741522220131532,0.8134559809277521,0.8669406288156288,True
reused_strict_Corteva,overwinter_source_model,spacing80,0.001,all_ordinal_leaves,1703,1514,189,1282,41,148,232,0.836472878702299,0.6651166232488038,0.7507947509755515,0.8211365486365487,True
reused_strict_Corteva,phenology_only,baseline,0.001,top3,1310,1136,174,977,23,151,159,0.8777258977333775,0.8160871235907678,0.8469065106620727,0.8698215375893947,True
reused_strict_Corteva,phenology_only,baseline,0.001,all_ordinal_leaves,1703,1514,189,1242,27,162,272,0.8181811650865486,0.7389482388155693,0.7785647019510589,0.8110898435228793,True
