global_target_index,field_id,site_id,coordinate_year,fold,role
13,basf-wheat-diseases|10|2017,era5loc_d6117aa4523b,era5loc_d6117aa4523b|2017,spatial_0,train
14,basf-wheat-diseases|10|2017,era5loc_d6117aa4523b,era5loc_d6117aa4523b|2017,spatial_0,train
15,basf-wheat-diseases|10|2017,era5loc_d6117aa4523b,era5loc_d6117aa4523b|2017,spatial_0,train
16,basf-wheat-diseases|10|2017,era5loc_d6117aa4523b,era5loc_d6117aa4523b|2017,spatial_0,train
17,basf-wheat-diseases|10|2017,era5loc_d6117aa4523b,era5loc_d6117aa4523b|2017,spatial_0,train
18,basf-wheat-diseases|10|2017,era5loc_d6117aa4523b,era5loc_d6117aa4523b|2017,spatial_0,train
19,basf-wheat-diseases|10|2017,era5loc_d6117aa4523b,era5loc_d6117aa4523b|2017,spatial_0,train
20,basf-wheat-diseases|10|2017,era5loc_d6117aa4523b,era5loc_d6117aa4523b|2017,spatial_0,train
21,basf-wheat-diseases|10|2017,era5loc_d6117aa4523b,era5loc_d6117aa4523b|2017,spatial_0,train
22,basf-wheat-diseases|10|2017,era5loc_d6117aa4523b,era5loc_d6117aa4523b|2017,spatial_0,train
23,basf-wheat-diseases|11|2017,era5loc_c36c557e4afc,era5loc_c36c557e4afc|2017,spatial_0,train
24,basf-wheat-diseases|11|2017,era5loc_c36c557e4afc,era5loc_c36c557e4afc|2017,spatial_0,train
25,basf-wheat-diseases|11|2017,era5loc_c36c557e4afc,era5loc_c36c557e4afc|2017,spatial_0,train
26,basf-wheat-diseases|11|2017,era5loc_c36c557e4afc,era5loc_c36c557e4afc|2017,spatial_0,train
27,basf-wheat-diseases|11|2017,era5loc_c36c557e4afc,era5loc_c36c557e4afc|2017,spatial_0,train
28,basf-wheat-diseases|11|2017,era5loc_c36c557e4afc,era5loc_c36c557e4afc|2017,spatial_0,train
29,basf-wheat-diseases|11|2017,era5loc_c36c557e4afc,era5loc_c36c557e4afc|2017,spatial_0,train
30,basf-wheat-diseases|11|2017,era5loc_c36c557e4afc,era5loc_c36c557e4afc|2017,spatial_0,train
31,basf-wheat-diseases|11|2017,era5loc_c36c557e4afc,era5loc_c36c557e4afc|2017,spatial_0,train
32,basf-wheat-diseases|11|2017,era5loc_c36c557e4afc,era5loc_c36c557e4afc|2017,spatial_0,train
33,basf-wheat-diseases|11|2017,era5loc_c36c557e4afc,era5loc_c36c557e4afc|2017,spatial_0,train
34,basf-wheat-diseases|12|2017,era5loc_1db395a204c4,era5loc_1db395a204c4|2017,spatial_0,train
35,basf-wheat-diseases|12|2017,era5loc_1db395a204c4,era5loc_1db395a204c4|2017,spatial_0,train
36,basf-wheat-diseases|12|2017,era5loc_1db395a204c4,era5loc_1db395a204c4|2017,spatial_0,train
37,basf-wheat-diseases|12|2017,era5loc_1db395a204c4,era5loc_1db395a204c4|2017,spatial_0,train
38,basf-wheat-diseases|12|2017,era5loc_1db395a204c4,era5loc_1db395a204c4|2017,spatial_0,train
39,basf-wheat-diseases|12|2017,era5loc_1db395a204c4,era5loc_1db395a204c4|2017,spatial_0,train
40,basf-wheat-diseases|12|2017,era5loc_1db395a204c4,era5loc_1db395a204c4|2017,spatial_0,train
41,basf-wheat-diseases|12|2017,era5loc_1db395a204c4,era5loc_1db395a204c4|2017,spatial_0,train
42,basf-wheat-diseases|13|2017,era5loc_8b7743800935,era5loc_8b7743800935|2017,spatial_0,train
43,basf-wheat-diseases|13|2017,era5loc_8b7743800935,era5loc_8b7743800935|2017,spatial_0,train
44,basf-wheat-diseases|13|2017,era5loc_8b7743800935,era5loc_8b7743800935|2017,spatial_0,train
45,basf-wheat-diseases|13|2017,era5loc_8b7743800935,era5loc_8b7743800935|2017,spatial_0,train
46,basf-wheat-diseases|13|2017,era5loc_8b7743800935,era5loc_8b7743800935|2017,spatial_0,train
47,basf-wheat-diseases|13|2017,era5loc_8b7743800935,era5loc_8b7743800935|2017,spatial_0,train
48,basf-wheat-diseases|14|2017,era5loc_b4c23217b405,era5loc_b4c23217b405|2017,spatial_0,train
49,basf-wheat-diseases|14|2017,era5loc_b4c23217b405,era5loc_b4c23217b405|2017,spatial_0,train
52,basf-wheat-diseases|16|2017,era5loc_bedbc80cc600,era5loc_bedbc80cc600|2017,spatial_0,train
53,basf-wheat-diseases|16|2017,era5loc_bedbc80cc600,era5loc_bedbc80cc600|2017,spatial_0,train
54,basf-wheat-diseases|16|2017,era5loc_bedbc80cc600,era5loc_bedbc80cc600|2017,spatial_0,train
55,basf-wheat-diseases|16|2017,era5loc_bedbc80cc600,era5loc_bedbc80cc600|2017,spatial_0,train
56,basf-wheat-diseases|16|2017,era5loc_bedbc80cc600,era5loc_bedbc80cc600|2017,spatial_0,train
57,basf-wheat-diseases|16|2017,era5loc_bedbc80cc600,era5loc_bedbc80cc600|2017,spatial_0,train
58,basf-wheat-diseases|16|2017,era5loc_bedbc80cc600,era5loc_bedbc80cc600|2017,spatial_0,train
59,basf-wheat-diseases|16|2017,era5loc_bedbc80cc600,era5loc_bedbc80cc600|2017,spatial_0,train
100,basf-wheat-diseases|20|2017,era5loc_5ab5ca0b5fe3,era5loc_5ab5ca0b5fe3|2017,spatial_0,train
101,basf-wheat-diseases|20|2017,era5loc_5ab5ca0b5fe3,era5loc_5ab5ca0b5fe3|2017,spatial_0,train
102,basf-wheat-diseases|20|2017,era5loc_5ab5ca0b5fe3,era5loc_5ab5ca0b5fe3|2017,spatial_0,train
103,basf-wheat-diseases|20|2017,era5loc_5ab5ca0b5fe3,era5loc_5ab5ca0b5fe3|2017,spatial_0,train
104,basf-wheat-diseases|20|2017,era5loc_5ab5ca0b5fe3,era5loc_5ab5ca0b5fe3|2017,spatial_0,train
105,basf-wheat-diseases|20|2017,era5loc_5ab5ca0b5fe3,era5loc_5ab5ca0b5fe3|2017,spatial_0,train
106,basf-wheat-diseases|20|2017,era5loc_5ab5ca0b5fe3,era5loc_5ab5ca0b5fe3|2017,spatial_0,train
107,basf-wheat-diseases|20|2017,era5loc_5ab5ca0b5fe3,era5loc_5ab5ca0b5fe3|2017,spatial_0,train
108,basf-wheat-diseases|20|2017,era5loc_5ab5ca0b5fe3,era5loc_5ab5ca0b5fe3|2017,spatial_0,train
109,basf-wheat-diseases|20|2017,era5loc_5ab5ca0b5fe3,era5loc_5ab5ca0b5fe3|2017,spatial_0,train
110,basf-wheat-diseases|20|2017,era5loc_5ab5ca0b5fe3,era5loc_5ab5ca0b5fe3|2017,spatial_0,train
111,basf-wheat-diseases|20|2017,era5loc_5ab5ca0b5fe3,era5loc_5ab5ca0b5fe3|2017,spatial_0,train
112,basf-wheat-diseases|20|2017,era5loc_5ab5ca0b5fe3,era5loc_5ab5ca0b5fe3|2017,spatial_0,train
113,basf-wheat-diseases|20|2017,era5loc_5ab5ca0b5fe3,era5loc_5ab5ca0b5fe3|2017,spatial_0,train
114,basf-wheat-diseases|20|2017,era5loc_5ab5ca0b5fe3,era5loc_5ab5ca0b5fe3|2017,spatial_0,train
115,basf-wheat-diseases|23|2018,era5loc_d6117aa4523b,era5loc_d6117aa4523b|2018,spatial_0,train
116,basf-wheat-diseases|23|2018,era5loc_d6117aa4523b,era5loc_d6117aa4523b|2018,spatial_0,train
117,basf-wheat-diseases|23|2018,era5loc_d6117aa4523b,era5loc_d6117aa4523b|2018,spatial_0,train
118,basf-wheat-diseases|23|2018,era5loc_d6117aa4523b,era5loc_d6117aa4523b|2018,spatial_0,train
119,basf-wheat-diseases|23|2018,era5loc_d6117aa4523b,era5loc_d6117aa4523b|2018,spatial_0,train
120,basf-wheat-diseases|23|2018,era5loc_d6117aa4523b,era5loc_d6117aa4523b|2018,spatial_0,train
121,basf-wheat-diseases|23|2018,era5loc_d6117aa4523b,era5loc_d6117aa4523b|2018,spatial_0,train
122,basf-wheat-diseases|23|2018,era5loc_d6117aa4523b,era5loc_d6117aa4523b|2018,spatial_0,train
123,basf-wheat-diseases|23|2018,era5loc_d6117aa4523b,era5loc_d6117aa4523b|2018,spatial_0,train
124,basf-wheat-diseases|24|2018,era5loc_c36c557e4afc,era5loc_c36c557e4afc|2018,spatial_0,train
125,basf-wheat-diseases|24|2018,era5loc_c36c557e4afc,era5loc_c36c557e4afc|2018,spatial_0,train
126,basf-wheat-diseases|24|2018,era5loc_c36c557e4afc,era5loc_c36c557e4afc|2018,spatial_0,train
127,basf-wheat-diseases|24|2018,era5loc_c36c557e4afc,era5loc_c36c557e4afc|2018,spatial_0,train
128,basf-wheat-diseases|24|2018,era5loc_c36c557e4afc,era5loc_c36c557e4afc|2018,spatial_0,train
129,basf-wheat-diseases|24|2018,era5loc_c36c557e4afc,era5loc_c36c557e4afc|2018,spatial_0,train
130,basf-wheat-diseases|24|2018,era5loc_c36c557e4afc,era5loc_c36c557e4afc|2018,spatial_0,train
131,basf-wheat-diseases|24|2018,era5loc_c36c557e4afc,era5loc_c36c557e4afc|2018,spatial_0,train
132,basf-wheat-diseases|25|2018,era5loc_2daae74efc65,era5loc_2daae74efc65|2018,spatial_0,train
133,basf-wheat-diseases|25|2018,era5loc_2daae74efc65,era5loc_2daae74efc65|2018,spatial_0,train
134,basf-wheat-diseases|25|2018,era5loc_2daae74efc65,era5loc_2daae74efc65|2018,spatial_0,train
135,basf-wheat-diseases|25|2018,era5loc_2daae74efc65,era5loc_2daae74efc65|2018,spatial_0,train
136,basf-wheat-diseases|25|2018,era5loc_2daae74efc65,era5loc_2daae74efc65|2018,spatial_0,train
137,basf-wheat-diseases|25|2018,era5loc_2daae74efc65,era5loc_2daae74efc65|2018,spatial_0,train
138,basf-wheat-diseases|25|2018,era5loc_2daae74efc65,era5loc_2daae74efc65|2018,spatial_0,train
139,basf-wheat-diseases|25|2018,era5loc_2daae74efc65,era5loc_2daae74efc65|2018,spatial_0,train
140,basf-wheat-diseases|25|2018,era5loc_2daae74efc65,era5loc_2daae74efc65|2018,spatial_0,train
141,basf-wheat-diseases|25|2018,era5loc_2daae74efc65,era5loc_2daae74efc65|2018,spatial_0,train
149,basf-wheat-diseases|27|2018,era5loc_1fa43db2787c,era5loc_1fa43db2787c|2018,spatial_0,train
150,basf-wheat-diseases|27|2018,era5loc_1fa43db2787c,era5loc_1fa43db2787c|2018,spatial_0,train
151,basf-wheat-diseases|27|2018,era5loc_1fa43db2787c,era5loc_1fa43db2787c|2018,spatial_0,train
152,basf-wheat-diseases|27|2018,era5loc_1fa43db2787c,era5loc_1fa43db2787c|2018,spatial_0,train
153,basf-wheat-diseases|27|2018,era5loc_1fa43db2787c,era5loc_1fa43db2787c|2018,spatial_0,train
154,basf-wheat-diseases|27|2018,era5loc_1fa43db2787c,era5loc_1fa43db2787c|2018,spatial_0,train
155,basf-wheat-diseases|27|2018,era5loc_1fa43db2787c,era5loc_1fa43db2787c|2018,spatial_0,train
156,basf-wheat-diseases|27|2018,era5loc_1fa43db2787c,era5loc_1fa43db2787c|2018,spatial_0,train
157,basf-wheat-diseases|27|2018,era5loc_1fa43db2787c,era5loc_1fa43db2787c|2018,spatial_0,train
158,basf-wheat-diseases|27|2018,era5loc_1fa43db2787c,era5loc_1fa43db2787c|2018,spatial_0,train
159,basf-wheat-diseases|28|2018,era5loc_b103a5cbfed5,era5loc_b103a5cbfed5|2018,spatial_0,train
160,basf-wheat-diseases|28|2018,era5loc_b103a5cbfed5,era5loc_b103a5cbfed5|2018,spatial_0,train
161,basf-wheat-diseases|28|2018,era5loc_b103a5cbfed5,era5loc_b103a5cbfed5|2018,spatial_0,train
162,basf-wheat-diseases|28|2018,era5loc_b103a5cbfed5,era5loc_b103a5cbfed5|2018,spatial_0,train
163,basf-wheat-diseases|28|2018,era5loc_b103a5cbfed5,era5loc_b103a5cbfed5|2018,spatial_0,train
164,basf-wheat-diseases|28|2018,era5loc_b103a5cbfed5,era5loc_b103a5cbfed5|2018,spatial_0,train
165,basf-wheat-diseases|28|2018,era5loc_b103a5cbfed5,era5loc_b103a5cbfed5|2018,spatial_0,train
166,basf-wheat-diseases|28|2018,era5loc_b103a5cbfed5,era5loc_b103a5cbfed5|2018,spatial_0,train
167,basf-wheat-diseases|28|2018,era5loc_b103a5cbfed5,era5loc_b103a5cbfed5|2018,spatial_0,train
168,basf-wheat-diseases|28|2018,era5loc_b103a5cbfed5,era5loc_b103a5cbfed5|2018,spatial_0,train
169,basf-wheat-diseases|28|2018,era5loc_b103a5cbfed5,era5loc_b103a5cbfed5|2018,spatial_0,train
170,basf-wheat-diseases|28|2018,era5loc_b103a5cbfed5,era5loc_b103a5cbfed5|2018,spatial_0,train
171,basf-wheat-diseases|28|2018,era5loc_b103a5cbfed5,era5loc_b103a5cbfed5|2018,spatial_0,train
172,basf-wheat-diseases|28|2018,era5loc_b103a5cbfed5,era5loc_b103a5cbfed5|2018,spatial_0,train
173,basf-wheat-diseases|28|2018,era5loc_b103a5cbfed5,era5loc_b103a5cbfed5|2018,spatial_0,train
174,basf-wheat-diseases|28|2018,era5loc_b103a5cbfed5,era5loc_b103a5cbfed5|2018,spatial_0,train
175,basf-wheat-diseases|28|2018,era5loc_b103a5cbfed5,era5loc_b103a5cbfed5|2018,spatial_0,train
182,basf-wheat-diseases|30|2018,era5loc_300f965a2c3d,era5loc_300f965a2c3d|2018,spatial_0,train
183,basf-wheat-diseases|30|2018,era5loc_300f965a2c3d,era5loc_300f965a2c3d|2018,spatial_0,train
184,basf-wheat-diseases|30|2018,era5loc_300f965a2c3d,era5loc_300f965a2c3d|2018,spatial_0,train
185,basf-wheat-diseases|30|2018,era5loc_300f965a2c3d,era5loc_300f965a2c3d|2018,spatial_0,train
186,basf-wheat-diseases|30|2018,era5loc_300f965a2c3d,era5loc_300f965a2c3d|2018,spatial_0,train
187,basf-wheat-diseases|30|2018,era5loc_300f965a2c3d,era5loc_300f965a2c3d|2018,spatial_0,train
188,basf-wheat-diseases|30|2018,era5loc_300f965a2c3d,era5loc_300f965a2c3d|2018,spatial_0,train
268,basf-wheat-diseases|4|2017,era5loc_a3b551fcca14,era5loc_a3b551fcca14|2017,spatial_0,train
269,basf-wheat-diseases|4|2017,era5loc_a3b551fcca14,era5loc_a3b551fcca14|2017,spatial_0,train
270,basf-wheat-diseases|4|2017,era5loc_a3b551fcca14,era5loc_a3b551fcca14|2017,spatial_0,train
271,basf-wheat-diseases|4|2017,era5loc_a3b551fcca14,era5loc_a3b551fcca14|2017,spatial_0,train
272,basf-wheat-diseases|4|2017,era5loc_a3b551fcca14,era5loc_a3b551fcca14|2017,spatial_0,train
273,basf-wheat-diseases|4|2017,era5loc_a3b551fcca14,era5loc_a3b551fcca14|2017,spatial_0,train
274,basf-wheat-diseases|4|2017,era5loc_a3b551fcca14,era5loc_a3b551fcca14|2017,spatial_0,train
275,basf-wheat-diseases|4|2017,era5loc_a3b551fcca14,era5loc_a3b551fcca14|2017,spatial_0,train
276,basf-wheat-diseases|4|2017,era5loc_a3b551fcca14,era5loc_a3b551fcca14|2017,spatial_0,train
277,basf-wheat-diseases|4|2017,era5loc_a3b551fcca14,era5loc_a3b551fcca14|2017,spatial_0,train
278,basf-wheat-diseases|4|2017,era5loc_a3b551fcca14,era5loc_a3b551fcca14|2017,spatial_0,train
279,basf-wheat-diseases|4|2017,era5loc_a3b551fcca14,era5loc_a3b551fcca14|2017,spatial_0,train
357,basf-wheat-diseases|5|2017,era5loc_d4b920707d9f,era5loc_d4b920707d9f|2017,spatial_0,train
358,basf-wheat-diseases|5|2017,era5loc_d4b920707d9f,era5loc_d4b920707d9f|2017,spatial_0,train
359,basf-wheat-diseases|5|2017,era5loc_d4b920707d9f,era5loc_d4b920707d9f|2017,spatial_0,train
360,basf-wheat-diseases|5|2017,era5loc_d4b920707d9f,era5loc_d4b920707d9f|2017,spatial_0,train
361,basf-wheat-diseases|5|2017,era5loc_d4b920707d9f,era5loc_d4b920707d9f|2017,spatial_0,train
362,basf-wheat-diseases|5|2017,era5loc_d4b920707d9f,era5loc_d4b920707d9f|2017,spatial_0,train
363,basf-wheat-diseases|5|2017,era5loc_d4b920707d9f,era5loc_d4b920707d9f|2017,spatial_0,train
364,basf-wheat-diseases|5|2017,era5loc_d4b920707d9f,era5loc_d4b920707d9f|2017,spatial_0,train
365,basf-wheat-diseases|5|2017,era5loc_d4b920707d9f,era5loc_d4b920707d9f|2017,spatial_0,train
366,basf-wheat-diseases|5|2017,era5loc_d4b920707d9f,era5loc_d4b920707d9f|2017,spatial_0,train
367,basf-wheat-diseases|5|2017,era5loc_d4b920707d9f,era5loc_d4b920707d9f|2017,spatial_0,train
368,basf-wheat-diseases|5|2017,era5loc_d4b920707d9f,era5loc_d4b920707d9f|2017,spatial_0,train
369,basf-wheat-diseases|5|2017,era5loc_d4b920707d9f,era5loc_d4b920707d9f|2017,spatial_0,train
370,basf-wheat-diseases|5|2017,era5loc_d4b920707d9f,era5loc_d4b920707d9f|2017,spatial_0,train
371,basf-wheat-diseases|5|2017,era5loc_d4b920707d9f,era5loc_d4b920707d9f|2017,spatial_0,train
372,basf-wheat-diseases|5|2017,era5loc_d4b920707d9f,era5loc_d4b920707d9f|2017,spatial_0,train
373,basf-wheat-diseases|5|2017,era5loc_d4b920707d9f,era5loc_d4b920707d9f|2017,spatial_0,train
411,basf-wheat-diseases|6|2017,era5loc_374089cedfa0,era5loc_374089cedfa0|2017,spatial_0,train
412,basf-wheat-diseases|6|2017,era5loc_374089cedfa0,era5loc_374089cedfa0|2017,spatial_0,train
413,basf-wheat-diseases|6|2017,era5loc_374089cedfa0,era5loc_374089cedfa0|2017,spatial_0,train
414,basf-wheat-diseases|6|2017,era5loc_374089cedfa0,era5loc_374089cedfa0|2017,spatial_0,train
415,basf-wheat-diseases|6|2017,era5loc_374089cedfa0,era5loc_374089cedfa0|2017,spatial_0,train
416,basf-wheat-diseases|6|2017,era5loc_374089cedfa0,era5loc_374089cedfa0|2017,spatial_0,train
417,basf-wheat-diseases|6|2017,era5loc_374089cedfa0,era5loc_374089cedfa0|2017,spatial_0,train
418,basf-wheat-diseases|6|2017,era5loc_374089cedfa0,era5loc_374089cedfa0|2017,spatial_0,train
419,basf-wheat-diseases|6|2017,era5loc_374089cedfa0,era5loc_374089cedfa0|2017,spatial_0,train
494,basf-wheat-diseases|7|2017,era5loc_fc0f9359f228,era5loc_fc0f9359f228|2017,spatial_0,train
495,basf-wheat-diseases|7|2017,era5loc_fc0f9359f228,era5loc_fc0f9359f228|2017,spatial_0,train
496,basf-wheat-diseases|7|2017,era5loc_fc0f9359f228,era5loc_fc0f9359f228|2017,spatial_0,train
497,basf-wheat-diseases|7|2017,era5loc_fc0f9359f228,era5loc_fc0f9359f228|2017,spatial_0,train
498,basf-wheat-diseases|7|2017,era5loc_fc0f9359f228,era5loc_fc0f9359f228|2017,spatial_0,train
499,basf-wheat-diseases|7|2017,era5loc_fc0f9359f228,era5loc_fc0f9359f228|2017,spatial_0,train
500,basf-wheat-diseases|7|2017,era5loc_fc0f9359f228,era5loc_fc0f9359f228|2017,spatial_0,train
568,basf-wheat-diseases|8|2017,era5loc_d6117aa4523b,era5loc_d6117aa4523b|2017,spatial_0,train
569,basf-wheat-diseases|8|2017,era5loc_d6117aa4523b,era5loc_d6117aa4523b|2017,spatial_0,train
570,basf-wheat-diseases|8|2017,era5loc_d6117aa4523b,era5loc_d6117aa4523b|2017,spatial_0,train
571,basf-wheat-diseases|8|2017,era5loc_d6117aa4523b,era5loc_d6117aa4523b|2017,spatial_0,train
572,basf-wheat-diseases|8|2017,era5loc_d6117aa4523b,era5loc_d6117aa4523b|2017,spatial_0,train
573,basf-wheat-diseases|8|2017,era5loc_d6117aa4523b,era5loc_d6117aa4523b|2017,spatial_0,train
574,basf-wheat-diseases|8|2017,era5loc_d6117aa4523b,era5loc_d6117aa4523b|2017,spatial_0,train
575,basf-wheat-diseases|8|2017,era5loc_d6117aa4523b,era5loc_d6117aa4523b|2017,spatial_0,train
0,basf-wheat-diseases|1|2017,era5loc_dd89cccfc605,era5loc_dd89cccfc605|2017,spatial_0,validation
1,basf-wheat-diseases|1|2017,era5loc_dd89cccfc605,era5loc_dd89cccfc605|2017,spatial_0,validation
2,basf-wheat-diseases|1|2017,era5loc_dd89cccfc605,era5loc_dd89cccfc605|2017,spatial_0,validation
3,basf-wheat-diseases|1|2017,era5loc_dd89cccfc605,era5loc_dd89cccfc605|2017,spatial_0,validation
4,basf-wheat-diseases|1|2017,era5loc_dd89cccfc605,era5loc_dd89cccfc605|2017,spatial_0,validation
5,basf-wheat-diseases|1|2017,era5loc_dd89cccfc605,era5loc_dd89cccfc605|2017,spatial_0,validation
6,basf-wheat-diseases|1|2017,era5loc_dd89cccfc605,era5loc_dd89cccfc605|2017,spatial_0,validation
7,basf-wheat-diseases|1|2017,era5loc_dd89cccfc605,era5loc_dd89cccfc605|2017,spatial_0,validation
8,basf-wheat-diseases|1|2017,era5loc_dd89cccfc605,era5loc_dd89cccfc605|2017,spatial_0,validation
9,basf-wheat-diseases|1|2017,era5loc_dd89cccfc605,era5loc_dd89cccfc605|2017,spatial_0,validation
10,basf-wheat-diseases|1|2017,era5loc_dd89cccfc605,era5loc_dd89cccfc605|2017,spatial_0,validation
11,basf-wheat-diseases|1|2017,era5loc_dd89cccfc605,era5loc_dd89cccfc605|2017,spatial_0,validation
12,basf-wheat-diseases|1|2017,era5loc_dd89cccfc605,era5loc_dd89cccfc605|2017,spatial_0,validation
50,basf-wheat-diseases|15|2017,era5loc_01117578be52,era5loc_01117578be52|2017,spatial_0,validation
51,basf-wheat-diseases|15|2017,era5loc_01117578be52,era5loc_01117578be52|2017,spatial_0,validation
60,basf-wheat-diseases|17|2017,era5loc_c273764268e2,era5loc_c273764268e2|2017,spatial_0,validation
61,basf-wheat-diseases|18|2017,era5loc_6687f40ce729,era5loc_6687f40ce729|2017,spatial_0,validation
62,basf-wheat-diseases|18|2017,era5loc_6687f40ce729,era5loc_6687f40ce729|2017,spatial_0,validation
63,basf-wheat-diseases|18|2017,era5loc_6687f40ce729,era5loc_6687f40ce729|2017,spatial_0,validation
64,basf-wheat-diseases|18|2017,era5loc_6687f40ce729,era5loc_6687f40ce729|2017,spatial_0,validation
65,basf-wheat-diseases|18|2017,era5loc_6687f40ce729,era5loc_6687f40ce729|2017,spatial_0,validation
66,basf-wheat-diseases|18|2017,era5loc_6687f40ce729,era5loc_6687f40ce729|2017,spatial_0,validation
67,basf-wheat-diseases|18|2017,era5loc_6687f40ce729,era5loc_6687f40ce729|2017,spatial_0,validation
68,basf-wheat-diseases|18|2017,era5loc_6687f40ce729,era5loc_6687f40ce729|2017,spatial_0,validation
69,basf-wheat-diseases|18|2017,era5loc_6687f40ce729,era5loc_6687f40ce729|2017,spatial_0,validation
70,basf-wheat-diseases|18|2017,era5loc_6687f40ce729,era5loc_6687f40ce729|2017,spatial_0,validation
71,basf-wheat-diseases|18|2017,era5loc_6687f40ce729,era5loc_6687f40ce729|2017,spatial_0,validation
72,basf-wheat-diseases|19|2017,era5loc_ff52f903fe18,era5loc_ff52f903fe18|2017,spatial_0,validation
73,basf-wheat-diseases|19|2017,era5loc_ff52f903fe18,era5loc_ff52f903fe18|2017,spatial_0,validation
74,basf-wheat-diseases|19|2017,era5loc_ff52f903fe18,era5loc_ff52f903fe18|2017,spatial_0,validation
75,basf-wheat-diseases|19|2017,era5loc_ff52f903fe18,era5loc_ff52f903fe18|2017,spatial_0,validation
76,basf-wheat-diseases|19|2017,era5loc_ff52f903fe18,era5loc_ff52f903fe18|2017,spatial_0,validation
77,basf-wheat-diseases|19|2017,era5loc_ff52f903fe18,era5loc_ff52f903fe18|2017,spatial_0,validation
78,basf-wheat-diseases|19|2017,era5loc_ff52f903fe18,era5loc_ff52f903fe18|2017,spatial_0,validation
79,basf-wheat-diseases|19|2017,era5loc_ff52f903fe18,era5loc_ff52f903fe18|2017,spatial_0,validation
80,basf-wheat-diseases|19|2017,era5loc_ff52f903fe18,era5loc_ff52f903fe18|2017,spatial_0,validation
81,basf-wheat-diseases|19|2017,era5loc_ff52f903fe18,era5loc_ff52f903fe18|2017,spatial_0,validation
82,basf-wheat-diseases|19|2017,era5loc_ff52f903fe18,era5loc_ff52f903fe18|2017,spatial_0,validation
83,basf-wheat-diseases|19|2017,era5loc_ff52f903fe18,era5loc_ff52f903fe18|2017,spatial_0,validation
84,basf-wheat-diseases|19|2017,era5loc_ff52f903fe18,era5loc_ff52f903fe18|2017,spatial_0,validation
85,basf-wheat-diseases|19|2017,era5loc_ff52f903fe18,era5loc_ff52f903fe18|2017,spatial_0,validation
86,basf-wheat-diseases|19|2017,era5loc_ff52f903fe18,era5loc_ff52f903fe18|2017,spatial_0,validation
87,basf-wheat-diseases|2|2017,era5loc_98874af9c8d8,era5loc_98874af9c8d8|2017,spatial_0,validation
88,basf-wheat-diseases|2|2017,era5loc_98874af9c8d8,era5loc_98874af9c8d8|2017,spatial_0,validation
89,basf-wheat-diseases|2|2017,era5loc_98874af9c8d8,era5loc_98874af9c8d8|2017,spatial_0,validation
90,basf-wheat-diseases|2|2017,era5loc_98874af9c8d8,era5loc_98874af9c8d8|2017,spatial_0,validation
91,basf-wheat-diseases|2|2017,era5loc_98874af9c8d8,era5loc_98874af9c8d8|2017,spatial_0,validation
92,basf-wheat-diseases|2|2017,era5loc_98874af9c8d8,era5loc_98874af9c8d8|2017,spatial_0,validation
93,basf-wheat-diseases|2|2017,era5loc_98874af9c8d8,era5loc_98874af9c8d8|2017,spatial_0,validation
94,basf-wheat-diseases|2|2017,era5loc_98874af9c8d8,era5loc_98874af9c8d8|2017,spatial_0,validation
95,basf-wheat-diseases|2|2017,era5loc_98874af9c8d8,era5loc_98874af9c8d8|2017,spatial_0,validation
96,basf-wheat-diseases|2|2017,era5loc_98874af9c8d8,era5loc_98874af9c8d8|2017,spatial_0,validation
97,basf-wheat-diseases|2|2017,era5loc_98874af9c8d8,era5loc_98874af9c8d8|2017,spatial_0,validation
98,basf-wheat-diseases|2|2017,era5loc_98874af9c8d8,era5loc_98874af9c8d8|2017,spatial_0,validation
99,basf-wheat-diseases|2|2017,era5loc_98874af9c8d8,era5loc_98874af9c8d8|2017,spatial_0,validation
142,basf-wheat-diseases|26|2018,era5loc_cd0793ddaa5d,era5loc_cd0793ddaa5d|2018,spatial_0,validation
143,basf-wheat-diseases|26|2018,era5loc_cd0793ddaa5d,era5loc_cd0793ddaa5d|2018,spatial_0,validation
144,basf-wheat-diseases|26|2018,era5loc_cd0793ddaa5d,era5loc_cd0793ddaa5d|2018,spatial_0,validation
145,basf-wheat-diseases|26|2018,era5loc_cd0793ddaa5d,era5loc_cd0793ddaa5d|2018,spatial_0,validation
146,basf-wheat-diseases|26|2018,era5loc_cd0793ddaa5d,era5loc_cd0793ddaa5d|2018,spatial_0,validation
147,basf-wheat-diseases|26|2018,era5loc_cd0793ddaa5d,era5loc_cd0793ddaa5d|2018,spatial_0,validation
148,basf-wheat-diseases|26|2018,era5loc_cd0793ddaa5d,era5loc_cd0793ddaa5d|2018,spatial_0,validation
176,basf-wheat-diseases|29|2018,era5loc_c273764268e2,era5loc_c273764268e2|2018,spatial_0,validation
177,basf-wheat-diseases|29|2018,era5loc_c273764268e2,era5loc_c273764268e2|2018,spatial_0,validation
178,basf-wheat-diseases|29|2018,era5loc_c273764268e2,era5loc_c273764268e2|2018,spatial_0,validation
179,basf-wheat-diseases|29|2018,era5loc_c273764268e2,era5loc_c273764268e2|2018,spatial_0,validation
180,basf-wheat-diseases|29|2018,era5loc_c273764268e2,era5loc_c273764268e2|2018,spatial_0,validation
181,basf-wheat-diseases|29|2018,era5loc_c273764268e2,era5loc_c273764268e2|2018,spatial_0,validation
564,basf-wheat-diseases|76|2017,era5loc_6687f40ce729,era5loc_6687f40ce729|2017,spatial_0,validation
565,basf-wheat-diseases|76|2017,era5loc_6687f40ce729,era5loc_6687f40ce729|2017,spatial_0,validation
566,basf-wheat-diseases|76|2017,era5loc_6687f40ce729,era5loc_6687f40ce729|2017,spatial_0,validation
567,basf-wheat-diseases|76|2017,era5loc_6687f40ce729,era5loc_6687f40ce729|2017,spatial_0,validation
576,basf-wheat-diseases|9|2017,era5loc_23eef231ea98,era5loc_23eef231ea98|2017,spatial_0,validation
577,basf-wheat-diseases|9|2017,era5loc_23eef231ea98,era5loc_23eef231ea98|2017,spatial_0,validation
578,basf-wheat-diseases|9|2017,era5loc_23eef231ea98,era5loc_23eef231ea98|2017,spatial_0,validation
579,basf-wheat-diseases|9|2017,era5loc_23eef231ea98,era5loc_23eef231ea98|2017,spatial_0,validation
580,basf-wheat-diseases|9|2017,era5loc_23eef231ea98,era5loc_23eef231ea98|2017,spatial_0,validation
581,basf-wheat-diseases|9|2017,era5loc_23eef231ea98,era5loc_23eef231ea98|2017,spatial_0,validation
582,basf-wheat-diseases|9|2017,era5loc_23eef231ea98,era5loc_23eef231ea98|2017,spatial_0,validation
583,basf-wheat-diseases|9|2017,era5loc_23eef231ea98,era5loc_23eef231ea98|2017,spatial_0,validation
0,basf-wheat-diseases|1|2017,era5loc_dd89cccfc605,era5loc_dd89cccfc605|2017,spatial_1,train
1,basf-wheat-diseases|1|2017,era5loc_dd89cccfc605,era5loc_dd89cccfc605|2017,spatial_1,train
2,basf-wheat-diseases|1|2017,era5loc_dd89cccfc605,era5loc_dd89cccfc605|2017,spatial_1,train
3,basf-wheat-diseases|1|2017,era5loc_dd89cccfc605,era5loc_dd89cccfc605|2017,spatial_1,train
4,basf-wheat-diseases|1|2017,era5loc_dd89cccfc605,era5loc_dd89cccfc605|2017,spatial_1,train
5,basf-wheat-diseases|1|2017,era5loc_dd89cccfc605,era5loc_dd89cccfc605|2017,spatial_1,train
6,basf-wheat-diseases|1|2017,era5loc_dd89cccfc605,era5loc_dd89cccfc605|2017,spatial_1,train
7,basf-wheat-diseases|1|2017,era5loc_dd89cccfc605,era5loc_dd89cccfc605|2017,spatial_1,train
8,basf-wheat-diseases|1|2017,era5loc_dd89cccfc605,era5loc_dd89cccfc605|2017,spatial_1,train
9,basf-wheat-diseases|1|2017,era5loc_dd89cccfc605,era5loc_dd89cccfc605|2017,spatial_1,train
10,basf-wheat-diseases|1|2017,era5loc_dd89cccfc605,era5loc_dd89cccfc605|2017,spatial_1,train
11,basf-wheat-diseases|1|2017,era5loc_dd89cccfc605,era5loc_dd89cccfc605|2017,spatial_1,train
12,basf-wheat-diseases|1|2017,era5loc_dd89cccfc605,era5loc_dd89cccfc605|2017,spatial_1,train
42,basf-wheat-diseases|13|2017,era5loc_8b7743800935,era5loc_8b7743800935|2017,spatial_1,train
43,basf-wheat-diseases|13|2017,era5loc_8b7743800935,era5loc_8b7743800935|2017,spatial_1,train
44,basf-wheat-diseases|13|2017,era5loc_8b7743800935,era5loc_8b7743800935|2017,spatial_1,train
45,basf-wheat-diseases|13|2017,era5loc_8b7743800935,era5loc_8b7743800935|2017,spatial_1,train
46,basf-wheat-diseases|13|2017,era5loc_8b7743800935,era5loc_8b7743800935|2017,spatial_1,train
47,basf-wheat-diseases|13|2017,era5loc_8b7743800935,era5loc_8b7743800935|2017,spatial_1,train
50,basf-wheat-diseases|15|2017,era5loc_01117578be52,era5loc_01117578be52|2017,spatial_1,train
51,basf-wheat-diseases|15|2017,era5loc_01117578be52,era5loc_01117578be52|2017,spatial_1,train
60,basf-wheat-diseases|17|2017,era5loc_c273764268e2,era5loc_c273764268e2|2017,spatial_1,train
61,basf-wheat-diseases|18|2017,era5loc_6687f40ce729,era5loc_6687f40ce729|2017,spatial_1,train
62,basf-wheat-diseases|18|2017,era5loc_6687f40ce729,era5loc_6687f40ce729|2017,spatial_1,train
63,basf-wheat-diseases|18|2017,era5loc_6687f40ce729,era5loc_6687f40ce729|2017,spatial_1,train
64,basf-wheat-diseases|18|2017,era5loc_6687f40ce729,era5loc_6687f40ce729|2017,spatial_1,train
65,basf-wheat-diseases|18|2017,era5loc_6687f40ce729,era5loc_6687f40ce729|2017,spatial_1,train
66,basf-wheat-diseases|18|2017,era5loc_6687f40ce729,era5loc_6687f40ce729|2017,spatial_1,train
67,basf-wheat-diseases|18|2017,era5loc_6687f40ce729,era5loc_6687f40ce729|2017,spatial_1,train
68,basf-wheat-diseases|18|2017,era5loc_6687f40ce729,era5loc_6687f40ce729|2017,spatial_1,train
69,basf-wheat-diseases|18|2017,era5loc_6687f40ce729,era5loc_6687f40ce729|2017,spatial_1,train
70,basf-wheat-diseases|18|2017,era5loc_6687f40ce729,era5loc_6687f40ce729|2017,spatial_1,train
71,basf-wheat-diseases|18|2017,era5loc_6687f40ce729,era5loc_6687f40ce729|2017,spatial_1,train
72,basf-wheat-diseases|19|2017,era5loc_ff52f903fe18,era5loc_ff52f903fe18|2017,spatial_1,train
73,basf-wheat-diseases|19|2017,era5loc_ff52f903fe18,era5loc_ff52f903fe18|2017,spatial_1,train
74,basf-wheat-diseases|19|2017,era5loc_ff52f903fe18,era5loc_ff52f903fe18|2017,spatial_1,train
75,basf-wheat-diseases|19|2017,era5loc_ff52f903fe18,era5loc_ff52f903fe18|2017,spatial_1,train
76,basf-wheat-diseases|19|2017,era5loc_ff52f903fe18,era5loc_ff52f903fe18|2017,spatial_1,train
77,basf-wheat-diseases|19|2017,era5loc_ff52f903fe18,era5loc_ff52f903fe18|2017,spatial_1,train
78,basf-wheat-diseases|19|2017,era5loc_ff52f903fe18,era5loc_ff52f903fe18|2017,spatial_1,train
79,basf-wheat-diseases|19|2017,era5loc_ff52f903fe18,era5loc_ff52f903fe18|2017,spatial_1,train
80,basf-wheat-diseases|19|2017,era5loc_ff52f903fe18,era5loc_ff52f903fe18|2017,spatial_1,train
81,basf-wheat-diseases|19|2017,era5loc_ff52f903fe18,era5loc_ff52f903fe18|2017,spatial_1,train
82,basf-wheat-diseases|19|2017,era5loc_ff52f903fe18,era5loc_ff52f903fe18|2017,spatial_1,train
83,basf-wheat-diseases|19|2017,era5loc_ff52f903fe18,era5loc_ff52f903fe18|2017,spatial_1,train
84,basf-wheat-diseases|19|2017,era5loc_ff52f903fe18,era5loc_ff52f903fe18|2017,spatial_1,train
85,basf-wheat-diseases|19|2017,era5loc_ff52f903fe18,era5loc_ff52f903fe18|2017,spatial_1,train
86,basf-wheat-diseases|19|2017,era5loc_ff52f903fe18,era5loc_ff52f903fe18|2017,spatial_1,train
87,basf-wheat-diseases|2|2017,era5loc_98874af9c8d8,era5loc_98874af9c8d8|2017,spatial_1,train
88,basf-wheat-diseases|2|2017,era5loc_98874af9c8d8,era5loc_98874af9c8d8|2017,spatial_1,train
89,basf-wheat-diseases|2|2017,era5loc_98874af9c8d8,era5loc_98874af9c8d8|2017,spatial_1,train
90,basf-wheat-diseases|2|2017,era5loc_98874af9c8d8,era5loc_98874af9c8d8|2017,spatial_1,train
91,basf-wheat-diseases|2|2017,era5loc_98874af9c8d8,era5loc_98874af9c8d8|2017,spatial_1,train
92,basf-wheat-diseases|2|2017,era5loc_98874af9c8d8,era5loc_98874af9c8d8|2017,spatial_1,train
93,basf-wheat-diseases|2|2017,era5loc_98874af9c8d8,era5loc_98874af9c8d8|2017,spatial_1,train
94,basf-wheat-diseases|2|2017,era5loc_98874af9c8d8,era5loc_98874af9c8d8|2017,spatial_1,train
95,basf-wheat-diseases|2|2017,era5loc_98874af9c8d8,era5loc_98874af9c8d8|2017,spatial_1,train
96,basf-wheat-diseases|2|2017,era5loc_98874af9c8d8,era5loc_98874af9c8d8|2017,spatial_1,train
97,basf-wheat-diseases|2|2017,era5loc_98874af9c8d8,era5loc_98874af9c8d8|2017,spatial_1,train
98,basf-wheat-diseases|2|2017,era5loc_98874af9c8d8,era5loc_98874af9c8d8|2017,spatial_1,train
99,basf-wheat-diseases|2|2017,era5loc_98874af9c8d8,era5loc_98874af9c8d8|2017,spatial_1,train
100,basf-wheat-diseases|20|2017,era5loc_5ab5ca0b5fe3,era5loc_5ab5ca0b5fe3|2017,spatial_1,train
101,basf-wheat-diseases|20|2017,era5loc_5ab5ca0b5fe3,era5loc_5ab5ca0b5fe3|2017,spatial_1,train
102,basf-wheat-diseases|20|2017,era5loc_5ab5ca0b5fe3,era5loc_5ab5ca0b5fe3|2017,spatial_1,train
103,basf-wheat-diseases|20|2017,era5loc_5ab5ca0b5fe3,era5loc_5ab5ca0b5fe3|2017,spatial_1,train
104,basf-wheat-diseases|20|2017,era5loc_5ab5ca0b5fe3,era5loc_5ab5ca0b5fe3|2017,spatial_1,train
105,basf-wheat-diseases|20|2017,era5loc_5ab5ca0b5fe3,era5loc_5ab5ca0b5fe3|2017,spatial_1,train
106,basf-wheat-diseases|20|2017,era5loc_5ab5ca0b5fe3,era5loc_5ab5ca0b5fe3|2017,spatial_1,train
107,basf-wheat-diseases|20|2017,era5loc_5ab5ca0b5fe3,era5loc_5ab5ca0b5fe3|2017,spatial_1,train
108,basf-wheat-diseases|20|2017,era5loc_5ab5ca0b5fe3,era5loc_5ab5ca0b5fe3|2017,spatial_1,train
109,basf-wheat-diseases|20|2017,era5loc_5ab5ca0b5fe3,era5loc_5ab5ca0b5fe3|2017,spatial_1,train
110,basf-wheat-diseases|20|2017,era5loc_5ab5ca0b5fe3,era5loc_5ab5ca0b5fe3|2017,spatial_1,train
111,basf-wheat-diseases|20|2017,era5loc_5ab5ca0b5fe3,era5loc_5ab5ca0b5fe3|2017,spatial_1,train
112,basf-wheat-diseases|20|2017,era5loc_5ab5ca0b5fe3,era5loc_5ab5ca0b5fe3|2017,spatial_1,train
113,basf-wheat-diseases|20|2017,era5loc_5ab5ca0b5fe3,era5loc_5ab5ca0b5fe3|2017,spatial_1,train
114,basf-wheat-diseases|20|2017,era5loc_5ab5ca0b5fe3,era5loc_5ab5ca0b5fe3|2017,spatial_1,train
142,basf-wheat-diseases|26|2018,era5loc_cd0793ddaa5d,era5loc_cd0793ddaa5d|2018,spatial_1,train
143,basf-wheat-diseases|26|2018,era5loc_cd0793ddaa5d,era5loc_cd0793ddaa5d|2018,spatial_1,train
144,basf-wheat-diseases|26|2018,era5loc_cd0793ddaa5d,era5loc_cd0793ddaa5d|2018,spatial_1,train
145,basf-wheat-diseases|26|2018,era5loc_cd0793ddaa5d,era5loc_cd0793ddaa5d|2018,spatial_1,train
146,basf-wheat-diseases|26|2018,era5loc_cd0793ddaa5d,era5loc_cd0793ddaa5d|2018,spatial_1,train
147,basf-wheat-diseases|26|2018,era5loc_cd0793ddaa5d,era5loc_cd0793ddaa5d|2018,spatial_1,train
148,basf-wheat-diseases|26|2018,era5loc_cd0793ddaa5d,era5loc_cd0793ddaa5d|2018,spatial_1,train
149,basf-wheat-diseases|27|2018,era5loc_1fa43db2787c,era5loc_1fa43db2787c|2018,spatial_1,train
150,basf-wheat-diseases|27|2018,era5loc_1fa43db2787c,era5loc_1fa43db2787c|2018,spatial_1,train
151,basf-wheat-diseases|27|2018,era5loc_1fa43db2787c,era5loc_1fa43db2787c|2018,spatial_1,train
152,basf-wheat-diseases|27|2018,era5loc_1fa43db2787c,era5loc_1fa43db2787c|2018,spatial_1,train
153,basf-wheat-diseases|27|2018,era5loc_1fa43db2787c,era5loc_1fa43db2787c|2018,spatial_1,train
154,basf-wheat-diseases|27|2018,era5loc_1fa43db2787c,era5loc_1fa43db2787c|2018,spatial_1,train
155,basf-wheat-diseases|27|2018,era5loc_1fa43db2787c,era5loc_1fa43db2787c|2018,spatial_1,train
156,basf-wheat-diseases|27|2018,era5loc_1fa43db2787c,era5loc_1fa43db2787c|2018,spatial_1,train
157,basf-wheat-diseases|27|2018,era5loc_1fa43db2787c,era5loc_1fa43db2787c|2018,spatial_1,train
158,basf-wheat-diseases|27|2018,era5loc_1fa43db2787c,era5loc_1fa43db2787c|2018,spatial_1,train
159,basf-wheat-diseases|28|2018,era5loc_b103a5cbfed5,era5loc_b103a5cbfed5|2018,spatial_1,train
160,basf-wheat-diseases|28|2018,era5loc_b103a5cbfed5,era5loc_b103a5cbfed5|2018,spatial_1,train
161,basf-wheat-diseases|28|2018,era5loc_b103a5cbfed5,era5loc_b103a5cbfed5|2018,spatial_1,train
162,basf-wheat-diseases|28|2018,era5loc_b103a5cbfed5,era5loc_b103a5cbfed5|2018,spatial_1,train
163,basf-wheat-diseases|28|2018,era5loc_b103a5cbfed5,era5loc_b103a5cbfed5|2018,spatial_1,train
164,basf-wheat-diseases|28|2018,era5loc_b103a5cbfed5,era5loc_b103a5cbfed5|2018,spatial_1,train
165,basf-wheat-diseases|28|2018,era5loc_b103a5cbfed5,era5loc_b103a5cbfed5|2018,spatial_1,train
166,basf-wheat-diseases|28|2018,era5loc_b103a5cbfed5,era5loc_b103a5cbfed5|2018,spatial_1,train
167,basf-wheat-diseases|28|2018,era5loc_b103a5cbfed5,era5loc_b103a5cbfed5|2018,spatial_1,train
168,basf-wheat-diseases|28|2018,era5loc_b103a5cbfed5,era5loc_b103a5cbfed5|2018,spatial_1,train
169,basf-wheat-diseases|28|2018,era5loc_b103a5cbfed5,era5loc_b103a5cbfed5|2018,spatial_1,train
170,basf-wheat-diseases|28|2018,era5loc_b103a5cbfed5,era5loc_b103a5cbfed5|2018,spatial_1,train
171,basf-wheat-diseases|28|2018,era5loc_b103a5cbfed5,era5loc_b103a5cbfed5|2018,spatial_1,train
172,basf-wheat-diseases|28|2018,era5loc_b103a5cbfed5,era5loc_b103a5cbfed5|2018,spatial_1,train
173,basf-wheat-diseases|28|2018,era5loc_b103a5cbfed5,era5loc_b103a5cbfed5|2018,spatial_1,train
174,basf-wheat-diseases|28|2018,era5loc_b103a5cbfed5,era5loc_b103a5cbfed5|2018,spatial_1,train
175,basf-wheat-diseases|28|2018,era5loc_b103a5cbfed5,era5loc_b103a5cbfed5|2018,spatial_1,train
176,basf-wheat-diseases|29|2018,era5loc_c273764268e2,era5loc_c273764268e2|2018,spatial_1,train
177,basf-wheat-diseases|29|2018,era5loc_c273764268e2,era5loc_c273764268e2|2018,spatial_1,train
178,basf-wheat-diseases|29|2018,era5loc_c273764268e2,era5loc_c273764268e2|2018,spatial_1,train
179,basf-wheat-diseases|29|2018,era5loc_c273764268e2,era5loc_c273764268e2|2018,spatial_1,train
180,basf-wheat-diseases|29|2018,era5loc_c273764268e2,era5loc_c273764268e2|2018,spatial_1,train
181,basf-wheat-diseases|29|2018,era5loc_c273764268e2,era5loc_c273764268e2|2018,spatial_1,train
182,basf-wheat-diseases|30|2018,era5loc_300f965a2c3d,era5loc_300f965a2c3d|2018,spatial_1,train
183,basf-wheat-diseases|30|2018,era5loc_300f965a2c3d,era5loc_300f965a2c3d|2018,spatial_1,train
184,basf-wheat-diseases|30|2018,era5loc_300f965a2c3d,era5loc_300f965a2c3d|2018,spatial_1,train
185,basf-wheat-diseases|30|2018,era5loc_300f965a2c3d,era5loc_300f965a2c3d|2018,spatial_1,train
186,basf-wheat-diseases|30|2018,era5loc_300f965a2c3d,era5loc_300f965a2c3d|2018,spatial_1,train
187,basf-wheat-diseases|30|2018,era5loc_300f965a2c3d,era5loc_300f965a2c3d|2018,spatial_1,train
188,basf-wheat-diseases|30|2018,era5loc_300f965a2c3d,era5loc_300f965a2c3d|2018,spatial_1,train
268,basf-wheat-diseases|4|2017,era5loc_a3b551fcca14,era5loc_a3b551fcca14|2017,spatial_1,train
269,basf-wheat-diseases|4|2017,era5loc_a3b551fcca14,era5loc_a3b551fcca14|2017,spatial_1,train
270,basf-wheat-diseases|4|2017,era5loc_a3b551fcca14,era5loc_a3b551fcca14|2017,spatial_1,train
271,basf-wheat-diseases|4|2017,era5loc_a3b551fcca14,era5loc_a3b551fcca14|2017,spatial_1,train
272,basf-wheat-diseases|4|2017,era5loc_a3b551fcca14,era5loc_a3b551fcca14|2017,spatial_1,train
273,basf-wheat-diseases|4|2017,era5loc_a3b551fcca14,era5loc_a3b551fcca14|2017,spatial_1,train
274,basf-wheat-diseases|4|2017,era5loc_a3b551fcca14,era5loc_a3b551fcca14|2017,spatial_1,train
275,basf-wheat-diseases|4|2017,era5loc_a3b551fcca14,era5loc_a3b551fcca14|2017,spatial_1,train
276,basf-wheat-diseases|4|2017,era5loc_a3b551fcca14,era5loc_a3b551fcca14|2017,spatial_1,train
277,basf-wheat-diseases|4|2017,era5loc_a3b551fcca14,era5loc_a3b551fcca14|2017,spatial_1,train
278,basf-wheat-diseases|4|2017,era5loc_a3b551fcca14,era5loc_a3b551fcca14|2017,spatial_1,train
279,basf-wheat-diseases|4|2017,era5loc_a3b551fcca14,era5loc_a3b551fcca14|2017,spatial_1,train
357,basf-wheat-diseases|5|2017,era5loc_d4b920707d9f,era5loc_d4b920707d9f|2017,spatial_1,train
358,basf-wheat-diseases|5|2017,era5loc_d4b920707d9f,era5loc_d4b920707d9f|2017,spatial_1,train
359,basf-wheat-diseases|5|2017,era5loc_d4b920707d9f,era5loc_d4b920707d9f|2017,spatial_1,train
360,basf-wheat-diseases|5|2017,era5loc_d4b920707d9f,era5loc_d4b920707d9f|2017,spatial_1,train
361,basf-wheat-diseases|5|2017,era5loc_d4b920707d9f,era5loc_d4b920707d9f|2017,spatial_1,train
362,basf-wheat-diseases|5|2017,era5loc_d4b920707d9f,era5loc_d4b920707d9f|2017,spatial_1,train
363,basf-wheat-diseases|5|2017,era5loc_d4b920707d9f,era5loc_d4b920707d9f|2017,spatial_1,train
364,basf-wheat-diseases|5|2017,era5loc_d4b920707d9f,era5loc_d4b920707d9f|2017,spatial_1,train
365,basf-wheat-diseases|5|2017,era5loc_d4b920707d9f,era5loc_d4b920707d9f|2017,spatial_1,train
366,basf-wheat-diseases|5|2017,era5loc_d4b920707d9f,era5loc_d4b920707d9f|2017,spatial_1,train
367,basf-wheat-diseases|5|2017,era5loc_d4b920707d9f,era5loc_d4b920707d9f|2017,spatial_1,train
368,basf-wheat-diseases|5|2017,era5loc_d4b920707d9f,era5loc_d4b920707d9f|2017,spatial_1,train
369,basf-wheat-diseases|5|2017,era5loc_d4b920707d9f,era5loc_d4b920707d9f|2017,spatial_1,train
370,basf-wheat-diseases|5|2017,era5loc_d4b920707d9f,era5loc_d4b920707d9f|2017,spatial_1,train
371,basf-wheat-diseases|5|2017,era5loc_d4b920707d9f,era5loc_d4b920707d9f|2017,spatial_1,train
372,basf-wheat-diseases|5|2017,era5loc_d4b920707d9f,era5loc_d4b920707d9f|2017,spatial_1,train
373,basf-wheat-diseases|5|2017,era5loc_d4b920707d9f,era5loc_d4b920707d9f|2017,spatial_1,train
564,basf-wheat-diseases|76|2017,era5loc_6687f40ce729,era5loc_6687f40ce729|2017,spatial_1,train
565,basf-wheat-diseases|76|2017,era5loc_6687f40ce729,era5loc_6687f40ce729|2017,spatial_1,train
566,basf-wheat-diseases|76|2017,era5loc_6687f40ce729,era5loc_6687f40ce729|2017,spatial_1,train
567,basf-wheat-diseases|76|2017,era5loc_6687f40ce729,era5loc_6687f40ce729|2017,spatial_1,train
576,basf-wheat-diseases|9|2017,era5loc_23eef231ea98,era5loc_23eef231ea98|2017,spatial_1,train
577,basf-wheat-diseases|9|2017,era5loc_23eef231ea98,era5loc_23eef231ea98|2017,spatial_1,train
578,basf-wheat-diseases|9|2017,era5loc_23eef231ea98,era5loc_23eef231ea98|2017,spatial_1,train
579,basf-wheat-diseases|9|2017,era5loc_23eef231ea98,era5loc_23eef231ea98|2017,spatial_1,train
580,basf-wheat-diseases|9|2017,era5loc_23eef231ea98,era5loc_23eef231ea98|2017,spatial_1,train
581,basf-wheat-diseases|9|2017,era5loc_23eef231ea98,era5loc_23eef231ea98|2017,spatial_1,train
582,basf-wheat-diseases|9|2017,era5loc_23eef231ea98,era5loc_23eef231ea98|2017,spatial_1,train
583,basf-wheat-diseases|9|2017,era5loc_23eef231ea98,era5loc_23eef231ea98|2017,spatial_1,train
13,basf-wheat-diseases|10|2017,era5loc_d6117aa4523b,era5loc_d6117aa4523b|2017,spatial_1,validation
14,basf-wheat-diseases|10|2017,era5loc_d6117aa4523b,era5loc_d6117aa4523b|2017,spatial_1,validation
15,basf-wheat-diseases|10|2017,era5loc_d6117aa4523b,era5loc_d6117aa4523b|2017,spatial_1,validation
16,basf-wheat-diseases|10|2017,era5loc_d6117aa4523b,era5loc_d6117aa4523b|2017,spatial_1,validation
17,basf-wheat-diseases|10|2017,era5loc_d6117aa4523b,era5loc_d6117aa4523b|2017,spatial_1,validation
18,basf-wheat-diseases|10|2017,era5loc_d6117aa4523b,era5loc_d6117aa4523b|2017,spatial_1,validation
19,basf-wheat-diseases|10|2017,era5loc_d6117aa4523b,era5loc_d6117aa4523b|2017,spatial_1,validation
20,basf-wheat-diseases|10|2017,era5loc_d6117aa4523b,era5loc_d6117aa4523b|2017,spatial_1,validation
21,basf-wheat-diseases|10|2017,era5loc_d6117aa4523b,era5loc_d6117aa4523b|2017,spatial_1,validation
22,basf-wheat-diseases|10|2017,era5loc_d6117aa4523b,era5loc_d6117aa4523b|2017,spatial_1,validation
23,basf-wheat-diseases|11|2017,era5loc_c36c557e4afc,era5loc_c36c557e4afc|2017,spatial_1,validation
24,basf-wheat-diseases|11|2017,era5loc_c36c557e4afc,era5loc_c36c557e4afc|2017,spatial_1,validation
25,basf-wheat-diseases|11|2017,era5loc_c36c557e4afc,era5loc_c36c557e4afc|2017,spatial_1,validation
26,basf-wheat-diseases|11|2017,era5loc_c36c557e4afc,era5loc_c36c557e4afc|2017,spatial_1,validation
27,basf-wheat-diseases|11|2017,era5loc_c36c557e4afc,era5loc_c36c557e4afc|2017,spatial_1,validation
28,basf-wheat-diseases|11|2017,era5loc_c36c557e4afc,era5loc_c36c557e4afc|2017,spatial_1,validation
29,basf-wheat-diseases|11|2017,era5loc_c36c557e4afc,era5loc_c36c557e4afc|2017,spatial_1,validation
30,basf-wheat-diseases|11|2017,era5loc_c36c557e4afc,era5loc_c36c557e4afc|2017,spatial_1,validation
31,basf-wheat-diseases|11|2017,era5loc_c36c557e4afc,era5loc_c36c557e4afc|2017,spatial_1,validation
32,basf-wheat-diseases|11|2017,era5loc_c36c557e4afc,era5loc_c36c557e4afc|2017,spatial_1,validation
33,basf-wheat-diseases|11|2017,era5loc_c36c557e4afc,era5loc_c36c557e4afc|2017,spatial_1,validation
34,basf-wheat-diseases|12|2017,era5loc_1db395a204c4,era5loc_1db395a204c4|2017,spatial_1,validation
35,basf-wheat-diseases|12|2017,era5loc_1db395a204c4,era5loc_1db395a204c4|2017,spatial_1,validation
36,basf-wheat-diseases|12|2017,era5loc_1db395a204c4,era5loc_1db395a204c4|2017,spatial_1,validation
37,basf-wheat-diseases|12|2017,era5loc_1db395a204c4,era5loc_1db395a204c4|2017,spatial_1,validation
38,basf-wheat-diseases|12|2017,era5loc_1db395a204c4,era5loc_1db395a204c4|2017,spatial_1,validation
39,basf-wheat-diseases|12|2017,era5loc_1db395a204c4,era5loc_1db395a204c4|2017,spatial_1,validation
40,basf-wheat-diseases|12|2017,era5loc_1db395a204c4,era5loc_1db395a204c4|2017,spatial_1,validation
41,basf-wheat-diseases|12|2017,era5loc_1db395a204c4,era5loc_1db395a204c4|2017,spatial_1,validation
48,basf-wheat-diseases|14|2017,era5loc_b4c23217b405,era5loc_b4c23217b405|2017,spatial_1,validation
49,basf-wheat-diseases|14|2017,era5loc_b4c23217b405,era5loc_b4c23217b405|2017,spatial_1,validation
52,basf-wheat-diseases|16|2017,era5loc_bedbc80cc600,era5loc_bedbc80cc600|2017,spatial_1,validation
53,basf-wheat-diseases|16|2017,era5loc_bedbc80cc600,era5loc_bedbc80cc600|2017,spatial_1,validation
54,basf-wheat-diseases|16|2017,era5loc_bedbc80cc600,era5loc_bedbc80cc600|2017,spatial_1,validation
55,basf-wheat-diseases|16|2017,era5loc_bedbc80cc600,era5loc_bedbc80cc600|2017,spatial_1,validation
56,basf-wheat-diseases|16|2017,era5loc_bedbc80cc600,era5loc_bedbc80cc600|2017,spatial_1,validation
57,basf-wheat-diseases|16|2017,era5loc_bedbc80cc600,era5loc_bedbc80cc600|2017,spatial_1,validation
58,basf-wheat-diseases|16|2017,era5loc_bedbc80cc600,era5loc_bedbc80cc600|2017,spatial_1,validation
59,basf-wheat-diseases|16|2017,era5loc_bedbc80cc600,era5loc_bedbc80cc600|2017,spatial_1,validation
115,basf-wheat-diseases|23|2018,era5loc_d6117aa4523b,era5loc_d6117aa4523b|2018,spatial_1,validation
116,basf-wheat-diseases|23|2018,era5loc_d6117aa4523b,era5loc_d6117aa4523b|2018,spatial_1,validation
117,basf-wheat-diseases|23|2018,era5loc_d6117aa4523b,era5loc_d6117aa4523b|2018,spatial_1,validation
118,basf-wheat-diseases|23|2018,era5loc_d6117aa4523b,era5loc_d6117aa4523b|2018,spatial_1,validation
119,basf-wheat-diseases|23|2018,era5loc_d6117aa4523b,era5loc_d6117aa4523b|2018,spatial_1,validation
120,basf-wheat-diseases|23|2018,era5loc_d6117aa4523b,era5loc_d6117aa4523b|2018,spatial_1,validation
121,basf-wheat-diseases|23|2018,era5loc_d6117aa4523b,era5loc_d6117aa4523b|2018,spatial_1,validation
122,basf-wheat-diseases|23|2018,era5loc_d6117aa4523b,era5loc_d6117aa4523b|2018,spatial_1,validation
123,basf-wheat-diseases|23|2018,era5loc_d6117aa4523b,era5loc_d6117aa4523b|2018,spatial_1,validation
124,basf-wheat-diseases|24|2018,era5loc_c36c557e4afc,era5loc_c36c557e4afc|2018,spatial_1,validation
125,basf-wheat-diseases|24|2018,era5loc_c36c557e4afc,era5loc_c36c557e4afc|2018,spatial_1,validation
126,basf-wheat-diseases|24|2018,era5loc_c36c557e4afc,era5loc_c36c557e4afc|2018,spatial_1,validation
127,basf-wheat-diseases|24|2018,era5loc_c36c557e4afc,era5loc_c36c557e4afc|2018,spatial_1,validation
128,basf-wheat-diseases|24|2018,era5loc_c36c557e4afc,era5loc_c36c557e4afc|2018,spatial_1,validation
129,basf-wheat-diseases|24|2018,era5loc_c36c557e4afc,era5loc_c36c557e4afc|2018,spatial_1,validation
130,basf-wheat-diseases|24|2018,era5loc_c36c557e4afc,era5loc_c36c557e4afc|2018,spatial_1,validation
131,basf-wheat-diseases|24|2018,era5loc_c36c557e4afc,era5loc_c36c557e4afc|2018,spatial_1,validation
132,basf-wheat-diseases|25|2018,era5loc_2daae74efc65,era5loc_2daae74efc65|2018,spatial_1,validation
133,basf-wheat-diseases|25|2018,era5loc_2daae74efc65,era5loc_2daae74efc65|2018,spatial_1,validation
134,basf-wheat-diseases|25|2018,era5loc_2daae74efc65,era5loc_2daae74efc65|2018,spatial_1,validation
135,basf-wheat-diseases|25|2018,era5loc_2daae74efc65,era5loc_2daae74efc65|2018,spatial_1,validation
136,basf-wheat-diseases|25|2018,era5loc_2daae74efc65,era5loc_2daae74efc65|2018,spatial_1,validation
137,basf-wheat-diseases|25|2018,era5loc_2daae74efc65,era5loc_2daae74efc65|2018,spatial_1,validation
138,basf-wheat-diseases|25|2018,era5loc_2daae74efc65,era5loc_2daae74efc65|2018,spatial_1,validation
139,basf-wheat-diseases|25|2018,era5loc_2daae74efc65,era5loc_2daae74efc65|2018,spatial_1,validation
140,basf-wheat-diseases|25|2018,era5loc_2daae74efc65,era5loc_2daae74efc65|2018,spatial_1,validation
141,basf-wheat-diseases|25|2018,era5loc_2daae74efc65,era5loc_2daae74efc65|2018,spatial_1,validation
411,basf-wheat-diseases|6|2017,era5loc_374089cedfa0,era5loc_374089cedfa0|2017,spatial_1,validation
412,basf-wheat-diseases|6|2017,era5loc_374089cedfa0,era5loc_374089cedfa0|2017,spatial_1,validation
413,basf-wheat-diseases|6|2017,era5loc_374089cedfa0,era5loc_374089cedfa0|2017,spatial_1,validation
414,basf-wheat-diseases|6|2017,era5loc_374089cedfa0,era5loc_374089cedfa0|2017,spatial_1,validation
415,basf-wheat-diseases|6|2017,era5loc_374089cedfa0,era5loc_374089cedfa0|2017,spatial_1,validation
416,basf-wheat-diseases|6|2017,era5loc_374089cedfa0,era5loc_374089cedfa0|2017,spatial_1,validation
417,basf-wheat-diseases|6|2017,era5loc_374089cedfa0,era5loc_374089cedfa0|2017,spatial_1,validation
418,basf-wheat-diseases|6|2017,era5loc_374089cedfa0,era5loc_374089cedfa0|2017,spatial_1,validation
419,basf-wheat-diseases|6|2017,era5loc_374089cedfa0,era5loc_374089cedfa0|2017,spatial_1,validation
494,basf-wheat-diseases|7|2017,era5loc_fc0f9359f228,era5loc_fc0f9359f228|2017,spatial_1,validation
495,basf-wheat-diseases|7|2017,era5loc_fc0f9359f228,era5loc_fc0f9359f228|2017,spatial_1,validation
496,basf-wheat-diseases|7|2017,era5loc_fc0f9359f228,era5loc_fc0f9359f228|2017,spatial_1,validation
497,basf-wheat-diseases|7|2017,era5loc_fc0f9359f228,era5loc_fc0f9359f228|2017,spatial_1,validation
498,basf-wheat-diseases|7|2017,era5loc_fc0f9359f228,era5loc_fc0f9359f228|2017,spatial_1,validation
499,basf-wheat-diseases|7|2017,era5loc_fc0f9359f228,era5loc_fc0f9359f228|2017,spatial_1,validation
500,basf-wheat-diseases|7|2017,era5loc_fc0f9359f228,era5loc_fc0f9359f228|2017,spatial_1,validation
568,basf-wheat-diseases|8|2017,era5loc_d6117aa4523b,era5loc_d6117aa4523b|2017,spatial_1,validation
569,basf-wheat-diseases|8|2017,era5loc_d6117aa4523b,era5loc_d6117aa4523b|2017,spatial_1,validation
570,basf-wheat-diseases|8|2017,era5loc_d6117aa4523b,era5loc_d6117aa4523b|2017,spatial_1,validation
571,basf-wheat-diseases|8|2017,era5loc_d6117aa4523b,era5loc_d6117aa4523b|2017,spatial_1,validation
572,basf-wheat-diseases|8|2017,era5loc_d6117aa4523b,era5loc_d6117aa4523b|2017,spatial_1,validation
573,basf-wheat-diseases|8|2017,era5loc_d6117aa4523b,era5loc_d6117aa4523b|2017,spatial_1,validation
574,basf-wheat-diseases|8|2017,era5loc_d6117aa4523b,era5loc_d6117aa4523b|2017,spatial_1,validation
575,basf-wheat-diseases|8|2017,era5loc_d6117aa4523b,era5loc_d6117aa4523b|2017,spatial_1,validation
0,basf-wheat-diseases|1|2017,era5loc_dd89cccfc605,era5loc_dd89cccfc605|2017,spatial_2,train
1,basf-wheat-diseases|1|2017,era5loc_dd89cccfc605,era5loc_dd89cccfc605|2017,spatial_2,train
2,basf-wheat-diseases|1|2017,era5loc_dd89cccfc605,era5loc_dd89cccfc605|2017,spatial_2,train
3,basf-wheat-diseases|1|2017,era5loc_dd89cccfc605,era5loc_dd89cccfc605|2017,spatial_2,train
4,basf-wheat-diseases|1|2017,era5loc_dd89cccfc605,era5loc_dd89cccfc605|2017,spatial_2,train
5,basf-wheat-diseases|1|2017,era5loc_dd89cccfc605,era5loc_dd89cccfc605|2017,spatial_2,train
6,basf-wheat-diseases|1|2017,era5loc_dd89cccfc605,era5loc_dd89cccfc605|2017,spatial_2,train
7,basf-wheat-diseases|1|2017,era5loc_dd89cccfc605,era5loc_dd89cccfc605|2017,spatial_2,train
8,basf-wheat-diseases|1|2017,era5loc_dd89cccfc605,era5loc_dd89cccfc605|2017,spatial_2,train
9,basf-wheat-diseases|1|2017,era5loc_dd89cccfc605,era5loc_dd89cccfc605|2017,spatial_2,train
10,basf-wheat-diseases|1|2017,era5loc_dd89cccfc605,era5loc_dd89cccfc605|2017,spatial_2,train
11,basf-wheat-diseases|1|2017,era5loc_dd89cccfc605,era5loc_dd89cccfc605|2017,spatial_2,train
12,basf-wheat-diseases|1|2017,era5loc_dd89cccfc605,era5loc_dd89cccfc605|2017,spatial_2,train
13,basf-wheat-diseases|10|2017,era5loc_d6117aa4523b,era5loc_d6117aa4523b|2017,spatial_2,train
14,basf-wheat-diseases|10|2017,era5loc_d6117aa4523b,era5loc_d6117aa4523b|2017,spatial_2,train
15,basf-wheat-diseases|10|2017,era5loc_d6117aa4523b,era5loc_d6117aa4523b|2017,spatial_2,train
16,basf-wheat-diseases|10|2017,era5loc_d6117aa4523b,era5loc_d6117aa4523b|2017,spatial_2,train
17,basf-wheat-diseases|10|2017,era5loc_d6117aa4523b,era5loc_d6117aa4523b|2017,spatial_2,train
18,basf-wheat-diseases|10|2017,era5loc_d6117aa4523b,era5loc_d6117aa4523b|2017,spatial_2,train
19,basf-wheat-diseases|10|2017,era5loc_d6117aa4523b,era5loc_d6117aa4523b|2017,spatial_2,train
20,basf-wheat-diseases|10|2017,era5loc_d6117aa4523b,era5loc_d6117aa4523b|2017,spatial_2,train
21,basf-wheat-diseases|10|2017,era5loc_d6117aa4523b,era5loc_d6117aa4523b|2017,spatial_2,train
22,basf-wheat-diseases|10|2017,era5loc_d6117aa4523b,era5loc_d6117aa4523b|2017,spatial_2,train
23,basf-wheat-diseases|11|2017,era5loc_c36c557e4afc,era5loc_c36c557e4afc|2017,spatial_2,train
24,basf-wheat-diseases|11|2017,era5loc_c36c557e4afc,era5loc_c36c557e4afc|2017,spatial_2,train
25,basf-wheat-diseases|11|2017,era5loc_c36c557e4afc,era5loc_c36c557e4afc|2017,spatial_2,train
26,basf-wheat-diseases|11|2017,era5loc_c36c557e4afc,era5loc_c36c557e4afc|2017,spatial_2,train
27,basf-wheat-diseases|11|2017,era5loc_c36c557e4afc,era5loc_c36c557e4afc|2017,spatial_2,train
28,basf-wheat-diseases|11|2017,era5loc_c36c557e4afc,era5loc_c36c557e4afc|2017,spatial_2,train
29,basf-wheat-diseases|11|2017,era5loc_c36c557e4afc,era5loc_c36c557e4afc|2017,spatial_2,train
30,basf-wheat-diseases|11|2017,era5loc_c36c557e4afc,era5loc_c36c557e4afc|2017,spatial_2,train
31,basf-wheat-diseases|11|2017,era5loc_c36c557e4afc,era5loc_c36c557e4afc|2017,spatial_2,train
32,basf-wheat-diseases|11|2017,era5loc_c36c557e4afc,era5loc_c36c557e4afc|2017,spatial_2,train
33,basf-wheat-diseases|11|2017,era5loc_c36c557e4afc,era5loc_c36c557e4afc|2017,spatial_2,train
34,basf-wheat-diseases|12|2017,era5loc_1db395a204c4,era5loc_1db395a204c4|2017,spatial_2,train
35,basf-wheat-diseases|12|2017,era5loc_1db395a204c4,era5loc_1db395a204c4|2017,spatial_2,train
36,basf-wheat-diseases|12|2017,era5loc_1db395a204c4,era5loc_1db395a204c4|2017,spatial_2,train
37,basf-wheat-diseases|12|2017,era5loc_1db395a204c4,era5loc_1db395a204c4|2017,spatial_2,train
38,basf-wheat-diseases|12|2017,era5loc_1db395a204c4,era5loc_1db395a204c4|2017,spatial_2,train
39,basf-wheat-diseases|12|2017,era5loc_1db395a204c4,era5loc_1db395a204c4|2017,spatial_2,train
40,basf-wheat-diseases|12|2017,era5loc_1db395a204c4,era5loc_1db395a204c4|2017,spatial_2,train
41,basf-wheat-diseases|12|2017,era5loc_1db395a204c4,era5loc_1db395a204c4|2017,spatial_2,train
48,basf-wheat-diseases|14|2017,era5loc_b4c23217b405,era5loc_b4c23217b405|2017,spatial_2,train
49,basf-wheat-diseases|14|2017,era5loc_b4c23217b405,era5loc_b4c23217b405|2017,spatial_2,train
50,basf-wheat-diseases|15|2017,era5loc_01117578be52,era5loc_01117578be52|2017,spatial_2,train
51,basf-wheat-diseases|15|2017,era5loc_01117578be52,era5loc_01117578be52|2017,spatial_2,train
52,basf-wheat-diseases|16|2017,era5loc_bedbc80cc600,era5loc_bedbc80cc600|2017,spatial_2,train
53,basf-wheat-diseases|16|2017,era5loc_bedbc80cc600,era5loc_bedbc80cc600|2017,spatial_2,train
54,basf-wheat-diseases|16|2017,era5loc_bedbc80cc600,era5loc_bedbc80cc600|2017,spatial_2,train
55,basf-wheat-diseases|16|2017,era5loc_bedbc80cc600,era5loc_bedbc80cc600|2017,spatial_2,train
56,basf-wheat-diseases|16|2017,era5loc_bedbc80cc600,era5loc_bedbc80cc600|2017,spatial_2,train
57,basf-wheat-diseases|16|2017,era5loc_bedbc80cc600,era5loc_bedbc80cc600|2017,spatial_2,train
58,basf-wheat-diseases|16|2017,era5loc_bedbc80cc600,era5loc_bedbc80cc600|2017,spatial_2,train
59,basf-wheat-diseases|16|2017,era5loc_bedbc80cc600,era5loc_bedbc80cc600|2017,spatial_2,train
60,basf-wheat-diseases|17|2017,era5loc_c273764268e2,era5loc_c273764268e2|2017,spatial_2,train
61,basf-wheat-diseases|18|2017,era5loc_6687f40ce729,era5loc_6687f40ce729|2017,spatial_2,train
62,basf-wheat-diseases|18|2017,era5loc_6687f40ce729,era5loc_6687f40ce729|2017,spatial_2,train
63,basf-wheat-diseases|18|2017,era5loc_6687f40ce729,era5loc_6687f40ce729|2017,spatial_2,train
64,basf-wheat-diseases|18|2017,era5loc_6687f40ce729,era5loc_6687f40ce729|2017,spatial_2,train
65,basf-wheat-diseases|18|2017,era5loc_6687f40ce729,era5loc_6687f40ce729|2017,spatial_2,train
66,basf-wheat-diseases|18|2017,era5loc_6687f40ce729,era5loc_6687f40ce729|2017,spatial_2,train
67,basf-wheat-diseases|18|2017,era5loc_6687f40ce729,era5loc_6687f40ce729|2017,spatial_2,train
68,basf-wheat-diseases|18|2017,era5loc_6687f40ce729,era5loc_6687f40ce729|2017,spatial_2,train
69,basf-wheat-diseases|18|2017,era5loc_6687f40ce729,era5loc_6687f40ce729|2017,spatial_2,train
70,basf-wheat-diseases|18|2017,era5loc_6687f40ce729,era5loc_6687f40ce729|2017,spatial_2,train
71,basf-wheat-diseases|18|2017,era5loc_6687f40ce729,era5loc_6687f40ce729|2017,spatial_2,train
72,basf-wheat-diseases|19|2017,era5loc_ff52f903fe18,era5loc_ff52f903fe18|2017,spatial_2,train
73,basf-wheat-diseases|19|2017,era5loc_ff52f903fe18,era5loc_ff52f903fe18|2017,spatial_2,train
74,basf-wheat-diseases|19|2017,era5loc_ff52f903fe18,era5loc_ff52f903fe18|2017,spatial_2,train
75,basf-wheat-diseases|19|2017,era5loc_ff52f903fe18,era5loc_ff52f903fe18|2017,spatial_2,train
76,basf-wheat-diseases|19|2017,era5loc_ff52f903fe18,era5loc_ff52f903fe18|2017,spatial_2,train
77,basf-wheat-diseases|19|2017,era5loc_ff52f903fe18,era5loc_ff52f903fe18|2017,spatial_2,train
78,basf-wheat-diseases|19|2017,era5loc_ff52f903fe18,era5loc_ff52f903fe18|2017,spatial_2,train
79,basf-wheat-diseases|19|2017,era5loc_ff52f903fe18,era5loc_ff52f903fe18|2017,spatial_2,train
80,basf-wheat-diseases|19|2017,era5loc_ff52f903fe18,era5loc_ff52f903fe18|2017,spatial_2,train
81,basf-wheat-diseases|19|2017,era5loc_ff52f903fe18,era5loc_ff52f903fe18|2017,spatial_2,train
82,basf-wheat-diseases|19|2017,era5loc_ff52f903fe18,era5loc_ff52f903fe18|2017,spatial_2,train
83,basf-wheat-diseases|19|2017,era5loc_ff52f903fe18,era5loc_ff52f903fe18|2017,spatial_2,train
84,basf-wheat-diseases|19|2017,era5loc_ff52f903fe18,era5loc_ff52f903fe18|2017,spatial_2,train
85,basf-wheat-diseases|19|2017,era5loc_ff52f903fe18,era5loc_ff52f903fe18|2017,spatial_2,train
86,basf-wheat-diseases|19|2017,era5loc_ff52f903fe18,era5loc_ff52f903fe18|2017,spatial_2,train
87,basf-wheat-diseases|2|2017,era5loc_98874af9c8d8,era5loc_98874af9c8d8|2017,spatial_2,train
88,basf-wheat-diseases|2|2017,era5loc_98874af9c8d8,era5loc_98874af9c8d8|2017,spatial_2,train
89,basf-wheat-diseases|2|2017,era5loc_98874af9c8d8,era5loc_98874af9c8d8|2017,spatial_2,train
90,basf-wheat-diseases|2|2017,era5loc_98874af9c8d8,era5loc_98874af9c8d8|2017,spatial_2,train
91,basf-wheat-diseases|2|2017,era5loc_98874af9c8d8,era5loc_98874af9c8d8|2017,spatial_2,train
92,basf-wheat-diseases|2|2017,era5loc_98874af9c8d8,era5loc_98874af9c8d8|2017,spatial_2,train
93,basf-wheat-diseases|2|2017,era5loc_98874af9c8d8,era5loc_98874af9c8d8|2017,spatial_2,train
94,basf-wheat-diseases|2|2017,era5loc_98874af9c8d8,era5loc_98874af9c8d8|2017,spatial_2,train
95,basf-wheat-diseases|2|2017,era5loc_98874af9c8d8,era5loc_98874af9c8d8|2017,spatial_2,train
96,basf-wheat-diseases|2|2017,era5loc_98874af9c8d8,era5loc_98874af9c8d8|2017,spatial_2,train
97,basf-wheat-diseases|2|2017,era5loc_98874af9c8d8,era5loc_98874af9c8d8|2017,spatial_2,train
98,basf-wheat-diseases|2|2017,era5loc_98874af9c8d8,era5loc_98874af9c8d8|2017,spatial_2,train
99,basf-wheat-diseases|2|2017,era5loc_98874af9c8d8,era5loc_98874af9c8d8|2017,spatial_2,train
115,basf-wheat-diseases|23|2018,era5loc_d6117aa4523b,era5loc_d6117aa4523b|2018,spatial_2,train
116,basf-wheat-diseases|23|2018,era5loc_d6117aa4523b,era5loc_d6117aa4523b|2018,spatial_2,train
117,basf-wheat-diseases|23|2018,era5loc_d6117aa4523b,era5loc_d6117aa4523b|2018,spatial_2,train
118,basf-wheat-diseases|23|2018,era5loc_d6117aa4523b,era5loc_d6117aa4523b|2018,spatial_2,train
119,basf-wheat-diseases|23|2018,era5loc_d6117aa4523b,era5loc_d6117aa4523b|2018,spatial_2,train
120,basf-wheat-diseases|23|2018,era5loc_d6117aa4523b,era5loc_d6117aa4523b|2018,spatial_2,train
121,basf-wheat-diseases|23|2018,era5loc_d6117aa4523b,era5loc_d6117aa4523b|2018,spatial_2,train
122,basf-wheat-diseases|23|2018,era5loc_d6117aa4523b,era5loc_d6117aa4523b|2018,spatial_2,train
123,basf-wheat-diseases|23|2018,era5loc_d6117aa4523b,era5loc_d6117aa4523b|2018,spatial_2,train
124,basf-wheat-diseases|24|2018,era5loc_c36c557e4afc,era5loc_c36c557e4afc|2018,spatial_2,train
125,basf-wheat-diseases|24|2018,era5loc_c36c557e4afc,era5loc_c36c557e4afc|2018,spatial_2,train
126,basf-wheat-diseases|24|2018,era5loc_c36c557e4afc,era5loc_c36c557e4afc|2018,spatial_2,train
127,basf-wheat-diseases|24|2018,era5loc_c36c557e4afc,era5loc_c36c557e4afc|2018,spatial_2,train
128,basf-wheat-diseases|24|2018,era5loc_c36c557e4afc,era5loc_c36c557e4afc|2018,spatial_2,train
129,basf-wheat-diseases|24|2018,era5loc_c36c557e4afc,era5loc_c36c557e4afc|2018,spatial_2,train
130,basf-wheat-diseases|24|2018,era5loc_c36c557e4afc,era5loc_c36c557e4afc|2018,spatial_2,train
131,basf-wheat-diseases|24|2018,era5loc_c36c557e4afc,era5loc_c36c557e4afc|2018,spatial_2,train
132,basf-wheat-diseases|25|2018,era5loc_2daae74efc65,era5loc_2daae74efc65|2018,spatial_2,train
133,basf-wheat-diseases|25|2018,era5loc_2daae74efc65,era5loc_2daae74efc65|2018,spatial_2,train
134,basf-wheat-diseases|25|2018,era5loc_2daae74efc65,era5loc_2daae74efc65|2018,spatial_2,train
135,basf-wheat-diseases|25|2018,era5loc_2daae74efc65,era5loc_2daae74efc65|2018,spatial_2,train
136,basf-wheat-diseases|25|2018,era5loc_2daae74efc65,era5loc_2daae74efc65|2018,spatial_2,train
137,basf-wheat-diseases|25|2018,era5loc_2daae74efc65,era5loc_2daae74efc65|2018,spatial_2,train
138,basf-wheat-diseases|25|2018,era5loc_2daae74efc65,era5loc_2daae74efc65|2018,spatial_2,train
139,basf-wheat-diseases|25|2018,era5loc_2daae74efc65,era5loc_2daae74efc65|2018,spatial_2,train
140,basf-wheat-diseases|25|2018,era5loc_2daae74efc65,era5loc_2daae74efc65|2018,spatial_2,train
141,basf-wheat-diseases|25|2018,era5loc_2daae74efc65,era5loc_2daae74efc65|2018,spatial_2,train
142,basf-wheat-diseases|26|2018,era5loc_cd0793ddaa5d,era5loc_cd0793ddaa5d|2018,spatial_2,train
143,basf-wheat-diseases|26|2018,era5loc_cd0793ddaa5d,era5loc_cd0793ddaa5d|2018,spatial_2,train
144,basf-wheat-diseases|26|2018,era5loc_cd0793ddaa5d,era5loc_cd0793ddaa5d|2018,spatial_2,train
145,basf-wheat-diseases|26|2018,era5loc_cd0793ddaa5d,era5loc_cd0793ddaa5d|2018,spatial_2,train
146,basf-wheat-diseases|26|2018,era5loc_cd0793ddaa5d,era5loc_cd0793ddaa5d|2018,spatial_2,train
147,basf-wheat-diseases|26|2018,era5loc_cd0793ddaa5d,era5loc_cd0793ddaa5d|2018,spatial_2,train
148,basf-wheat-diseases|26|2018,era5loc_cd0793ddaa5d,era5loc_cd0793ddaa5d|2018,spatial_2,train
176,basf-wheat-diseases|29|2018,era5loc_c273764268e2,era5loc_c273764268e2|2018,spatial_2,train
177,basf-wheat-diseases|29|2018,era5loc_c273764268e2,era5loc_c273764268e2|2018,spatial_2,train
178,basf-wheat-diseases|29|2018,era5loc_c273764268e2,era5loc_c273764268e2|2018,spatial_2,train
179,basf-wheat-diseases|29|2018,era5loc_c273764268e2,era5loc_c273764268e2|2018,spatial_2,train
180,basf-wheat-diseases|29|2018,era5loc_c273764268e2,era5loc_c273764268e2|2018,spatial_2,train
181,basf-wheat-diseases|29|2018,era5loc_c273764268e2,era5loc_c273764268e2|2018,spatial_2,train
411,basf-wheat-diseases|6|2017,era5loc_374089cedfa0,era5loc_374089cedfa0|2017,spatial_2,train
412,basf-wheat-diseases|6|2017,era5loc_374089cedfa0,era5loc_374089cedfa0|2017,spatial_2,train
413,basf-wheat-diseases|6|2017,era5loc_374089cedfa0,era5loc_374089cedfa0|2017,spatial_2,train
414,basf-wheat-diseases|6|2017,era5loc_374089cedfa0,era5loc_374089cedfa0|2017,spatial_2,train
415,basf-wheat-diseases|6|2017,era5loc_374089cedfa0,era5loc_374089cedfa0|2017,spatial_2,train
416,basf-wheat-diseases|6|2017,era5loc_374089cedfa0,era5loc_374089cedfa0|2017,spatial_2,train
417,basf-wheat-diseases|6|2017,era5loc_374089cedfa0,era5loc_374089cedfa0|2017,spatial_2,train
418,basf-wheat-diseases|6|2017,era5loc_374089cedfa0,era5loc_374089cedfa0|2017,spatial_2,train
419,basf-wheat-diseases|6|2017,era5loc_374089cedfa0,era5loc_374089cedfa0|2017,spatial_2,train
494,basf-wheat-diseases|7|2017,era5loc_fc0f9359f228,era5loc_fc0f9359f228|2017,spatial_2,train
495,basf-wheat-diseases|7|2017,era5loc_fc0f9359f228,era5loc_fc0f9359f228|2017,spatial_2,train
496,basf-wheat-diseases|7|2017,era5loc_fc0f9359f228,era5loc_fc0f9359f228|2017,spatial_2,train
497,basf-wheat-diseases|7|2017,era5loc_fc0f9359f228,era5loc_fc0f9359f228|2017,spatial_2,train
498,basf-wheat-diseases|7|2017,era5loc_fc0f9359f228,era5loc_fc0f9359f228|2017,spatial_2,train
499,basf-wheat-diseases|7|2017,era5loc_fc0f9359f228,era5loc_fc0f9359f228|2017,spatial_2,train
500,basf-wheat-diseases|7|2017,era5loc_fc0f9359f228,era5loc_fc0f9359f228|2017,spatial_2,train
564,basf-wheat-diseases|76|2017,era5loc_6687f40ce729,era5loc_6687f40ce729|2017,spatial_2,train
565,basf-wheat-diseases|76|2017,era5loc_6687f40ce729,era5loc_6687f40ce729|2017,spatial_2,train
566,basf-wheat-diseases|76|2017,era5loc_6687f40ce729,era5loc_6687f40ce729|2017,spatial_2,train
567,basf-wheat-diseases|76|2017,era5loc_6687f40ce729,era5loc_6687f40ce729|2017,spatial_2,train
568,basf-wheat-diseases|8|2017,era5loc_d6117aa4523b,era5loc_d6117aa4523b|2017,spatial_2,train
569,basf-wheat-diseases|8|2017,era5loc_d6117aa4523b,era5loc_d6117aa4523b|2017,spatial_2,train
570,basf-wheat-diseases|8|2017,era5loc_d6117aa4523b,era5loc_d6117aa4523b|2017,spatial_2,train
571,basf-wheat-diseases|8|2017,era5loc_d6117aa4523b,era5loc_d6117aa4523b|2017,spatial_2,train
572,basf-wheat-diseases|8|2017,era5loc_d6117aa4523b,era5loc_d6117aa4523b|2017,spatial_2,train
573,basf-wheat-diseases|8|2017,era5loc_d6117aa4523b,era5loc_d6117aa4523b|2017,spatial_2,train
574,basf-wheat-diseases|8|2017,era5loc_d6117aa4523b,era5loc_d6117aa4523b|2017,spatial_2,train
575,basf-wheat-diseases|8|2017,era5loc_d6117aa4523b,era5loc_d6117aa4523b|2017,spatial_2,train
576,basf-wheat-diseases|9|2017,era5loc_23eef231ea98,era5loc_23eef231ea98|2017,spatial_2,train
577,basf-wheat-diseases|9|2017,era5loc_23eef231ea98,era5loc_23eef231ea98|2017,spatial_2,train
578,basf-wheat-diseases|9|2017,era5loc_23eef231ea98,era5loc_23eef231ea98|2017,spatial_2,train
579,basf-wheat-diseases|9|2017,era5loc_23eef231ea98,era5loc_23eef231ea98|2017,spatial_2,train
580,basf-wheat-diseases|9|2017,era5loc_23eef231ea98,era5loc_23eef231ea98|2017,spatial_2,train
581,basf-wheat-diseases|9|2017,era5loc_23eef231ea98,era5loc_23eef231ea98|2017,spatial_2,train
582,basf-wheat-diseases|9|2017,era5loc_23eef231ea98,era5loc_23eef231ea98|2017,spatial_2,train
583,basf-wheat-diseases|9|2017,era5loc_23eef231ea98,era5loc_23eef231ea98|2017,spatial_2,train
42,basf-wheat-diseases|13|2017,era5loc_8b7743800935,era5loc_8b7743800935|2017,spatial_2,validation
43,basf-wheat-diseases|13|2017,era5loc_8b7743800935,era5loc_8b7743800935|2017,spatial_2,validation
44,basf-wheat-diseases|13|2017,era5loc_8b7743800935,era5loc_8b7743800935|2017,spatial_2,validation
45,basf-wheat-diseases|13|2017,era5loc_8b7743800935,era5loc_8b7743800935|2017,spatial_2,validation
46,basf-wheat-diseases|13|2017,era5loc_8b7743800935,era5loc_8b7743800935|2017,spatial_2,validation
47,basf-wheat-diseases|13|2017,era5loc_8b7743800935,era5loc_8b7743800935|2017,spatial_2,validation
100,basf-wheat-diseases|20|2017,era5loc_5ab5ca0b5fe3,era5loc_5ab5ca0b5fe3|2017,spatial_2,validation
101,basf-wheat-diseases|20|2017,era5loc_5ab5ca0b5fe3,era5loc_5ab5ca0b5fe3|2017,spatial_2,validation
102,basf-wheat-diseases|20|2017,era5loc_5ab5ca0b5fe3,era5loc_5ab5ca0b5fe3|2017,spatial_2,validation
103,basf-wheat-diseases|20|2017,era5loc_5ab5ca0b5fe3,era5loc_5ab5ca0b5fe3|2017,spatial_2,validation
104,basf-wheat-diseases|20|2017,era5loc_5ab5ca0b5fe3,era5loc_5ab5ca0b5fe3|2017,spatial_2,validation
105,basf-wheat-diseases|20|2017,era5loc_5ab5ca0b5fe3,era5loc_5ab5ca0b5fe3|2017,spatial_2,validation
106,basf-wheat-diseases|20|2017,era5loc_5ab5ca0b5fe3,era5loc_5ab5ca0b5fe3|2017,spatial_2,validation
107,basf-wheat-diseases|20|2017,era5loc_5ab5ca0b5fe3,era5loc_5ab5ca0b5fe3|2017,spatial_2,validation
108,basf-wheat-diseases|20|2017,era5loc_5ab5ca0b5fe3,era5loc_5ab5ca0b5fe3|2017,spatial_2,validation
109,basf-wheat-diseases|20|2017,era5loc_5ab5ca0b5fe3,era5loc_5ab5ca0b5fe3|2017,spatial_2,validation
110,basf-wheat-diseases|20|2017,era5loc_5ab5ca0b5fe3,era5loc_5ab5ca0b5fe3|2017,spatial_2,validation
111,basf-wheat-diseases|20|2017,era5loc_5ab5ca0b5fe3,era5loc_5ab5ca0b5fe3|2017,spatial_2,validation
112,basf-wheat-diseases|20|2017,era5loc_5ab5ca0b5fe3,era5loc_5ab5ca0b5fe3|2017,spatial_2,validation
113,basf-wheat-diseases|20|2017,era5loc_5ab5ca0b5fe3,era5loc_5ab5ca0b5fe3|2017,spatial_2,validation
114,basf-wheat-diseases|20|2017,era5loc_5ab5ca0b5fe3,era5loc_5ab5ca0b5fe3|2017,spatial_2,validation
149,basf-wheat-diseases|27|2018,era5loc_1fa43db2787c,era5loc_1fa43db2787c|2018,spatial_2,validation
150,basf-wheat-diseases|27|2018,era5loc_1fa43db2787c,era5loc_1fa43db2787c|2018,spatial_2,validation
151,basf-wheat-diseases|27|2018,era5loc_1fa43db2787c,era5loc_1fa43db2787c|2018,spatial_2,validation
152,basf-wheat-diseases|27|2018,era5loc_1fa43db2787c,era5loc_1fa43db2787c|2018,spatial_2,validation
153,basf-wheat-diseases|27|2018,era5loc_1fa43db2787c,era5loc_1fa43db2787c|2018,spatial_2,validation
154,basf-wheat-diseases|27|2018,era5loc_1fa43db2787c,era5loc_1fa43db2787c|2018,spatial_2,validation
155,basf-wheat-diseases|27|2018,era5loc_1fa43db2787c,era5loc_1fa43db2787c|2018,spatial_2,validation
156,basf-wheat-diseases|27|2018,era5loc_1fa43db2787c,era5loc_1fa43db2787c|2018,spatial_2,validation
157,basf-wheat-diseases|27|2018,era5loc_1fa43db2787c,era5loc_1fa43db2787c|2018,spatial_2,validation
158,basf-wheat-diseases|27|2018,era5loc_1fa43db2787c,era5loc_1fa43db2787c|2018,spatial_2,validation
159,basf-wheat-diseases|28|2018,era5loc_b103a5cbfed5,era5loc_b103a5cbfed5|2018,spatial_2,validation
160,basf-wheat-diseases|28|2018,era5loc_b103a5cbfed5,era5loc_b103a5cbfed5|2018,spatial_2,validation
161,basf-wheat-diseases|28|2018,era5loc_b103a5cbfed5,era5loc_b103a5cbfed5|2018,spatial_2,validation
162,basf-wheat-diseases|28|2018,era5loc_b103a5cbfed5,era5loc_b103a5cbfed5|2018,spatial_2,validation
163,basf-wheat-diseases|28|2018,era5loc_b103a5cbfed5,era5loc_b103a5cbfed5|2018,spatial_2,validation
164,basf-wheat-diseases|28|2018,era5loc_b103a5cbfed5,era5loc_b103a5cbfed5|2018,spatial_2,validation
165,basf-wheat-diseases|28|2018,era5loc_b103a5cbfed5,era5loc_b103a5cbfed5|2018,spatial_2,validation
166,basf-wheat-diseases|28|2018,era5loc_b103a5cbfed5,era5loc_b103a5cbfed5|2018,spatial_2,validation
167,basf-wheat-diseases|28|2018,era5loc_b103a5cbfed5,era5loc_b103a5cbfed5|2018,spatial_2,validation
168,basf-wheat-diseases|28|2018,era5loc_b103a5cbfed5,era5loc_b103a5cbfed5|2018,spatial_2,validation
169,basf-wheat-diseases|28|2018,era5loc_b103a5cbfed5,era5loc_b103a5cbfed5|2018,spatial_2,validation
170,basf-wheat-diseases|28|2018,era5loc_b103a5cbfed5,era5loc_b103a5cbfed5|2018,spatial_2,validation
171,basf-wheat-diseases|28|2018,era5loc_b103a5cbfed5,era5loc_b103a5cbfed5|2018,spatial_2,validation
172,basf-wheat-diseases|28|2018,era5loc_b103a5cbfed5,era5loc_b103a5cbfed5|2018,spatial_2,validation
173,basf-wheat-diseases|28|2018,era5loc_b103a5cbfed5,era5loc_b103a5cbfed5|2018,spatial_2,validation
174,basf-wheat-diseases|28|2018,era5loc_b103a5cbfed5,era5loc_b103a5cbfed5|2018,spatial_2,validation
175,basf-wheat-diseases|28|2018,era5loc_b103a5cbfed5,era5loc_b103a5cbfed5|2018,spatial_2,validation
182,basf-wheat-diseases|30|2018,era5loc_300f965a2c3d,era5loc_300f965a2c3d|2018,spatial_2,validation
183,basf-wheat-diseases|30|2018,era5loc_300f965a2c3d,era5loc_300f965a2c3d|2018,spatial_2,validation
184,basf-wheat-diseases|30|2018,era5loc_300f965a2c3d,era5loc_300f965a2c3d|2018,spatial_2,validation
185,basf-wheat-diseases|30|2018,era5loc_300f965a2c3d,era5loc_300f965a2c3d|2018,spatial_2,validation
186,basf-wheat-diseases|30|2018,era5loc_300f965a2c3d,era5loc_300f965a2c3d|2018,spatial_2,validation
187,basf-wheat-diseases|30|2018,era5loc_300f965a2c3d,era5loc_300f965a2c3d|2018,spatial_2,validation
188,basf-wheat-diseases|30|2018,era5loc_300f965a2c3d,era5loc_300f965a2c3d|2018,spatial_2,validation
268,basf-wheat-diseases|4|2017,era5loc_a3b551fcca14,era5loc_a3b551fcca14|2017,spatial_2,validation
269,basf-wheat-diseases|4|2017,era5loc_a3b551fcca14,era5loc_a3b551fcca14|2017,spatial_2,validation
270,basf-wheat-diseases|4|2017,era5loc_a3b551fcca14,era5loc_a3b551fcca14|2017,spatial_2,validation
271,basf-wheat-diseases|4|2017,era5loc_a3b551fcca14,era5loc_a3b551fcca14|2017,spatial_2,validation
272,basf-wheat-diseases|4|2017,era5loc_a3b551fcca14,era5loc_a3b551fcca14|2017,spatial_2,validation
273,basf-wheat-diseases|4|2017,era5loc_a3b551fcca14,era5loc_a3b551fcca14|2017,spatial_2,validation
274,basf-wheat-diseases|4|2017,era5loc_a3b551fcca14,era5loc_a3b551fcca14|2017,spatial_2,validation
275,basf-wheat-diseases|4|2017,era5loc_a3b551fcca14,era5loc_a3b551fcca14|2017,spatial_2,validation
276,basf-wheat-diseases|4|2017,era5loc_a3b551fcca14,era5loc_a3b551fcca14|2017,spatial_2,validation
277,basf-wheat-diseases|4|2017,era5loc_a3b551fcca14,era5loc_a3b551fcca14|2017,spatial_2,validation
278,basf-wheat-diseases|4|2017,era5loc_a3b551fcca14,era5loc_a3b551fcca14|2017,spatial_2,validation
279,basf-wheat-diseases|4|2017,era5loc_a3b551fcca14,era5loc_a3b551fcca14|2017,spatial_2,validation
357,basf-wheat-diseases|5|2017,era5loc_d4b920707d9f,era5loc_d4b920707d9f|2017,spatial_2,validation
358,basf-wheat-diseases|5|2017,era5loc_d4b920707d9f,era5loc_d4b920707d9f|2017,spatial_2,validation
359,basf-wheat-diseases|5|2017,era5loc_d4b920707d9f,era5loc_d4b920707d9f|2017,spatial_2,validation
360,basf-wheat-diseases|5|2017,era5loc_d4b920707d9f,era5loc_d4b920707d9f|2017,spatial_2,validation
361,basf-wheat-diseases|5|2017,era5loc_d4b920707d9f,era5loc_d4b920707d9f|2017,spatial_2,validation
362,basf-wheat-diseases|5|2017,era5loc_d4b920707d9f,era5loc_d4b920707d9f|2017,spatial_2,validation
363,basf-wheat-diseases|5|2017,era5loc_d4b920707d9f,era5loc_d4b920707d9f|2017,spatial_2,validation
364,basf-wheat-diseases|5|2017,era5loc_d4b920707d9f,era5loc_d4b920707d9f|2017,spatial_2,validation
365,basf-wheat-diseases|5|2017,era5loc_d4b920707d9f,era5loc_d4b920707d9f|2017,spatial_2,validation
366,basf-wheat-diseases|5|2017,era5loc_d4b920707d9f,era5loc_d4b920707d9f|2017,spatial_2,validation
367,basf-wheat-diseases|5|2017,era5loc_d4b920707d9f,era5loc_d4b920707d9f|2017,spatial_2,validation
368,basf-wheat-diseases|5|2017,era5loc_d4b920707d9f,era5loc_d4b920707d9f|2017,spatial_2,validation
369,basf-wheat-diseases|5|2017,era5loc_d4b920707d9f,era5loc_d4b920707d9f|2017,spatial_2,validation
370,basf-wheat-diseases|5|2017,era5loc_d4b920707d9f,era5loc_d4b920707d9f|2017,spatial_2,validation
371,basf-wheat-diseases|5|2017,era5loc_d4b920707d9f,era5loc_d4b920707d9f|2017,spatial_2,validation
372,basf-wheat-diseases|5|2017,era5loc_d4b920707d9f,era5loc_d4b920707d9f|2017,spatial_2,validation
373,basf-wheat-diseases|5|2017,era5loc_d4b920707d9f,era5loc_d4b920707d9f|2017,spatial_2,validation
