model,scenario,period,status,draw_seasons,sampled_area_time_weight
ACCESS-CM2,ssp126,1991-2020,complete,1918,0.9999470336213131
ACCESS-CM2,ssp126,1991-2020,soft_dough_not_reached,2,5.296637868436666e-05
ACCESS-CM2,ssp126,2031-2060,complete,1920,0.9999999999999976
ACCESS-CM2,ssp126,2071-2100,complete,1920,0.9999999999999976
ACCESS-CM2,ssp245,1991-2020,complete,1918,0.9999470336213131
ACCESS-CM2,ssp245,1991-2020,soft_dough_not_reached,2,5.296637868436666e-05
ACCESS-CM2,ssp245,2031-2060,complete,1920,0.9999999999999976
ACCESS-CM2,ssp245,2071-2100,complete,1920,0.9999999999999976
ACCESS-CM2,ssp585,1991-2020,complete,1918,0.9999470336213131
ACCESS-CM2,ssp585,1991-2020,soft_dough_not_reached,2,5.296637868436666e-05
ACCESS-CM2,ssp585,2031-2060,complete,1920,0.9999999999999976
ACCESS-CM2,ssp585,2071-2100,complete,1920,0.9999999999999976
MPI-ESM1-2-HR,ssp126,1991-2020,complete,1920,0.9999999999999976
MPI-ESM1-2-HR,ssp126,2031-2060,complete,1920,0.9999999999999976
MPI-ESM1-2-HR,ssp126,2071-2100,complete,1920,0.9999999999999976
MPI-ESM1-2-HR,ssp245,1991-2020,complete,1920,0.9999999999999976
MPI-ESM1-2-HR,ssp245,2031-2060,complete,1920,0.9999999999999976
MPI-ESM1-2-HR,ssp245,2071-2100,complete,1920,0.9999999999999976
MPI-ESM1-2-HR,ssp585,1991-2020,complete,1920,0.9999999999999976
MPI-ESM1-2-HR,ssp585,2031-2060,complete,1920,0.9999999999999976
MPI-ESM1-2-HR,ssp585,2071-2100,complete,1920,0.9999999999999976
MRI-ESM2-0,ssp126,1991-2020,complete,1913,0.9997510647368606
MRI-ESM2-0,ssp126,1991-2020,soft_dough_not_reached,7,0.00024893526313704334
MRI-ESM2-0,ssp126,2031-2060,complete,1920,0.9999999999999976
MRI-ESM2-0,ssp126,2071-2100,complete,1920,0.9999999999999976
MRI-ESM2-0,ssp245,1991-2020,complete,1914,0.9997457714573319
MRI-ESM2-0,ssp245,1991-2020,soft_dough_not_reached,6,0.00025422854266574
MRI-ESM2-0,ssp245,2031-2060,complete,1920,0.9999999999999976
MRI-ESM2-0,ssp245,2071-2100,complete,1919,0.9989232526693168
MRI-ESM2-0,ssp245,2071-2100,unsupported_mean_temperature_above40,1,0.0010767473306807465
MRI-ESM2-0,ssp585,1991-2020,complete,1913,0.9997192882679896
MRI-ESM2-0,ssp585,1991-2020,soft_dough_not_reached,7,0.0002807117320079233
MRI-ESM2-0,ssp585,2031-2060,complete,1920,0.9999999999999976
MRI-ESM2-0,ssp585,2071-2100,complete,1920,0.9999999999999976
