epoch,training_crps,validation_crps,seconds
1,5.255791485206728,5.82728036991548,1.6883459091186523
2,5.007303742075279,5.603201843132712,1.4700171947479248
3,4.907005732907976,5.533296246759628,1.2779369354248047
4,4.873906152347963,5.550987129132701,1.4013359546661377
5,4.846072273497998,5.485178784819292,1.3700270652770996
6,4.82110638366636,5.450065162638936,1.35862398147583
7,4.805272682889149,5.450529044638509,1.4093267917633057
8,4.798525834766634,5.434074118346309,1.4281721115112305
9,4.78543004308193,5.450008249174375,1.3542499542236328
10,4.809180553510019,5.502277406391095,1.1861982345581055
11,4.775767616374681,5.4312784293366825,1.2322139739990234
12,4.770873320608827,5.4060010622635435,1.4973769187927246
13,4.762212683671419,5.449783046825294,1.4151623249053955
14,4.761497195852515,5.409161692055895,1.8187510967254639
15,4.766583815664516,5.451973895016531,1.4454867839813232
16,4.76224641204086,5.4611854446098995,1.5773508548736572
17,4.7502901421607175,5.39484791444797,1.6034111976623535
18,4.740325800007197,5.3868527348310264,1.6064341068267822
19,4.713497106889877,5.406630744066069,1.6817879676818848
20,4.723467455018913,5.378907920867503,1.5909271240234375
21,4.717621594327953,5.39706516071394,1.7200651168823242
22,4.721225432375196,5.383452871863636,1.6029751300811768
23,4.694629875100149,5.368303671762895,1.4154093265533447
24,4.699520245395037,5.372996352576122,1.7430460453033447
25,4.682700041453922,5.357979231392486,1.5085010528564453
26,4.689195517387561,5.367334004345274,1.39011812210083
27,4.677309439517236,5.367158724208552,1.6897268295288086
28,4.673622392892097,5.370309748100224,1.4751486778259277
29,4.665417539196916,5.3509527097003575,1.5791659355163574
30,4.6812049143471555,5.411278446544101,1.74019193649292
31,4.667754123899745,5.34903891086801,1.7753188610076904
32,4.6538256845023245,5.33375057690367,1.683176040649414
33,4.650025095493579,5.333796874450085,1.5028228759765625
34,4.645017593121751,5.339200092416458,1.6568272113800049
35,4.628092024299166,5.354775645914744,1.5685391426086426
36,4.646895980110735,5.3294840727065305,1.7823994159698486
37,4.643883331175052,5.351156178197332,1.698876142501831
38,4.651494071942015,5.359192049990233,1.4740040302276611
39,4.623763227775503,5.323778687997676,1.6734809875488281
40,4.615225833574162,5.3295046483188395,1.6477868556976318
