source_html,source_table,source_table_id,source_row,source_column,treatment_code,date,measurement,value,unit,leaf_rank
nfts_cohort_2022_67111.html,26,tabResultatLedNieveauAfsnitEX4,3,4,A1,2022-06-29,Wheat leaf spot % covered,2.0,Percent coverage,Unspecified
nfts_cohort_2022_67111.html,26,tabResultatLedNieveauAfsnitEX4,4,4,A2,2022-06-29,Wheat leaf spot % covered,1.0,Percent coverage,Unspecified
nfts_cohort_2022_67111.html,26,tabResultatLedNieveauAfsnitEX4,5,4,A3,2022-06-29,Wheat leaf spot % covered,1.0,Percent coverage,Unspecified
nfts_cohort_2022_67111.html,26,tabResultatLedNieveauAfsnitEX4,6,4,A4,2022-06-29,Wheat leaf spot % covered,1.0,Percent coverage,Unspecified
nfts_cohort_2022_67111.html,26,tabResultatLedNieveauAfsnitEX4,7,4,A5,2022-06-29,Wheat leaf spot % covered,1.0,Percent coverage,Unspecified
nfts_cohort_2022_67111.html,26,tabResultatLedNieveauAfsnitEX4,8,4,A6,2022-06-29,Wheat leaf spot % covered,0.0,Percent coverage,Unspecified
nfts_cohort_2022_67111.html,26,tabResultatLedNieveauAfsnitEX4,9,4,A7,2022-06-29,Wheat leaf spot % covered,2.0,Percent coverage,Unspecified
nfts_cohort_2022_67111.html,26,tabResultatLedNieveauAfsnitEX4,10,4,A8,2022-06-29,Wheat leaf spot % covered,2.0,Percent coverage,Unspecified
nfts_cohort_2022_67111.html,26,tabResultatLedNieveauAfsnitEX4,11,4,A9,2022-06-29,Wheat leaf spot % covered,1.0,Percent coverage,Unspecified
nfts_cohort_2022_67111.html,26,tabResultatLedNieveauAfsnitEX4,12,4,A10,2022-06-29,Wheat leaf spot % covered,1.0,Percent coverage,Unspecified
nfts_cohort_2022_67111.html,26,tabResultatLedNieveauAfsnitEX4,13,4,A11,2022-06-29,Wheat leaf spot % covered,1.0,Percent coverage,Unspecified
nfts_cohort_2022_67111.html,26,tabResultatLedNieveauAfsnitEX4,14,4,A12,2022-06-29,Wheat leaf spot % covered,1.0,Percent coverage,Unspecified
nfts_cohort_2022_67111.html,26,tabResultatLedNieveauAfsnitEX4,15,4,A13,2022-06-29,Wheat leaf spot % covered,2.0,Percent coverage,Unspecified
nfts_cohort_2022_67111.html,26,tabResultatLedNieveauAfsnitEX4,16,4,A14,2022-06-29,Wheat leaf spot % covered,2.0,Percent coverage,Unspecified
nfts_cohort_2022_67111.html,26,tabResultatLedNieveauAfsnitEX4,17,4,A15,2022-06-29,Wheat leaf spot % covered,1.0,Percent coverage,Unspecified
nfts_cohort_2022_67111.html,26,tabResultatLedNieveauAfsnitEX4,18,4,A16,2022-06-29,Wheat leaf spot % covered,0.0,Percent coverage,Unspecified
nfts_cohort_2022_67111.html,26,tabResultatLedNieveauAfsnitEX4,19,4,A17,2022-06-29,Wheat leaf spot % covered,1.0,Percent coverage,Unspecified
nfts_cohort_2022_67111.html,26,tabResultatLedNieveauAfsnitEX4,20,4,A18,2022-06-29,Wheat leaf spot % covered,1.0,Percent coverage,Unspecified
nfts_cohort_2022_67111.html,26,tabResultatLedNieveauAfsnitEX4,21,4,A19,2022-06-29,Wheat leaf spot % covered,2.0,Percent coverage,Unspecified
nfts_cohort_2022_67111.html,26,tabResultatLedNieveauAfsnitEX4,22,4,A20,2022-06-29,Wheat leaf spot % covered,2.0,Percent coverage,Unspecified
nfts_cohort_2022_67111.html,26,tabResultatLedNieveauAfsnitEX4,23,4,A21,2022-06-29,Wheat leaf spot % covered,1.0,Percent coverage,Unspecified
nfts_cohort_2022_67111.html,26,tabResultatLedNieveauAfsnitEX4,24,4,A22,2022-06-29,Wheat leaf spot % covered,0.0,Percent coverage,Unspecified
nfts_cohort_2022_67111.html,26,tabResultatLedNieveauAfsnitEX4,25,4,A23,2022-06-29,Wheat leaf spot % covered,1.0,Percent coverage,Unspecified
nfts_cohort_2022_67111.html,26,tabResultatLedNieveauAfsnitEX4,26,4,A24,2022-06-29,Wheat leaf spot % covered,0.0,Percent coverage,Unspecified
nfts_cohort_2022_67111.html,26,tabResultatLedNieveauAfsnitEX4,27,4,A25,2022-06-29,Wheat leaf spot % covered,0.0,Percent coverage,Unspecified
nfts_cohort_2022_67111.html,26,tabResultatLedNieveauAfsnitEX4,28,4,A26,2022-06-29,Wheat leaf spot % covered,0.0,Percent coverage,Unspecified
nfts_cohort_2022_67111.html,26,tabResultatLedNieveauAfsnitEX4,29,4,A27,2022-06-29,Wheat leaf spot % covered,0.0,Percent coverage,Unspecified
nfts_cohort_2022_67111.html,26,tabResultatLedNieveauAfsnitEX4,30,4,A28,2022-06-29,Wheat leaf spot % covered,1.0,Percent coverage,Unspecified
nfts_cohort_2022_67111.html,26,tabResultatLedNieveauAfsnitEX4,31,4,A29,2022-06-29,Wheat leaf spot % covered,1.0,Percent coverage,Unspecified
nfts_cohort_2022_67111.html,26,tabResultatLedNieveauAfsnitEX4,32,4,A30,2022-06-29,Wheat leaf spot % covered,1.0,Percent coverage,Unspecified
nfts_cohort_2022_67111.html,26,tabResultatLedNieveauAfsnitEX4,33,4,A31,2022-06-29,Wheat leaf spot % covered,0.0,Percent coverage,Unspecified
nfts_cohort_2022_67111.html,26,tabResultatLedNieveauAfsnitEX4,34,4,A32,2022-06-29,Wheat leaf spot % covered,2.0,Percent coverage,Unspecified
nfts_cohort_2022_67111.html,26,tabResultatLedNieveauAfsnitEX4,35,4,A33,2022-06-29,Wheat leaf spot % covered,1.0,Percent coverage,Unspecified
nfts_cohort_2022_67111.html,26,tabResultatLedNieveauAfsnitEX4,36,4,A34,2022-06-29,Wheat leaf spot % covered,0.0,Percent coverage,Unspecified
nfts_cohort_2022_67111.html,26,tabResultatLedNieveauAfsnitEX4,38,4,A36,2022-06-29,Wheat leaf spot % covered,2.0,Percent coverage,Unspecified
nfts_cohort_2022_67111.html,26,tabResultatLedNieveauAfsnitEX4,39,4,A37,2022-06-29,Wheat leaf spot % covered,0.0,Percent coverage,Unspecified
nfts_cohort_2022_67111.html,26,tabResultatLedNieveauAfsnitEX4,40,4,A38,2022-06-29,Wheat leaf spot % covered,1.0,Percent coverage,Unspecified
nfts_cohort_2022_67111.html,26,tabResultatLedNieveauAfsnitEX4,42,4,A40,2022-06-29,Wheat leaf spot % covered,1.0,Percent coverage,Unspecified
nfts_cohort_2022_67111.html,26,tabResultatLedNieveauAfsnitEX4,43,4,A41,2022-06-29,Wheat leaf spot % covered,1.0,Percent coverage,Unspecified
nfts_cohort_2022_67111.html,26,tabResultatLedNieveauAfsnitEX4,44,4,A42,2022-06-29,Wheat leaf spot % covered,2.0,Percent coverage,Unspecified
nfts_cohort_2022_67111.html,26,tabResultatLedNieveauAfsnitEX4,45,4,A43,2022-06-29,Wheat leaf spot % covered,1.0,Percent coverage,Unspecified
nfts_cohort_2022_67111.html,26,tabResultatLedNieveauAfsnitEX4,46,4,B1,2022-06-29,Wheat leaf spot % covered,0.0,Percent coverage,Unspecified
nfts_cohort_2022_67111.html,26,tabResultatLedNieveauAfsnitEX4,47,4,B2,2022-06-29,Wheat leaf spot % covered,1.0,Percent coverage,Unspecified
nfts_cohort_2022_67111.html,26,tabResultatLedNieveauAfsnitEX4,48,4,B3,2022-06-29,Wheat leaf spot % covered,0.0,Percent coverage,Unspecified
nfts_cohort_2022_67111.html,26,tabResultatLedNieveauAfsnitEX4,49,4,B4,2022-06-29,Wheat leaf spot % covered,0.0,Percent coverage,Unspecified
nfts_cohort_2022_67111.html,26,tabResultatLedNieveauAfsnitEX4,50,4,B5,2022-06-29,Wheat leaf spot % covered,0.0,Percent coverage,Unspecified
nfts_cohort_2022_67111.html,26,tabResultatLedNieveauAfsnitEX4,51,4,B6,2022-06-29,Wheat leaf spot % covered,2.0,Percent coverage,Unspecified
nfts_cohort_2022_67111.html,26,tabResultatLedNieveauAfsnitEX4,52,4,B7,2022-06-29,Wheat leaf spot % covered,0.0,Percent coverage,Unspecified
nfts_cohort_2022_67111.html,26,tabResultatLedNieveauAfsnitEX4,53,4,B8,2022-06-29,Wheat leaf spot % covered,1.0,Percent coverage,Unspecified
nfts_cohort_2022_67111.html,26,tabResultatLedNieveauAfsnitEX4,54,4,B9,2022-06-29,Wheat leaf spot % covered,0.0,Percent coverage,Unspecified
nfts_cohort_2022_67111.html,26,tabResultatLedNieveauAfsnitEX4,55,4,B10,2022-06-29,Wheat leaf spot % covered,0.0,Percent coverage,Unspecified
nfts_cohort_2022_67111.html,26,tabResultatLedNieveauAfsnitEX4,56,4,B11,2022-06-29,Wheat leaf spot % covered,0.0,Percent coverage,Unspecified
nfts_cohort_2022_67111.html,26,tabResultatLedNieveauAfsnitEX4,57,4,B12,2022-06-29,Wheat leaf spot % covered,1.0,Percent coverage,Unspecified
nfts_cohort_2022_67111.html,26,tabResultatLedNieveauAfsnitEX4,58,4,B13,2022-06-29,Wheat leaf spot % covered,1.0,Percent coverage,Unspecified
nfts_cohort_2022_67111.html,26,tabResultatLedNieveauAfsnitEX4,59,4,B14,2022-06-29,Wheat leaf spot % covered,0.0,Percent coverage,Unspecified
nfts_cohort_2022_67111.html,26,tabResultatLedNieveauAfsnitEX4,60,4,B15,2022-06-29,Wheat leaf spot % covered,0.0,Percent coverage,Unspecified
nfts_cohort_2022_67111.html,26,tabResultatLedNieveauAfsnitEX4,61,4,B16,2022-06-29,Wheat leaf spot % covered,0.0,Percent coverage,Unspecified
nfts_cohort_2022_67111.html,26,tabResultatLedNieveauAfsnitEX4,62,4,B17,2022-06-29,Wheat leaf spot % covered,0.0,Percent coverage,Unspecified
nfts_cohort_2022_67111.html,26,tabResultatLedNieveauAfsnitEX4,63,4,B18,2022-06-29,Wheat leaf spot % covered,0.0,Percent coverage,Unspecified
nfts_cohort_2022_67111.html,26,tabResultatLedNieveauAfsnitEX4,64,4,B19,2022-06-29,Wheat leaf spot % covered,0.0,Percent coverage,Unspecified
nfts_cohort_2022_67111.html,26,tabResultatLedNieveauAfsnitEX4,65,4,B20,2022-06-29,Wheat leaf spot % covered,1.0,Percent coverage,Unspecified
nfts_cohort_2022_67111.html,26,tabResultatLedNieveauAfsnitEX4,66,4,B21,2022-06-29,Wheat leaf spot % covered,0.0,Percent coverage,Unspecified
nfts_cohort_2022_67111.html,26,tabResultatLedNieveauAfsnitEX4,67,4,B22,2022-06-29,Wheat leaf spot % covered,0.0,Percent coverage,Unspecified
nfts_cohort_2022_67111.html,26,tabResultatLedNieveauAfsnitEX4,68,4,B23,2022-06-29,Wheat leaf spot % covered,0.0,Percent coverage,Unspecified
nfts_cohort_2022_67111.html,26,tabResultatLedNieveauAfsnitEX4,69,4,B24,2022-06-29,Wheat leaf spot % covered,0.0,Percent coverage,Unspecified
nfts_cohort_2022_67111.html,26,tabResultatLedNieveauAfsnitEX4,70,4,B25,2022-06-29,Wheat leaf spot % covered,0.0,Percent coverage,Unspecified
nfts_cohort_2022_67111.html,26,tabResultatLedNieveauAfsnitEX4,71,4,B26,2022-06-29,Wheat leaf spot % covered,0.0,Percent coverage,Unspecified
nfts_cohort_2022_67111.html,26,tabResultatLedNieveauAfsnitEX4,72,4,B27,2022-06-29,Wheat leaf spot % covered,0.0,Percent coverage,Unspecified
nfts_cohort_2022_67111.html,26,tabResultatLedNieveauAfsnitEX4,73,4,B28,2022-06-29,Wheat leaf spot % covered,0.0,Percent coverage,Unspecified
nfts_cohort_2022_67111.html,26,tabResultatLedNieveauAfsnitEX4,74,4,B29,2022-06-29,Wheat leaf spot % covered,0.0,Percent coverage,Unspecified
nfts_cohort_2022_67111.html,26,tabResultatLedNieveauAfsnitEX4,75,4,B30,2022-06-29,Wheat leaf spot % covered,0.0,Percent coverage,Unspecified
nfts_cohort_2022_67111.html,26,tabResultatLedNieveauAfsnitEX4,76,4,B31,2022-06-29,Wheat leaf spot % covered,0.0,Percent coverage,Unspecified
nfts_cohort_2022_67111.html,26,tabResultatLedNieveauAfsnitEX4,77,4,B32,2022-06-29,Wheat leaf spot % covered,1.0,Percent coverage,Unspecified
nfts_cohort_2022_67111.html,26,tabResultatLedNieveauAfsnitEX4,78,4,B33,2022-06-29,Wheat leaf spot % covered,0.0,Percent coverage,Unspecified
nfts_cohort_2022_67111.html,26,tabResultatLedNieveauAfsnitEX4,79,4,B34,2022-06-29,Wheat leaf spot % covered,0.0,Percent coverage,Unspecified
nfts_cohort_2022_67111.html,26,tabResultatLedNieveauAfsnitEX4,81,4,B36,2022-06-29,Wheat leaf spot % covered,2.0,Percent coverage,Unspecified
nfts_cohort_2022_67111.html,26,tabResultatLedNieveauAfsnitEX4,82,4,B37,2022-06-29,Wheat leaf spot % covered,0.0,Percent coverage,Unspecified
nfts_cohort_2022_67111.html,26,tabResultatLedNieveauAfsnitEX4,83,4,B38,2022-06-29,Wheat leaf spot % covered,0.0,Percent coverage,Unspecified
nfts_cohort_2022_67111.html,26,tabResultatLedNieveauAfsnitEX4,85,4,B40,2022-06-29,Wheat leaf spot % covered,0.0,Percent coverage,Unspecified
nfts_cohort_2022_67111.html,26,tabResultatLedNieveauAfsnitEX4,86,4,B41,2022-06-29,Wheat leaf spot % covered,0.0,Percent coverage,Unspecified
nfts_cohort_2022_67111.html,26,tabResultatLedNieveauAfsnitEX4,87,4,B42,2022-06-29,Wheat leaf spot % covered,0.0,Percent coverage,Unspecified
nfts_cohort_2022_67111.html,26,tabResultatLedNieveauAfsnitEX4,88,4,B43,2022-06-29,Wheat leaf spot % covered,0.0,Percent coverage,Unspecified
nfts_cohort_2022_67111.html,26,tabResultatLedNieveauAfsnitEX4,3,8,A1,2022-07-29,Wheat leaf spot % covered,15.0,Percent coverage,Unspecified
nfts_cohort_2022_67111.html,26,tabResultatLedNieveauAfsnitEX4,4,8,A2,2022-07-29,Wheat leaf spot % covered,8.0,Percent coverage,Unspecified
nfts_cohort_2022_67111.html,26,tabResultatLedNieveauAfsnitEX4,5,8,A3,2022-07-29,Wheat leaf spot % covered,5.0,Percent coverage,Unspecified
nfts_cohort_2022_67111.html,26,tabResultatLedNieveauAfsnitEX4,6,8,A4,2022-07-29,Wheat leaf spot % covered,6.0,Percent coverage,Unspecified
nfts_cohort_2022_67111.html,26,tabResultatLedNieveauAfsnitEX4,7,8,A5,2022-07-29,Wheat leaf spot % covered,10.0,Percent coverage,Unspecified
nfts_cohort_2022_67111.html,26,tabResultatLedNieveauAfsnitEX4,8,8,A6,2022-07-29,Wheat leaf spot % covered,8.0,Percent coverage,Unspecified
nfts_cohort_2022_67111.html,26,tabResultatLedNieveauAfsnitEX4,9,8,A7,2022-07-29,Wheat leaf spot % covered,20.0,Percent coverage,Unspecified
nfts_cohort_2022_67111.html,26,tabResultatLedNieveauAfsnitEX4,10,8,A8,2022-07-29,Wheat leaf spot % covered,20.0,Percent coverage,Unspecified
nfts_cohort_2022_67111.html,26,tabResultatLedNieveauAfsnitEX4,11,8,A9,2022-07-29,Wheat leaf spot % covered,8.0,Percent coverage,Unspecified
nfts_cohort_2022_67111.html,26,tabResultatLedNieveauAfsnitEX4,12,8,A10,2022-07-29,Wheat leaf spot % covered,6.0,Percent coverage,Unspecified
nfts_cohort_2022_67111.html,26,tabResultatLedNieveauAfsnitEX4,13,8,A11,2022-07-29,Wheat leaf spot % covered,20.0,Percent coverage,Unspecified
nfts_cohort_2022_67111.html,26,tabResultatLedNieveauAfsnitEX4,14,8,A12,2022-07-29,Wheat leaf spot % covered,10.0,Percent coverage,Unspecified
nfts_cohort_2022_67111.html,26,tabResultatLedNieveauAfsnitEX4,15,8,A13,2022-07-29,Wheat leaf spot % covered,6.0,Percent coverage,Unspecified
nfts_cohort_2022_67111.html,26,tabResultatLedNieveauAfsnitEX4,16,8,A14,2022-07-29,Wheat leaf spot % covered,5.0,Percent coverage,Unspecified
nfts_cohort_2022_67111.html,26,tabResultatLedNieveauAfsnitEX4,17,8,A15,2022-07-29,Wheat leaf spot % covered,8.0,Percent coverage,Unspecified
nfts_cohort_2022_67111.html,26,tabResultatLedNieveauAfsnitEX4,18,8,A16,2022-07-29,Wheat leaf spot % covered,5.0,Percent coverage,Unspecified
nfts_cohort_2022_67111.html,26,tabResultatLedNieveauAfsnitEX4,19,8,A17,2022-07-29,Wheat leaf spot % covered,28.0,Percent coverage,Unspecified
nfts_cohort_2022_67111.html,26,tabResultatLedNieveauAfsnitEX4,20,8,A18,2022-07-29,Wheat leaf spot % covered,5.0,Percent coverage,Unspecified
nfts_cohort_2022_67111.html,26,tabResultatLedNieveauAfsnitEX4,21,8,A19,2022-07-29,Wheat leaf spot % covered,5.0,Percent coverage,Unspecified
nfts_cohort_2022_67111.html,26,tabResultatLedNieveauAfsnitEX4,22,8,A20,2022-07-29,Wheat leaf spot % covered,5.0,Percent coverage,Unspecified
nfts_cohort_2022_67111.html,26,tabResultatLedNieveauAfsnitEX4,23,8,A21,2022-07-29,Wheat leaf spot % covered,22.0,Percent coverage,Unspecified
nfts_cohort_2022_67111.html,26,tabResultatLedNieveauAfsnitEX4,24,8,A22,2022-07-29,Wheat leaf spot % covered,20.0,Percent coverage,Unspecified
nfts_cohort_2022_67111.html,26,tabResultatLedNieveauAfsnitEX4,25,8,A23,2022-07-29,Wheat leaf spot % covered,20.0,Percent coverage,Unspecified
nfts_cohort_2022_67111.html,26,tabResultatLedNieveauAfsnitEX4,26,8,A24,2022-07-29,Wheat leaf spot % covered,5.0,Percent coverage,Unspecified
nfts_cohort_2022_67111.html,26,tabResultatLedNieveauAfsnitEX4,27,8,A25,2022-07-29,Wheat leaf spot % covered,15.0,Percent coverage,Unspecified
nfts_cohort_2022_67111.html,26,tabResultatLedNieveauAfsnitEX4,28,8,A26,2022-07-29,Wheat leaf spot % covered,28.0,Percent coverage,Unspecified
nfts_cohort_2022_67111.html,26,tabResultatLedNieveauAfsnitEX4,29,8,A27,2022-07-29,Wheat leaf spot % covered,30.0,Percent coverage,Unspecified
nfts_cohort_2022_67111.html,26,tabResultatLedNieveauAfsnitEX4,30,8,A28,2022-07-29,Wheat leaf spot % covered,10.0,Percent coverage,Unspecified
nfts_cohort_2022_67111.html,26,tabResultatLedNieveauAfsnitEX4,31,8,A29,2022-07-29,Wheat leaf spot % covered,2.0,Percent coverage,Unspecified
nfts_cohort_2022_67111.html,26,tabResultatLedNieveauAfsnitEX4,32,8,A30,2022-07-29,Wheat leaf spot % covered,15.0,Percent coverage,Unspecified
nfts_cohort_2022_67111.html,26,tabResultatLedNieveauAfsnitEX4,33,8,A31,2022-07-29,Wheat leaf spot % covered,20.0,Percent coverage,Unspecified
nfts_cohort_2022_67111.html,26,tabResultatLedNieveauAfsnitEX4,34,8,A32,2022-07-29,Wheat leaf spot % covered,25.0,Percent coverage,Unspecified
nfts_cohort_2022_67111.html,26,tabResultatLedNieveauAfsnitEX4,35,8,A33,2022-07-29,Wheat leaf spot % covered,8.0,Percent coverage,Unspecified
nfts_cohort_2022_67111.html,26,tabResultatLedNieveauAfsnitEX4,36,8,A34,2022-07-29,Wheat leaf spot % covered,20.0,Percent coverage,Unspecified
nfts_cohort_2022_67111.html,26,tabResultatLedNieveauAfsnitEX4,38,8,A36,2022-07-29,Wheat leaf spot % covered,12.0,Percent coverage,Unspecified
nfts_cohort_2022_67111.html,26,tabResultatLedNieveauAfsnitEX4,39,8,A37,2022-07-29,Wheat leaf spot % covered,8.0,Percent coverage,Unspecified
nfts_cohort_2022_67111.html,26,tabResultatLedNieveauAfsnitEX4,40,8,A38,2022-07-29,Wheat leaf spot % covered,25.0,Percent coverage,Unspecified
nfts_cohort_2022_67111.html,26,tabResultatLedNieveauAfsnitEX4,42,8,A40,2022-07-29,Wheat leaf spot % covered,2.0,Percent coverage,Unspecified
nfts_cohort_2022_67111.html,26,tabResultatLedNieveauAfsnitEX4,43,8,A41,2022-07-29,Wheat leaf spot % covered,10.0,Percent coverage,Unspecified
nfts_cohort_2022_67111.html,26,tabResultatLedNieveauAfsnitEX4,44,8,A42,2022-07-29,Wheat leaf spot % covered,12.0,Percent coverage,Unspecified
nfts_cohort_2022_67111.html,26,tabResultatLedNieveauAfsnitEX4,45,8,A43,2022-07-29,Wheat leaf spot % covered,15.0,Percent coverage,Unspecified
nfts_cohort_2022_67111.html,26,tabResultatLedNieveauAfsnitEX4,46,8,B1,2022-07-29,Wheat leaf spot % covered,8.0,Percent coverage,Unspecified
nfts_cohort_2022_67111.html,26,tabResultatLedNieveauAfsnitEX4,47,8,B2,2022-07-29,Wheat leaf spot % covered,30.0,Percent coverage,Unspecified
nfts_cohort_2022_67111.html,26,tabResultatLedNieveauAfsnitEX4,48,8,B3,2022-07-29,Wheat leaf spot % covered,15.0,Percent coverage,Unspecified
nfts_cohort_2022_67111.html,26,tabResultatLedNieveauAfsnitEX4,49,8,B4,2022-07-29,Wheat leaf spot % covered,15.0,Percent coverage,Unspecified
nfts_cohort_2022_67111.html,26,tabResultatLedNieveauAfsnitEX4,50,8,B5,2022-07-29,Wheat leaf spot % covered,15.0,Percent coverage,Unspecified
nfts_cohort_2022_67111.html,26,tabResultatLedNieveauAfsnitEX4,51,8,B6,2022-07-29,Wheat leaf spot % covered,10.0,Percent coverage,Unspecified
nfts_cohort_2022_67111.html,26,tabResultatLedNieveauAfsnitEX4,52,8,B7,2022-07-29,Wheat leaf spot % covered,8.0,Percent coverage,Unspecified
nfts_cohort_2022_67111.html,26,tabResultatLedNieveauAfsnitEX4,53,8,B8,2022-07-29,Wheat leaf spot % covered,10.0,Percent coverage,Unspecified
nfts_cohort_2022_67111.html,26,tabResultatLedNieveauAfsnitEX4,54,8,B9,2022-07-29,Wheat leaf spot % covered,2.0,Percent coverage,Unspecified
nfts_cohort_2022_67111.html,26,tabResultatLedNieveauAfsnitEX4,55,8,B10,2022-07-29,Wheat leaf spot % covered,8.0,Percent coverage,Unspecified
nfts_cohort_2022_67111.html,26,tabResultatLedNieveauAfsnitEX4,56,8,B11,2022-07-29,Wheat leaf spot % covered,10.0,Percent coverage,Unspecified
nfts_cohort_2022_67111.html,26,tabResultatLedNieveauAfsnitEX4,57,8,B12,2022-07-29,Wheat leaf spot % covered,6.0,Percent coverage,Unspecified
nfts_cohort_2022_67111.html,26,tabResultatLedNieveauAfsnitEX4,58,8,B13,2022-07-29,Wheat leaf spot % covered,5.0,Percent coverage,Unspecified
nfts_cohort_2022_67111.html,26,tabResultatLedNieveauAfsnitEX4,59,8,B14,2022-07-29,Wheat leaf spot % covered,20.0,Percent coverage,Unspecified
nfts_cohort_2022_67111.html,26,tabResultatLedNieveauAfsnitEX4,60,8,B15,2022-07-29,Wheat leaf spot % covered,10.0,Percent coverage,Unspecified
nfts_cohort_2022_67111.html,26,tabResultatLedNieveauAfsnitEX4,61,8,B16,2022-07-29,Wheat leaf spot % covered,8.0,Percent coverage,Unspecified
nfts_cohort_2022_67111.html,26,tabResultatLedNieveauAfsnitEX4,62,8,B17,2022-07-29,Wheat leaf spot % covered,15.0,Percent coverage,Unspecified
nfts_cohort_2022_67111.html,26,tabResultatLedNieveauAfsnitEX4,63,8,B18,2022-07-29,Wheat leaf spot % covered,18.0,Percent coverage,Unspecified
nfts_cohort_2022_67111.html,26,tabResultatLedNieveauAfsnitEX4,64,8,B19,2022-07-29,Wheat leaf spot % covered,6.0,Percent coverage,Unspecified
nfts_cohort_2022_67111.html,26,tabResultatLedNieveauAfsnitEX4,65,8,B20,2022-07-29,Wheat leaf spot % covered,10.0,Percent coverage,Unspecified
nfts_cohort_2022_67111.html,26,tabResultatLedNieveauAfsnitEX4,66,8,B21,2022-07-29,Wheat leaf spot % covered,10.0,Percent coverage,Unspecified
nfts_cohort_2022_67111.html,26,tabResultatLedNieveauAfsnitEX4,67,8,B22,2022-07-29,Wheat leaf spot % covered,10.0,Percent coverage,Unspecified
nfts_cohort_2022_67111.html,26,tabResultatLedNieveauAfsnitEX4,68,8,B23,2022-07-29,Wheat leaf spot % covered,25.0,Percent coverage,Unspecified
nfts_cohort_2022_67111.html,26,tabResultatLedNieveauAfsnitEX4,69,8,B24,2022-07-29,Wheat leaf spot % covered,10.0,Percent coverage,Unspecified
nfts_cohort_2022_67111.html,26,tabResultatLedNieveauAfsnitEX4,70,8,B25,2022-07-29,Wheat leaf spot % covered,15.0,Percent coverage,Unspecified
nfts_cohort_2022_67111.html,26,tabResultatLedNieveauAfsnitEX4,71,8,B26,2022-07-29,Wheat leaf spot % covered,15.0,Percent coverage,Unspecified
nfts_cohort_2022_67111.html,26,tabResultatLedNieveauAfsnitEX4,72,8,B27,2022-07-29,Wheat leaf spot % covered,35.0,Percent coverage,Unspecified
nfts_cohort_2022_67111.html,26,tabResultatLedNieveauAfsnitEX4,73,8,B28,2022-07-29,Wheat leaf spot % covered,18.0,Percent coverage,Unspecified
nfts_cohort_2022_67111.html,26,tabResultatLedNieveauAfsnitEX4,74,8,B29,2022-07-29,Wheat leaf spot % covered,6.0,Percent coverage,Unspecified
nfts_cohort_2022_67111.html,26,tabResultatLedNieveauAfsnitEX4,75,8,B30,2022-07-29,Wheat leaf spot % covered,8.0,Percent coverage,Unspecified
nfts_cohort_2022_67111.html,26,tabResultatLedNieveauAfsnitEX4,76,8,B31,2022-07-29,Wheat leaf spot % covered,15.0,Percent coverage,Unspecified
nfts_cohort_2022_67111.html,26,tabResultatLedNieveauAfsnitEX4,77,8,B32,2022-07-29,Wheat leaf spot % covered,15.0,Percent coverage,Unspecified
nfts_cohort_2022_67111.html,26,tabResultatLedNieveauAfsnitEX4,78,8,B33,2022-07-29,Wheat leaf spot % covered,22.0,Percent coverage,Unspecified
nfts_cohort_2022_67111.html,26,tabResultatLedNieveauAfsnitEX4,79,8,B34,2022-07-29,Wheat leaf spot % covered,12.0,Percent coverage,Unspecified
nfts_cohort_2022_67111.html,26,tabResultatLedNieveauAfsnitEX4,81,8,B36,2022-07-29,Wheat leaf spot % covered,8.0,Percent coverage,Unspecified
nfts_cohort_2022_67111.html,26,tabResultatLedNieveauAfsnitEX4,82,8,B37,2022-07-29,Wheat leaf spot % covered,6.0,Percent coverage,Unspecified
nfts_cohort_2022_67111.html,26,tabResultatLedNieveauAfsnitEX4,83,8,B38,2022-07-29,Wheat leaf spot % covered,15.0,Percent coverage,Unspecified
nfts_cohort_2022_67111.html,26,tabResultatLedNieveauAfsnitEX4,85,8,B40,2022-07-29,Wheat leaf spot % covered,15.0,Percent coverage,Unspecified
nfts_cohort_2022_67111.html,26,tabResultatLedNieveauAfsnitEX4,86,8,B41,2022-07-29,Wheat leaf spot % covered,8.0,Percent coverage,Unspecified
nfts_cohort_2022_67111.html,26,tabResultatLedNieveauAfsnitEX4,87,8,B42,2022-07-29,Wheat leaf spot % covered,20.0,Percent coverage,Unspecified
nfts_cohort_2022_67111.html,26,tabResultatLedNieveauAfsnitEX4,88,8,B43,2022-07-29,Wheat leaf spot % covered,10.0,Percent coverage,Unspecified
nfts_native_67111_sv.html,25,tabResultatLedNieveauAfsnitEX3,3,6,A1,2022-06-29,Svartpricksjuka % täckning,0.0,Percent coverage,Unspecified
nfts_native_67111_sv.html,25,tabResultatLedNieveauAfsnitEX3,4,6,A2,2022-06-29,Svartpricksjuka % täckning,0.0,Percent coverage,Unspecified
nfts_native_67111_sv.html,25,tabResultatLedNieveauAfsnitEX3,5,6,A3,2022-06-29,Svartpricksjuka % täckning,0.0,Percent coverage,Unspecified
nfts_native_67111_sv.html,25,tabResultatLedNieveauAfsnitEX3,6,6,A4,2022-06-29,Svartpricksjuka % täckning,0.0,Percent coverage,Unspecified
nfts_native_67111_sv.html,25,tabResultatLedNieveauAfsnitEX3,7,6,A5,2022-06-29,Svartpricksjuka % täckning,0.0,Percent coverage,Unspecified
nfts_native_67111_sv.html,25,tabResultatLedNieveauAfsnitEX3,8,6,A6,2022-06-29,Svartpricksjuka % täckning,0.0,Percent coverage,Unspecified
nfts_native_67111_sv.html,25,tabResultatLedNieveauAfsnitEX3,9,6,A7,2022-06-29,Svartpricksjuka % täckning,0.5,Percent coverage,Unspecified
nfts_native_67111_sv.html,25,tabResultatLedNieveauAfsnitEX3,10,6,A8,2022-06-29,Svartpricksjuka % täckning,0.0,Percent coverage,Unspecified
nfts_native_67111_sv.html,25,tabResultatLedNieveauAfsnitEX3,11,6,A9,2022-06-29,Svartpricksjuka % täckning,0.5,Percent coverage,Unspecified
nfts_native_67111_sv.html,25,tabResultatLedNieveauAfsnitEX3,12,6,A10,2022-06-29,Svartpricksjuka % täckning,0.0,Percent coverage,Unspecified
nfts_native_67111_sv.html,25,tabResultatLedNieveauAfsnitEX3,13,6,A11,2022-06-29,Svartpricksjuka % täckning,0.0,Percent coverage,Unspecified
nfts_native_67111_sv.html,25,tabResultatLedNieveauAfsnitEX3,14,6,A12,2022-06-29,Svartpricksjuka % täckning,0.0,Percent coverage,Unspecified
nfts_native_67111_sv.html,25,tabResultatLedNieveauAfsnitEX3,15,6,A13,2022-06-29,Svartpricksjuka % täckning,0.0,Percent coverage,Unspecified
nfts_native_67111_sv.html,25,tabResultatLedNieveauAfsnitEX3,16,6,A14,2022-06-29,Svartpricksjuka % täckning,0.0,Percent coverage,Unspecified
nfts_native_67111_sv.html,25,tabResultatLedNieveauAfsnitEX3,17,6,A15,2022-06-29,Svartpricksjuka % täckning,0.0,Percent coverage,Unspecified
nfts_native_67111_sv.html,25,tabResultatLedNieveauAfsnitEX3,18,6,A16,2022-06-29,Svartpricksjuka % täckning,0.0,Percent coverage,Unspecified
nfts_native_67111_sv.html,25,tabResultatLedNieveauAfsnitEX3,19,6,A17,2022-06-29,Svartpricksjuka % täckning,0.0,Percent coverage,Unspecified
nfts_native_67111_sv.html,25,tabResultatLedNieveauAfsnitEX3,20,6,A18,2022-06-29,Svartpricksjuka % täckning,0.0,Percent coverage,Unspecified
nfts_native_67111_sv.html,25,tabResultatLedNieveauAfsnitEX3,21,6,A19,2022-06-29,Svartpricksjuka % täckning,0.0,Percent coverage,Unspecified
nfts_native_67111_sv.html,25,tabResultatLedNieveauAfsnitEX3,22,6,A20,2022-06-29,Svartpricksjuka % täckning,0.0,Percent coverage,Unspecified
nfts_native_67111_sv.html,25,tabResultatLedNieveauAfsnitEX3,23,6,A21,2022-06-29,Svartpricksjuka % täckning,0.0,Percent coverage,Unspecified
nfts_native_67111_sv.html,25,tabResultatLedNieveauAfsnitEX3,24,6,A22,2022-06-29,Svartpricksjuka % täckning,0.0,Percent coverage,Unspecified
nfts_native_67111_sv.html,25,tabResultatLedNieveauAfsnitEX3,25,6,A23,2022-06-29,Svartpricksjuka % täckning,0.0,Percent coverage,Unspecified
nfts_native_67111_sv.html,25,tabResultatLedNieveauAfsnitEX3,26,6,A24,2022-06-29,Svartpricksjuka % täckning,0.0,Percent coverage,Unspecified
nfts_native_67111_sv.html,25,tabResultatLedNieveauAfsnitEX3,27,6,A25,2022-06-29,Svartpricksjuka % täckning,0.0,Percent coverage,Unspecified
nfts_native_67111_sv.html,25,tabResultatLedNieveauAfsnitEX3,28,6,A26,2022-06-29,Svartpricksjuka % täckning,0.0,Percent coverage,Unspecified
nfts_native_67111_sv.html,25,tabResultatLedNieveauAfsnitEX3,29,6,A27,2022-06-29,Svartpricksjuka % täckning,0.0,Percent coverage,Unspecified
nfts_native_67111_sv.html,25,tabResultatLedNieveauAfsnitEX3,30,6,A28,2022-06-29,Svartpricksjuka % täckning,0.0,Percent coverage,Unspecified
nfts_native_67111_sv.html,25,tabResultatLedNieveauAfsnitEX3,31,6,A29,2022-06-29,Svartpricksjuka % täckning,0.0,Percent coverage,Unspecified
nfts_native_67111_sv.html,25,tabResultatLedNieveauAfsnitEX3,32,6,A30,2022-06-29,Svartpricksjuka % täckning,0.5,Percent coverage,Unspecified
nfts_native_67111_sv.html,25,tabResultatLedNieveauAfsnitEX3,33,6,A31,2022-06-29,Svartpricksjuka % täckning,0.0,Percent coverage,Unspecified
nfts_native_67111_sv.html,25,tabResultatLedNieveauAfsnitEX3,34,6,A32,2022-06-29,Svartpricksjuka % täckning,0.0,Percent coverage,Unspecified
nfts_native_67111_sv.html,25,tabResultatLedNieveauAfsnitEX3,35,6,A33,2022-06-29,Svartpricksjuka % täckning,0.5,Percent coverage,Unspecified
nfts_native_67111_sv.html,25,tabResultatLedNieveauAfsnitEX3,36,6,A34,2022-06-29,Svartpricksjuka % täckning,0.0,Percent coverage,Unspecified
nfts_native_67111_sv.html,25,tabResultatLedNieveauAfsnitEX3,38,6,A36,2022-06-29,Svartpricksjuka % täckning,0.0,Percent coverage,Unspecified
nfts_native_67111_sv.html,25,tabResultatLedNieveauAfsnitEX3,39,6,A37,2022-06-29,Svartpricksjuka % täckning,0.0,Percent coverage,Unspecified
nfts_native_67111_sv.html,25,tabResultatLedNieveauAfsnitEX3,40,6,A38,2022-06-29,Svartpricksjuka % täckning,0.0,Percent coverage,Unspecified
nfts_native_67111_sv.html,25,tabResultatLedNieveauAfsnitEX3,42,6,A40,2022-06-29,Svartpricksjuka % täckning,0.0,Percent coverage,Unspecified
nfts_native_67111_sv.html,25,tabResultatLedNieveauAfsnitEX3,43,6,A41,2022-06-29,Svartpricksjuka % täckning,0.0,Percent coverage,Unspecified
nfts_native_67111_sv.html,25,tabResultatLedNieveauAfsnitEX3,44,6,A42,2022-06-29,Svartpricksjuka % täckning,0.0,Percent coverage,Unspecified
nfts_native_67111_sv.html,25,tabResultatLedNieveauAfsnitEX3,45,6,A43,2022-06-29,Svartpricksjuka % täckning,0.0,Percent coverage,Unspecified
nfts_native_67111_sv.html,25,tabResultatLedNieveauAfsnitEX3,46,6,B1,2022-06-29,Svartpricksjuka % täckning,0.0,Percent coverage,Unspecified
nfts_native_67111_sv.html,25,tabResultatLedNieveauAfsnitEX3,47,6,B2,2022-06-29,Svartpricksjuka % täckning,0.0,Percent coverage,Unspecified
nfts_native_67111_sv.html,25,tabResultatLedNieveauAfsnitEX3,48,6,B3,2022-06-29,Svartpricksjuka % täckning,0.0,Percent coverage,Unspecified
nfts_native_67111_sv.html,25,tabResultatLedNieveauAfsnitEX3,49,6,B4,2022-06-29,Svartpricksjuka % täckning,0.0,Percent coverage,Unspecified
nfts_native_67111_sv.html,25,tabResultatLedNieveauAfsnitEX3,50,6,B5,2022-06-29,Svartpricksjuka % täckning,0.0,Percent coverage,Unspecified
nfts_native_67111_sv.html,25,tabResultatLedNieveauAfsnitEX3,51,6,B6,2022-06-29,Svartpricksjuka % täckning,0.0,Percent coverage,Unspecified
nfts_native_67111_sv.html,25,tabResultatLedNieveauAfsnitEX3,52,6,B7,2022-06-29,Svartpricksjuka % täckning,0.0,Percent coverage,Unspecified
nfts_native_67111_sv.html,25,tabResultatLedNieveauAfsnitEX3,53,6,B8,2022-06-29,Svartpricksjuka % täckning,0.0,Percent coverage,Unspecified
nfts_native_67111_sv.html,25,tabResultatLedNieveauAfsnitEX3,54,6,B9,2022-06-29,Svartpricksjuka % täckning,0.0,Percent coverage,Unspecified
nfts_native_67111_sv.html,25,tabResultatLedNieveauAfsnitEX3,55,6,B10,2022-06-29,Svartpricksjuka % täckning,0.0,Percent coverage,Unspecified
nfts_native_67111_sv.html,25,tabResultatLedNieveauAfsnitEX3,56,6,B11,2022-06-29,Svartpricksjuka % täckning,0.0,Percent coverage,Unspecified
nfts_native_67111_sv.html,25,tabResultatLedNieveauAfsnitEX3,57,6,B12,2022-06-29,Svartpricksjuka % täckning,0.0,Percent coverage,Unspecified
nfts_native_67111_sv.html,25,tabResultatLedNieveauAfsnitEX3,58,6,B13,2022-06-29,Svartpricksjuka % täckning,0.0,Percent coverage,Unspecified
nfts_native_67111_sv.html,25,tabResultatLedNieveauAfsnitEX3,59,6,B14,2022-06-29,Svartpricksjuka % täckning,0.0,Percent coverage,Unspecified
nfts_native_67111_sv.html,25,tabResultatLedNieveauAfsnitEX3,60,6,B15,2022-06-29,Svartpricksjuka % täckning,0.0,Percent coverage,Unspecified
nfts_native_67111_sv.html,25,tabResultatLedNieveauAfsnitEX3,61,6,B16,2022-06-29,Svartpricksjuka % täckning,0.0,Percent coverage,Unspecified
nfts_native_67111_sv.html,25,tabResultatLedNieveauAfsnitEX3,62,6,B17,2022-06-29,Svartpricksjuka % täckning,0.0,Percent coverage,Unspecified
nfts_native_67111_sv.html,25,tabResultatLedNieveauAfsnitEX3,63,6,B18,2022-06-29,Svartpricksjuka % täckning,0.0,Percent coverage,Unspecified
nfts_native_67111_sv.html,25,tabResultatLedNieveauAfsnitEX3,64,6,B19,2022-06-29,Svartpricksjuka % täckning,0.0,Percent coverage,Unspecified
nfts_native_67111_sv.html,25,tabResultatLedNieveauAfsnitEX3,65,6,B20,2022-06-29,Svartpricksjuka % täckning,0.0,Percent coverage,Unspecified
nfts_native_67111_sv.html,25,tabResultatLedNieveauAfsnitEX3,66,6,B21,2022-06-29,Svartpricksjuka % täckning,0.0,Percent coverage,Unspecified
nfts_native_67111_sv.html,25,tabResultatLedNieveauAfsnitEX3,67,6,B22,2022-06-29,Svartpricksjuka % täckning,0.0,Percent coverage,Unspecified
nfts_native_67111_sv.html,25,tabResultatLedNieveauAfsnitEX3,68,6,B23,2022-06-29,Svartpricksjuka % täckning,0.0,Percent coverage,Unspecified
nfts_native_67111_sv.html,25,tabResultatLedNieveauAfsnitEX3,69,6,B24,2022-06-29,Svartpricksjuka % täckning,0.0,Percent coverage,Unspecified
nfts_native_67111_sv.html,25,tabResultatLedNieveauAfsnitEX3,70,6,B25,2022-06-29,Svartpricksjuka % täckning,0.0,Percent coverage,Unspecified
nfts_native_67111_sv.html,25,tabResultatLedNieveauAfsnitEX3,71,6,B26,2022-06-29,Svartpricksjuka % täckning,0.0,Percent coverage,Unspecified
nfts_native_67111_sv.html,25,tabResultatLedNieveauAfsnitEX3,72,6,B27,2022-06-29,Svartpricksjuka % täckning,0.0,Percent coverage,Unspecified
nfts_native_67111_sv.html,25,tabResultatLedNieveauAfsnitEX3,73,6,B28,2022-06-29,Svartpricksjuka % täckning,0.0,Percent coverage,Unspecified
nfts_native_67111_sv.html,25,tabResultatLedNieveauAfsnitEX3,74,6,B29,2022-06-29,Svartpricksjuka % täckning,0.0,Percent coverage,Unspecified
nfts_native_67111_sv.html,25,tabResultatLedNieveauAfsnitEX3,75,6,B30,2022-06-29,Svartpricksjuka % täckning,0.0,Percent coverage,Unspecified
nfts_native_67111_sv.html,25,tabResultatLedNieveauAfsnitEX3,76,6,B31,2022-06-29,Svartpricksjuka % täckning,0.0,Percent coverage,Unspecified
nfts_native_67111_sv.html,25,tabResultatLedNieveauAfsnitEX3,77,6,B32,2022-06-29,Svartpricksjuka % täckning,0.0,Percent coverage,Unspecified
nfts_native_67111_sv.html,25,tabResultatLedNieveauAfsnitEX3,78,6,B33,2022-06-29,Svartpricksjuka % täckning,0.0,Percent coverage,Unspecified
nfts_native_67111_sv.html,25,tabResultatLedNieveauAfsnitEX3,79,6,B34,2022-06-29,Svartpricksjuka % täckning,0.0,Percent coverage,Unspecified
nfts_native_67111_sv.html,25,tabResultatLedNieveauAfsnitEX3,81,6,B36,2022-06-29,Svartpricksjuka % täckning,0.0,Percent coverage,Unspecified
nfts_native_67111_sv.html,25,tabResultatLedNieveauAfsnitEX3,82,6,B37,2022-06-29,Svartpricksjuka % täckning,0.0,Percent coverage,Unspecified
nfts_native_67111_sv.html,25,tabResultatLedNieveauAfsnitEX3,83,6,B38,2022-06-29,Svartpricksjuka % täckning,0.0,Percent coverage,Unspecified
nfts_native_67111_sv.html,25,tabResultatLedNieveauAfsnitEX3,85,6,B40,2022-06-29,Svartpricksjuka % täckning,0.0,Percent coverage,Unspecified
nfts_native_67111_sv.html,25,tabResultatLedNieveauAfsnitEX3,86,6,B41,2022-06-29,Svartpricksjuka % täckning,0.0,Percent coverage,Unspecified
nfts_native_67111_sv.html,25,tabResultatLedNieveauAfsnitEX3,87,6,B42,2022-06-29,Svartpricksjuka % täckning,0.0,Percent coverage,Unspecified
nfts_native_67111_sv.html,25,tabResultatLedNieveauAfsnitEX3,88,6,B43,2022-06-29,Svartpricksjuka % täckning,0.0,Percent coverage,Unspecified
nfts_native_67111_sv.html,25,tabResultatLedNieveauAfsnitEX3,3,7,A1,2022-07-29,Svartpricksjuka % täckning,32.0,Percent coverage,Unspecified
nfts_native_67111_sv.html,25,tabResultatLedNieveauAfsnitEX3,4,7,A2,2022-07-29,Svartpricksjuka % täckning,70.0,Percent coverage,Unspecified
nfts_native_67111_sv.html,25,tabResultatLedNieveauAfsnitEX3,5,7,A3,2022-07-29,Svartpricksjuka % täckning,42.0,Percent coverage,Unspecified
nfts_native_67111_sv.html,25,tabResultatLedNieveauAfsnitEX3,6,7,A4,2022-07-29,Svartpricksjuka % täckning,25.0,Percent coverage,Unspecified
nfts_native_67111_sv.html,25,tabResultatLedNieveauAfsnitEX3,7,7,A5,2022-07-29,Svartpricksjuka % täckning,35.0,Percent coverage,Unspecified
nfts_native_67111_sv.html,25,tabResultatLedNieveauAfsnitEX3,8,7,A6,2022-07-29,Svartpricksjuka % täckning,60.0,Percent coverage,Unspecified
nfts_native_67111_sv.html,25,tabResultatLedNieveauAfsnitEX3,9,7,A7,2022-07-29,Svartpricksjuka % täckning,38.0,Percent coverage,Unspecified
nfts_native_67111_sv.html,25,tabResultatLedNieveauAfsnitEX3,10,7,A8,2022-07-29,Svartpricksjuka % täckning,40.0,Percent coverage,Unspecified
nfts_native_67111_sv.html,25,tabResultatLedNieveauAfsnitEX3,11,7,A9,2022-07-29,Svartpricksjuka % täckning,50.0,Percent coverage,Unspecified
nfts_native_67111_sv.html,25,tabResultatLedNieveauAfsnitEX3,12,7,A10,2022-07-29,Svartpricksjuka % täckning,55.0,Percent coverage,Unspecified
nfts_native_67111_sv.html,25,tabResultatLedNieveauAfsnitEX3,13,7,A11,2022-07-29,Svartpricksjuka % täckning,30.0,Percent coverage,Unspecified
nfts_native_67111_sv.html,25,tabResultatLedNieveauAfsnitEX3,14,7,A12,2022-07-29,Svartpricksjuka % täckning,58.0,Percent coverage,Unspecified
nfts_native_67111_sv.html,25,tabResultatLedNieveauAfsnitEX3,15,7,A13,2022-07-29,Svartpricksjuka % täckning,42.0,Percent coverage,Unspecified
nfts_native_67111_sv.html,25,tabResultatLedNieveauAfsnitEX3,16,7,A14,2022-07-29,Svartpricksjuka % täckning,42.0,Percent coverage,Unspecified
nfts_native_67111_sv.html,25,tabResultatLedNieveauAfsnitEX3,17,7,A15,2022-07-29,Svartpricksjuka % täckning,50.0,Percent coverage,Unspecified
nfts_native_67111_sv.html,25,tabResultatLedNieveauAfsnitEX3,18,7,A16,2022-07-29,Svartpricksjuka % täckning,35.0,Percent coverage,Unspecified
nfts_native_67111_sv.html,25,tabResultatLedNieveauAfsnitEX3,19,7,A17,2022-07-29,Svartpricksjuka % täckning,35.0,Percent coverage,Unspecified
nfts_native_67111_sv.html,25,tabResultatLedNieveauAfsnitEX3,20,7,A18,2022-07-29,Svartpricksjuka % täckning,65.0,Percent coverage,Unspecified
nfts_native_67111_sv.html,25,tabResultatLedNieveauAfsnitEX3,21,7,A19,2022-07-29,Svartpricksjuka % täckning,28.0,Percent coverage,Unspecified
nfts_native_67111_sv.html,25,tabResultatLedNieveauAfsnitEX3,22,7,A20,2022-07-29,Svartpricksjuka % täckning,48.0,Percent coverage,Unspecified
nfts_native_67111_sv.html,25,tabResultatLedNieveauAfsnitEX3,23,7,A21,2022-07-29,Svartpricksjuka % täckning,25.0,Percent coverage,Unspecified
nfts_native_67111_sv.html,25,tabResultatLedNieveauAfsnitEX3,24,7,A22,2022-07-29,Svartpricksjuka % täckning,32.0,Percent coverage,Unspecified
nfts_native_67111_sv.html,25,tabResultatLedNieveauAfsnitEX3,25,7,A23,2022-07-29,Svartpricksjuka % täckning,32.0,Percent coverage,Unspecified
nfts_native_67111_sv.html,25,tabResultatLedNieveauAfsnitEX3,26,7,A24,2022-07-29,Svartpricksjuka % täckning,48.0,Percent coverage,Unspecified
nfts_native_67111_sv.html,25,tabResultatLedNieveauAfsnitEX3,27,7,A25,2022-07-29,Svartpricksjuka % täckning,40.0,Percent coverage,Unspecified
nfts_native_67111_sv.html,25,tabResultatLedNieveauAfsnitEX3,28,7,A26,2022-07-29,Svartpricksjuka % täckning,5.0,Percent coverage,Unspecified
nfts_native_67111_sv.html,25,tabResultatLedNieveauAfsnitEX3,29,7,A27,2022-07-29,Svartpricksjuka % täckning,30.0,Percent coverage,Unspecified
nfts_native_67111_sv.html,25,tabResultatLedNieveauAfsnitEX3,30,7,A28,2022-07-29,Svartpricksjuka % täckning,48.0,Percent coverage,Unspecified
nfts_native_67111_sv.html,25,tabResultatLedNieveauAfsnitEX3,31,7,A29,2022-07-29,Svartpricksjuka % täckning,50.0,Percent coverage,Unspecified
nfts_native_67111_sv.html,25,tabResultatLedNieveauAfsnitEX3,32,7,A30,2022-07-29,Svartpricksjuka % täckning,35.0,Percent coverage,Unspecified
nfts_native_67111_sv.html,25,tabResultatLedNieveauAfsnitEX3,33,7,A31,2022-07-29,Svartpricksjuka % täckning,30.0,Percent coverage,Unspecified
nfts_native_67111_sv.html,25,tabResultatLedNieveauAfsnitEX3,34,7,A32,2022-07-29,Svartpricksjuka % täckning,38.0,Percent coverage,Unspecified
nfts_native_67111_sv.html,25,tabResultatLedNieveauAfsnitEX3,35,7,A33,2022-07-29,Svartpricksjuka % täckning,50.0,Percent coverage,Unspecified
nfts_native_67111_sv.html,25,tabResultatLedNieveauAfsnitEX3,36,7,A34,2022-07-29,Svartpricksjuka % täckning,18.0,Percent coverage,Unspecified
nfts_native_67111_sv.html,25,tabResultatLedNieveauAfsnitEX3,38,7,A36,2022-07-29,Svartpricksjuka % täckning,45.0,Percent coverage,Unspecified
nfts_native_67111_sv.html,25,tabResultatLedNieveauAfsnitEX3,39,7,A37,2022-07-29,Svartpricksjuka % täckning,35.0,Percent coverage,Unspecified
nfts_native_67111_sv.html,25,tabResultatLedNieveauAfsnitEX3,40,7,A38,2022-07-29,Svartpricksjuka % täckning,28.0,Percent coverage,Unspecified
nfts_native_67111_sv.html,25,tabResultatLedNieveauAfsnitEX3,42,7,A40,2022-07-29,Svartpricksjuka % täckning,50.0,Percent coverage,Unspecified
nfts_native_67111_sv.html,25,tabResultatLedNieveauAfsnitEX3,43,7,A41,2022-07-29,Svartpricksjuka % täckning,32.0,Percent coverage,Unspecified
nfts_native_67111_sv.html,25,tabResultatLedNieveauAfsnitEX3,44,7,A42,2022-07-29,Svartpricksjuka % täckning,32.0,Percent coverage,Unspecified
nfts_native_67111_sv.html,25,tabResultatLedNieveauAfsnitEX3,45,7,A43,2022-07-29,Svartpricksjuka % täckning,40.0,Percent coverage,Unspecified
nfts_native_67111_sv.html,25,tabResultatLedNieveauAfsnitEX3,46,7,B1,2022-07-29,Svartpricksjuka % täckning,30.0,Percent coverage,Unspecified
nfts_native_67111_sv.html,25,tabResultatLedNieveauAfsnitEX3,47,7,B2,2022-07-29,Svartpricksjuka % täckning,45.0,Percent coverage,Unspecified
nfts_native_67111_sv.html,25,tabResultatLedNieveauAfsnitEX3,48,7,B3,2022-07-29,Svartpricksjuka % täckning,25.0,Percent coverage,Unspecified
nfts_native_67111_sv.html,25,tabResultatLedNieveauAfsnitEX3,49,7,B4,2022-07-29,Svartpricksjuka % täckning,10.0,Percent coverage,Unspecified
nfts_native_67111_sv.html,25,tabResultatLedNieveauAfsnitEX3,50,7,B5,2022-07-29,Svartpricksjuka % täckning,30.0,Percent coverage,Unspecified
nfts_native_67111_sv.html,25,tabResultatLedNieveauAfsnitEX3,51,7,B6,2022-07-29,Svartpricksjuka % täckning,15.0,Percent coverage,Unspecified
nfts_native_67111_sv.html,25,tabResultatLedNieveauAfsnitEX3,52,7,B7,2022-07-29,Svartpricksjuka % täckning,10.0,Percent coverage,Unspecified
nfts_native_67111_sv.html,25,tabResultatLedNieveauAfsnitEX3,53,7,B8,2022-07-29,Svartpricksjuka % täckning,20.0,Percent coverage,Unspecified
nfts_native_67111_sv.html,25,tabResultatLedNieveauAfsnitEX3,54,7,B9,2022-07-29,Svartpricksjuka % täckning,20.0,Percent coverage,Unspecified
nfts_native_67111_sv.html,25,tabResultatLedNieveauAfsnitEX3,55,7,B10,2022-07-29,Svartpricksjuka % täckning,20.0,Percent coverage,Unspecified
nfts_native_67111_sv.html,25,tabResultatLedNieveauAfsnitEX3,56,7,B11,2022-07-29,Svartpricksjuka % täckning,15.0,Percent coverage,Unspecified
nfts_native_67111_sv.html,25,tabResultatLedNieveauAfsnitEX3,57,7,B12,2022-07-29,Svartpricksjuka % täckning,18.0,Percent coverage,Unspecified
nfts_native_67111_sv.html,25,tabResultatLedNieveauAfsnitEX3,58,7,B13,2022-07-29,Svartpricksjuka % täckning,28.0,Percent coverage,Unspecified
nfts_native_67111_sv.html,25,tabResultatLedNieveauAfsnitEX3,59,7,B14,2022-07-29,Svartpricksjuka % täckning,50.0,Percent coverage,Unspecified
nfts_native_67111_sv.html,25,tabResultatLedNieveauAfsnitEX3,60,7,B15,2022-07-29,Svartpricksjuka % täckning,40.0,Percent coverage,Unspecified
nfts_native_67111_sv.html,25,tabResultatLedNieveauAfsnitEX3,61,7,B16,2022-07-29,Svartpricksjuka % täckning,30.0,Percent coverage,Unspecified
nfts_native_67111_sv.html,25,tabResultatLedNieveauAfsnitEX3,62,7,B17,2022-07-29,Svartpricksjuka % täckning,18.0,Percent coverage,Unspecified
nfts_native_67111_sv.html,25,tabResultatLedNieveauAfsnitEX3,63,7,B18,2022-07-29,Svartpricksjuka % täckning,20.0,Percent coverage,Unspecified
nfts_native_67111_sv.html,25,tabResultatLedNieveauAfsnitEX3,64,7,B19,2022-07-29,Svartpricksjuka % täckning,10.0,Percent coverage,Unspecified
nfts_native_67111_sv.html,25,tabResultatLedNieveauAfsnitEX3,65,7,B20,2022-07-29,Svartpricksjuka % täckning,40.0,Percent coverage,Unspecified
nfts_native_67111_sv.html,25,tabResultatLedNieveauAfsnitEX3,66,7,B21,2022-07-29,Svartpricksjuka % täckning,12.0,Percent coverage,Unspecified
nfts_native_67111_sv.html,25,tabResultatLedNieveauAfsnitEX3,67,7,B22,2022-07-29,Svartpricksjuka % täckning,15.0,Percent coverage,Unspecified
nfts_native_67111_sv.html,25,tabResultatLedNieveauAfsnitEX3,68,7,B23,2022-07-29,Svartpricksjuka % täckning,15.0,Percent coverage,Unspecified
nfts_native_67111_sv.html,25,tabResultatLedNieveauAfsnitEX3,69,7,B24,2022-07-29,Svartpricksjuka % täckning,18.0,Percent coverage,Unspecified
nfts_native_67111_sv.html,25,tabResultatLedNieveauAfsnitEX3,70,7,B25,2022-07-29,Svartpricksjuka % täckning,25.0,Percent coverage,Unspecified
nfts_native_67111_sv.html,25,tabResultatLedNieveauAfsnitEX3,71,7,B26,2022-07-29,Svartpricksjuka % täckning,6.0,Percent coverage,Unspecified
nfts_native_67111_sv.html,25,tabResultatLedNieveauAfsnitEX3,72,7,B27,2022-07-29,Svartpricksjuka % täckning,12.0,Percent coverage,Unspecified
nfts_native_67111_sv.html,25,tabResultatLedNieveauAfsnitEX3,73,7,B28,2022-07-29,Svartpricksjuka % täckning,15.0,Percent coverage,Unspecified
nfts_native_67111_sv.html,25,tabResultatLedNieveauAfsnitEX3,74,7,B29,2022-07-29,Svartpricksjuka % täckning,30.0,Percent coverage,Unspecified
nfts_native_67111_sv.html,25,tabResultatLedNieveauAfsnitEX3,75,7,B30,2022-07-29,Svartpricksjuka % täckning,25.0,Percent coverage,Unspecified
nfts_native_67111_sv.html,25,tabResultatLedNieveauAfsnitEX3,76,7,B31,2022-07-29,Svartpricksjuka % täckning,15.0,Percent coverage,Unspecified
nfts_native_67111_sv.html,25,tabResultatLedNieveauAfsnitEX3,77,7,B32,2022-07-29,Svartpricksjuka % täckning,40.0,Percent coverage,Unspecified
nfts_native_67111_sv.html,25,tabResultatLedNieveauAfsnitEX3,78,7,B33,2022-07-29,Svartpricksjuka % täckning,15.0,Percent coverage,Unspecified
nfts_native_67111_sv.html,25,tabResultatLedNieveauAfsnitEX3,79,7,B34,2022-07-29,Svartpricksjuka % täckning,20.0,Percent coverage,Unspecified
nfts_native_67111_sv.html,25,tabResultatLedNieveauAfsnitEX3,81,7,B36,2022-07-29,Svartpricksjuka % täckning,45.0,Percent coverage,Unspecified
nfts_native_67111_sv.html,25,tabResultatLedNieveauAfsnitEX3,82,7,B37,2022-07-29,Svartpricksjuka % täckning,15.0,Percent coverage,Unspecified
nfts_native_67111_sv.html,25,tabResultatLedNieveauAfsnitEX3,83,7,B38,2022-07-29,Svartpricksjuka % täckning,50.0,Percent coverage,Unspecified
nfts_native_67111_sv.html,25,tabResultatLedNieveauAfsnitEX3,85,7,B40,2022-07-29,Svartpricksjuka % täckning,45.0,Percent coverage,Unspecified
nfts_native_67111_sv.html,25,tabResultatLedNieveauAfsnitEX3,86,7,B41,2022-07-29,Svartpricksjuka % täckning,60.0,Percent coverage,Unspecified
nfts_native_67111_sv.html,25,tabResultatLedNieveauAfsnitEX3,87,7,B42,2022-07-29,Svartpricksjuka % täckning,25.0,Percent coverage,Unspecified
nfts_native_67111_sv.html,25,tabResultatLedNieveauAfsnitEX3,88,7,B43,2022-07-29,Svartpricksjuka % täckning,10.0,Percent coverage,Unspecified
nfts_native_67111_sv.html,26,tabResultatLedNieveauAfsnitEX4,3,4,A1,2022-06-29,Brunfläcksjuka (septoria) % täckning,2.0,Percent coverage,Unspecified
nfts_native_67111_sv.html,26,tabResultatLedNieveauAfsnitEX4,4,4,A2,2022-06-29,Brunfläcksjuka (septoria) % täckning,1.0,Percent coverage,Unspecified
nfts_native_67111_sv.html,26,tabResultatLedNieveauAfsnitEX4,5,4,A3,2022-06-29,Brunfläcksjuka (septoria) % täckning,1.0,Percent coverage,Unspecified
nfts_native_67111_sv.html,26,tabResultatLedNieveauAfsnitEX4,6,4,A4,2022-06-29,Brunfläcksjuka (septoria) % täckning,1.0,Percent coverage,Unspecified
nfts_native_67111_sv.html,26,tabResultatLedNieveauAfsnitEX4,7,4,A5,2022-06-29,Brunfläcksjuka (septoria) % täckning,1.0,Percent coverage,Unspecified
nfts_native_67111_sv.html,26,tabResultatLedNieveauAfsnitEX4,8,4,A6,2022-06-29,Brunfläcksjuka (septoria) % täckning,0.0,Percent coverage,Unspecified
nfts_native_67111_sv.html,26,tabResultatLedNieveauAfsnitEX4,9,4,A7,2022-06-29,Brunfläcksjuka (septoria) % täckning,2.0,Percent coverage,Unspecified
nfts_native_67111_sv.html,26,tabResultatLedNieveauAfsnitEX4,10,4,A8,2022-06-29,Brunfläcksjuka (septoria) % täckning,2.0,Percent coverage,Unspecified
nfts_native_67111_sv.html,26,tabResultatLedNieveauAfsnitEX4,11,4,A9,2022-06-29,Brunfläcksjuka (septoria) % täckning,1.0,Percent coverage,Unspecified
nfts_native_67111_sv.html,26,tabResultatLedNieveauAfsnitEX4,12,4,A10,2022-06-29,Brunfläcksjuka (septoria) % täckning,1.0,Percent coverage,Unspecified
nfts_native_67111_sv.html,26,tabResultatLedNieveauAfsnitEX4,13,4,A11,2022-06-29,Brunfläcksjuka (septoria) % täckning,1.0,Percent coverage,Unspecified
nfts_native_67111_sv.html,26,tabResultatLedNieveauAfsnitEX4,14,4,A12,2022-06-29,Brunfläcksjuka (septoria) % täckning,1.0,Percent coverage,Unspecified
nfts_native_67111_sv.html,26,tabResultatLedNieveauAfsnitEX4,15,4,A13,2022-06-29,Brunfläcksjuka (septoria) % täckning,2.0,Percent coverage,Unspecified
nfts_native_67111_sv.html,26,tabResultatLedNieveauAfsnitEX4,16,4,A14,2022-06-29,Brunfläcksjuka (septoria) % täckning,2.0,Percent coverage,Unspecified
nfts_native_67111_sv.html,26,tabResultatLedNieveauAfsnitEX4,17,4,A15,2022-06-29,Brunfläcksjuka (septoria) % täckning,1.0,Percent coverage,Unspecified
nfts_native_67111_sv.html,26,tabResultatLedNieveauAfsnitEX4,18,4,A16,2022-06-29,Brunfläcksjuka (septoria) % täckning,0.0,Percent coverage,Unspecified
nfts_native_67111_sv.html,26,tabResultatLedNieveauAfsnitEX4,19,4,A17,2022-06-29,Brunfläcksjuka (septoria) % täckning,1.0,Percent coverage,Unspecified
nfts_native_67111_sv.html,26,tabResultatLedNieveauAfsnitEX4,20,4,A18,2022-06-29,Brunfläcksjuka (septoria) % täckning,1.0,Percent coverage,Unspecified
nfts_native_67111_sv.html,26,tabResultatLedNieveauAfsnitEX4,21,4,A19,2022-06-29,Brunfläcksjuka (septoria) % täckning,2.0,Percent coverage,Unspecified
nfts_native_67111_sv.html,26,tabResultatLedNieveauAfsnitEX4,22,4,A20,2022-06-29,Brunfläcksjuka (septoria) % täckning,2.0,Percent coverage,Unspecified
nfts_native_67111_sv.html,26,tabResultatLedNieveauAfsnitEX4,23,4,A21,2022-06-29,Brunfläcksjuka (septoria) % täckning,1.0,Percent coverage,Unspecified
nfts_native_67111_sv.html,26,tabResultatLedNieveauAfsnitEX4,24,4,A22,2022-06-29,Brunfläcksjuka (septoria) % täckning,0.0,Percent coverage,Unspecified
nfts_native_67111_sv.html,26,tabResultatLedNieveauAfsnitEX4,25,4,A23,2022-06-29,Brunfläcksjuka (septoria) % täckning,1.0,Percent coverage,Unspecified
nfts_native_67111_sv.html,26,tabResultatLedNieveauAfsnitEX4,26,4,A24,2022-06-29,Brunfläcksjuka (septoria) % täckning,0.0,Percent coverage,Unspecified
nfts_native_67111_sv.html,26,tabResultatLedNieveauAfsnitEX4,27,4,A25,2022-06-29,Brunfläcksjuka (septoria) % täckning,0.0,Percent coverage,Unspecified
nfts_native_67111_sv.html,26,tabResultatLedNieveauAfsnitEX4,28,4,A26,2022-06-29,Brunfläcksjuka (septoria) % täckning,0.0,Percent coverage,Unspecified
nfts_native_67111_sv.html,26,tabResultatLedNieveauAfsnitEX4,29,4,A27,2022-06-29,Brunfläcksjuka (septoria) % täckning,0.0,Percent coverage,Unspecified
nfts_native_67111_sv.html,26,tabResultatLedNieveauAfsnitEX4,30,4,A28,2022-06-29,Brunfläcksjuka (septoria) % täckning,1.0,Percent coverage,Unspecified
nfts_native_67111_sv.html,26,tabResultatLedNieveauAfsnitEX4,31,4,A29,2022-06-29,Brunfläcksjuka (septoria) % täckning,1.0,Percent coverage,Unspecified
nfts_native_67111_sv.html,26,tabResultatLedNieveauAfsnitEX4,32,4,A30,2022-06-29,Brunfläcksjuka (septoria) % täckning,1.0,Percent coverage,Unspecified
nfts_native_67111_sv.html,26,tabResultatLedNieveauAfsnitEX4,33,4,A31,2022-06-29,Brunfläcksjuka (septoria) % täckning,0.0,Percent coverage,Unspecified
nfts_native_67111_sv.html,26,tabResultatLedNieveauAfsnitEX4,34,4,A32,2022-06-29,Brunfläcksjuka (septoria) % täckning,2.0,Percent coverage,Unspecified
nfts_native_67111_sv.html,26,tabResultatLedNieveauAfsnitEX4,35,4,A33,2022-06-29,Brunfläcksjuka (septoria) % täckning,1.0,Percent coverage,Unspecified
nfts_native_67111_sv.html,26,tabResultatLedNieveauAfsnitEX4,36,4,A34,2022-06-29,Brunfläcksjuka (septoria) % täckning,0.0,Percent coverage,Unspecified
nfts_native_67111_sv.html,26,tabResultatLedNieveauAfsnitEX4,38,4,A36,2022-06-29,Brunfläcksjuka (septoria) % täckning,2.0,Percent coverage,Unspecified
nfts_native_67111_sv.html,26,tabResultatLedNieveauAfsnitEX4,39,4,A37,2022-06-29,Brunfläcksjuka (septoria) % täckning,0.0,Percent coverage,Unspecified
nfts_native_67111_sv.html,26,tabResultatLedNieveauAfsnitEX4,40,4,A38,2022-06-29,Brunfläcksjuka (septoria) % täckning,1.0,Percent coverage,Unspecified
nfts_native_67111_sv.html,26,tabResultatLedNieveauAfsnitEX4,42,4,A40,2022-06-29,Brunfläcksjuka (septoria) % täckning,1.0,Percent coverage,Unspecified
nfts_native_67111_sv.html,26,tabResultatLedNieveauAfsnitEX4,43,4,A41,2022-06-29,Brunfläcksjuka (septoria) % täckning,1.0,Percent coverage,Unspecified
nfts_native_67111_sv.html,26,tabResultatLedNieveauAfsnitEX4,44,4,A42,2022-06-29,Brunfläcksjuka (septoria) % täckning,2.0,Percent coverage,Unspecified
nfts_native_67111_sv.html,26,tabResultatLedNieveauAfsnitEX4,45,4,A43,2022-06-29,Brunfläcksjuka (septoria) % täckning,1.0,Percent coverage,Unspecified
nfts_native_67111_sv.html,26,tabResultatLedNieveauAfsnitEX4,46,4,B1,2022-06-29,Brunfläcksjuka (septoria) % täckning,0.0,Percent coverage,Unspecified
nfts_native_67111_sv.html,26,tabResultatLedNieveauAfsnitEX4,47,4,B2,2022-06-29,Brunfläcksjuka (septoria) % täckning,1.0,Percent coverage,Unspecified
nfts_native_67111_sv.html,26,tabResultatLedNieveauAfsnitEX4,48,4,B3,2022-06-29,Brunfläcksjuka (septoria) % täckning,0.0,Percent coverage,Unspecified
nfts_native_67111_sv.html,26,tabResultatLedNieveauAfsnitEX4,49,4,B4,2022-06-29,Brunfläcksjuka (septoria) % täckning,0.0,Percent coverage,Unspecified
nfts_native_67111_sv.html,26,tabResultatLedNieveauAfsnitEX4,50,4,B5,2022-06-29,Brunfläcksjuka (septoria) % täckning,0.0,Percent coverage,Unspecified
nfts_native_67111_sv.html,26,tabResultatLedNieveauAfsnitEX4,51,4,B6,2022-06-29,Brunfläcksjuka (septoria) % täckning,2.0,Percent coverage,Unspecified
nfts_native_67111_sv.html,26,tabResultatLedNieveauAfsnitEX4,52,4,B7,2022-06-29,Brunfläcksjuka (septoria) % täckning,0.0,Percent coverage,Unspecified
nfts_native_67111_sv.html,26,tabResultatLedNieveauAfsnitEX4,53,4,B8,2022-06-29,Brunfläcksjuka (septoria) % täckning,1.0,Percent coverage,Unspecified
nfts_native_67111_sv.html,26,tabResultatLedNieveauAfsnitEX4,54,4,B9,2022-06-29,Brunfläcksjuka (septoria) % täckning,0.0,Percent coverage,Unspecified
nfts_native_67111_sv.html,26,tabResultatLedNieveauAfsnitEX4,55,4,B10,2022-06-29,Brunfläcksjuka (septoria) % täckning,0.0,Percent coverage,Unspecified
nfts_native_67111_sv.html,26,tabResultatLedNieveauAfsnitEX4,56,4,B11,2022-06-29,Brunfläcksjuka (septoria) % täckning,0.0,Percent coverage,Unspecified
nfts_native_67111_sv.html,26,tabResultatLedNieveauAfsnitEX4,57,4,B12,2022-06-29,Brunfläcksjuka (septoria) % täckning,1.0,Percent coverage,Unspecified
nfts_native_67111_sv.html,26,tabResultatLedNieveauAfsnitEX4,58,4,B13,2022-06-29,Brunfläcksjuka (septoria) % täckning,1.0,Percent coverage,Unspecified
nfts_native_67111_sv.html,26,tabResultatLedNieveauAfsnitEX4,59,4,B14,2022-06-29,Brunfläcksjuka (septoria) % täckning,0.0,Percent coverage,Unspecified
nfts_native_67111_sv.html,26,tabResultatLedNieveauAfsnitEX4,60,4,B15,2022-06-29,Brunfläcksjuka (septoria) % täckning,0.0,Percent coverage,Unspecified
nfts_native_67111_sv.html,26,tabResultatLedNieveauAfsnitEX4,61,4,B16,2022-06-29,Brunfläcksjuka (septoria) % täckning,0.0,Percent coverage,Unspecified
nfts_native_67111_sv.html,26,tabResultatLedNieveauAfsnitEX4,62,4,B17,2022-06-29,Brunfläcksjuka (septoria) % täckning,0.0,Percent coverage,Unspecified
nfts_native_67111_sv.html,26,tabResultatLedNieveauAfsnitEX4,63,4,B18,2022-06-29,Brunfläcksjuka (septoria) % täckning,0.0,Percent coverage,Unspecified
nfts_native_67111_sv.html,26,tabResultatLedNieveauAfsnitEX4,64,4,B19,2022-06-29,Brunfläcksjuka (septoria) % täckning,0.0,Percent coverage,Unspecified
nfts_native_67111_sv.html,26,tabResultatLedNieveauAfsnitEX4,65,4,B20,2022-06-29,Brunfläcksjuka (septoria) % täckning,1.0,Percent coverage,Unspecified
nfts_native_67111_sv.html,26,tabResultatLedNieveauAfsnitEX4,66,4,B21,2022-06-29,Brunfläcksjuka (septoria) % täckning,0.0,Percent coverage,Unspecified
nfts_native_67111_sv.html,26,tabResultatLedNieveauAfsnitEX4,67,4,B22,2022-06-29,Brunfläcksjuka (septoria) % täckning,0.0,Percent coverage,Unspecified
nfts_native_67111_sv.html,26,tabResultatLedNieveauAfsnitEX4,68,4,B23,2022-06-29,Brunfläcksjuka (septoria) % täckning,0.0,Percent coverage,Unspecified
nfts_native_67111_sv.html,26,tabResultatLedNieveauAfsnitEX4,69,4,B24,2022-06-29,Brunfläcksjuka (septoria) % täckning,0.0,Percent coverage,Unspecified
nfts_native_67111_sv.html,26,tabResultatLedNieveauAfsnitEX4,70,4,B25,2022-06-29,Brunfläcksjuka (septoria) % täckning,0.0,Percent coverage,Unspecified
nfts_native_67111_sv.html,26,tabResultatLedNieveauAfsnitEX4,71,4,B26,2022-06-29,Brunfläcksjuka (septoria) % täckning,0.0,Percent coverage,Unspecified
nfts_native_67111_sv.html,26,tabResultatLedNieveauAfsnitEX4,72,4,B27,2022-06-29,Brunfläcksjuka (septoria) % täckning,0.0,Percent coverage,Unspecified
nfts_native_67111_sv.html,26,tabResultatLedNieveauAfsnitEX4,73,4,B28,2022-06-29,Brunfläcksjuka (septoria) % täckning,0.0,Percent coverage,Unspecified
nfts_native_67111_sv.html,26,tabResultatLedNieveauAfsnitEX4,74,4,B29,2022-06-29,Brunfläcksjuka (septoria) % täckning,0.0,Percent coverage,Unspecified
nfts_native_67111_sv.html,26,tabResultatLedNieveauAfsnitEX4,75,4,B30,2022-06-29,Brunfläcksjuka (septoria) % täckning,0.0,Percent coverage,Unspecified
nfts_native_67111_sv.html,26,tabResultatLedNieveauAfsnitEX4,76,4,B31,2022-06-29,Brunfläcksjuka (septoria) % täckning,0.0,Percent coverage,Unspecified
nfts_native_67111_sv.html,26,tabResultatLedNieveauAfsnitEX4,77,4,B32,2022-06-29,Brunfläcksjuka (septoria) % täckning,1.0,Percent coverage,Unspecified
nfts_native_67111_sv.html,26,tabResultatLedNieveauAfsnitEX4,78,4,B33,2022-06-29,Brunfläcksjuka (septoria) % täckning,0.0,Percent coverage,Unspecified
nfts_native_67111_sv.html,26,tabResultatLedNieveauAfsnitEX4,79,4,B34,2022-06-29,Brunfläcksjuka (septoria) % täckning,0.0,Percent coverage,Unspecified
nfts_native_67111_sv.html,26,tabResultatLedNieveauAfsnitEX4,81,4,B36,2022-06-29,Brunfläcksjuka (septoria) % täckning,2.0,Percent coverage,Unspecified
nfts_native_67111_sv.html,26,tabResultatLedNieveauAfsnitEX4,82,4,B37,2022-06-29,Brunfläcksjuka (septoria) % täckning,0.0,Percent coverage,Unspecified
nfts_native_67111_sv.html,26,tabResultatLedNieveauAfsnitEX4,83,4,B38,2022-06-29,Brunfläcksjuka (septoria) % täckning,0.0,Percent coverage,Unspecified
nfts_native_67111_sv.html,26,tabResultatLedNieveauAfsnitEX4,85,4,B40,2022-06-29,Brunfläcksjuka (septoria) % täckning,0.0,Percent coverage,Unspecified
nfts_native_67111_sv.html,26,tabResultatLedNieveauAfsnitEX4,86,4,B41,2022-06-29,Brunfläcksjuka (septoria) % täckning,0.0,Percent coverage,Unspecified
nfts_native_67111_sv.html,26,tabResultatLedNieveauAfsnitEX4,87,4,B42,2022-06-29,Brunfläcksjuka (septoria) % täckning,0.0,Percent coverage,Unspecified
nfts_native_67111_sv.html,26,tabResultatLedNieveauAfsnitEX4,88,4,B43,2022-06-29,Brunfläcksjuka (septoria) % täckning,0.0,Percent coverage,Unspecified
nfts_native_67111_sv.html,26,tabResultatLedNieveauAfsnitEX4,3,8,A1,2022-07-29,Brunfläcksjuka (septoria) % täckning,15.0,Percent coverage,Unspecified
nfts_native_67111_sv.html,26,tabResultatLedNieveauAfsnitEX4,4,8,A2,2022-07-29,Brunfläcksjuka (septoria) % täckning,8.0,Percent coverage,Unspecified
nfts_native_67111_sv.html,26,tabResultatLedNieveauAfsnitEX4,5,8,A3,2022-07-29,Brunfläcksjuka (septoria) % täckning,5.0,Percent coverage,Unspecified
nfts_native_67111_sv.html,26,tabResultatLedNieveauAfsnitEX4,6,8,A4,2022-07-29,Brunfläcksjuka (septoria) % täckning,6.0,Percent coverage,Unspecified
nfts_native_67111_sv.html,26,tabResultatLedNieveauAfsnitEX4,7,8,A5,2022-07-29,Brunfläcksjuka (septoria) % täckning,10.0,Percent coverage,Unspecified
nfts_native_67111_sv.html,26,tabResultatLedNieveauAfsnitEX4,8,8,A6,2022-07-29,Brunfläcksjuka (septoria) % täckning,8.0,Percent coverage,Unspecified
nfts_native_67111_sv.html,26,tabResultatLedNieveauAfsnitEX4,9,8,A7,2022-07-29,Brunfläcksjuka (septoria) % täckning,20.0,Percent coverage,Unspecified
nfts_native_67111_sv.html,26,tabResultatLedNieveauAfsnitEX4,10,8,A8,2022-07-29,Brunfläcksjuka (septoria) % täckning,20.0,Percent coverage,Unspecified
nfts_native_67111_sv.html,26,tabResultatLedNieveauAfsnitEX4,11,8,A9,2022-07-29,Brunfläcksjuka (septoria) % täckning,8.0,Percent coverage,Unspecified
nfts_native_67111_sv.html,26,tabResultatLedNieveauAfsnitEX4,12,8,A10,2022-07-29,Brunfläcksjuka (septoria) % täckning,6.0,Percent coverage,Unspecified
nfts_native_67111_sv.html,26,tabResultatLedNieveauAfsnitEX4,13,8,A11,2022-07-29,Brunfläcksjuka (septoria) % täckning,20.0,Percent coverage,Unspecified
nfts_native_67111_sv.html,26,tabResultatLedNieveauAfsnitEX4,14,8,A12,2022-07-29,Brunfläcksjuka (septoria) % täckning,10.0,Percent coverage,Unspecified
nfts_native_67111_sv.html,26,tabResultatLedNieveauAfsnitEX4,15,8,A13,2022-07-29,Brunfläcksjuka (septoria) % täckning,6.0,Percent coverage,Unspecified
nfts_native_67111_sv.html,26,tabResultatLedNieveauAfsnitEX4,16,8,A14,2022-07-29,Brunfläcksjuka (septoria) % täckning,5.0,Percent coverage,Unspecified
nfts_native_67111_sv.html,26,tabResultatLedNieveauAfsnitEX4,17,8,A15,2022-07-29,Brunfläcksjuka (septoria) % täckning,8.0,Percent coverage,Unspecified
nfts_native_67111_sv.html,26,tabResultatLedNieveauAfsnitEX4,18,8,A16,2022-07-29,Brunfläcksjuka (septoria) % täckning,5.0,Percent coverage,Unspecified
nfts_native_67111_sv.html,26,tabResultatLedNieveauAfsnitEX4,19,8,A17,2022-07-29,Brunfläcksjuka (septoria) % täckning,28.0,Percent coverage,Unspecified
nfts_native_67111_sv.html,26,tabResultatLedNieveauAfsnitEX4,20,8,A18,2022-07-29,Brunfläcksjuka (septoria) % täckning,5.0,Percent coverage,Unspecified
nfts_native_67111_sv.html,26,tabResultatLedNieveauAfsnitEX4,21,8,A19,2022-07-29,Brunfläcksjuka (septoria) % täckning,5.0,Percent coverage,Unspecified
nfts_native_67111_sv.html,26,tabResultatLedNieveauAfsnitEX4,22,8,A20,2022-07-29,Brunfläcksjuka (septoria) % täckning,5.0,Percent coverage,Unspecified
nfts_native_67111_sv.html,26,tabResultatLedNieveauAfsnitEX4,23,8,A21,2022-07-29,Brunfläcksjuka (septoria) % täckning,22.0,Percent coverage,Unspecified
nfts_native_67111_sv.html,26,tabResultatLedNieveauAfsnitEX4,24,8,A22,2022-07-29,Brunfläcksjuka (septoria) % täckning,20.0,Percent coverage,Unspecified
nfts_native_67111_sv.html,26,tabResultatLedNieveauAfsnitEX4,25,8,A23,2022-07-29,Brunfläcksjuka (septoria) % täckning,20.0,Percent coverage,Unspecified
nfts_native_67111_sv.html,26,tabResultatLedNieveauAfsnitEX4,26,8,A24,2022-07-29,Brunfläcksjuka (septoria) % täckning,5.0,Percent coverage,Unspecified
nfts_native_67111_sv.html,26,tabResultatLedNieveauAfsnitEX4,27,8,A25,2022-07-29,Brunfläcksjuka (septoria) % täckning,15.0,Percent coverage,Unspecified
nfts_native_67111_sv.html,26,tabResultatLedNieveauAfsnitEX4,28,8,A26,2022-07-29,Brunfläcksjuka (septoria) % täckning,28.0,Percent coverage,Unspecified
nfts_native_67111_sv.html,26,tabResultatLedNieveauAfsnitEX4,29,8,A27,2022-07-29,Brunfläcksjuka (septoria) % täckning,30.0,Percent coverage,Unspecified
nfts_native_67111_sv.html,26,tabResultatLedNieveauAfsnitEX4,30,8,A28,2022-07-29,Brunfläcksjuka (septoria) % täckning,10.0,Percent coverage,Unspecified
nfts_native_67111_sv.html,26,tabResultatLedNieveauAfsnitEX4,31,8,A29,2022-07-29,Brunfläcksjuka (septoria) % täckning,2.0,Percent coverage,Unspecified
nfts_native_67111_sv.html,26,tabResultatLedNieveauAfsnitEX4,32,8,A30,2022-07-29,Brunfläcksjuka (septoria) % täckning,15.0,Percent coverage,Unspecified
nfts_native_67111_sv.html,26,tabResultatLedNieveauAfsnitEX4,33,8,A31,2022-07-29,Brunfläcksjuka (septoria) % täckning,20.0,Percent coverage,Unspecified
nfts_native_67111_sv.html,26,tabResultatLedNieveauAfsnitEX4,34,8,A32,2022-07-29,Brunfläcksjuka (septoria) % täckning,25.0,Percent coverage,Unspecified
nfts_native_67111_sv.html,26,tabResultatLedNieveauAfsnitEX4,35,8,A33,2022-07-29,Brunfläcksjuka (septoria) % täckning,8.0,Percent coverage,Unspecified
nfts_native_67111_sv.html,26,tabResultatLedNieveauAfsnitEX4,36,8,A34,2022-07-29,Brunfläcksjuka (septoria) % täckning,20.0,Percent coverage,Unspecified
nfts_native_67111_sv.html,26,tabResultatLedNieveauAfsnitEX4,38,8,A36,2022-07-29,Brunfläcksjuka (septoria) % täckning,12.0,Percent coverage,Unspecified
nfts_native_67111_sv.html,26,tabResultatLedNieveauAfsnitEX4,39,8,A37,2022-07-29,Brunfläcksjuka (septoria) % täckning,8.0,Percent coverage,Unspecified
nfts_native_67111_sv.html,26,tabResultatLedNieveauAfsnitEX4,40,8,A38,2022-07-29,Brunfläcksjuka (septoria) % täckning,25.0,Percent coverage,Unspecified
nfts_native_67111_sv.html,26,tabResultatLedNieveauAfsnitEX4,42,8,A40,2022-07-29,Brunfläcksjuka (septoria) % täckning,2.0,Percent coverage,Unspecified
nfts_native_67111_sv.html,26,tabResultatLedNieveauAfsnitEX4,43,8,A41,2022-07-29,Brunfläcksjuka (septoria) % täckning,10.0,Percent coverage,Unspecified
nfts_native_67111_sv.html,26,tabResultatLedNieveauAfsnitEX4,44,8,A42,2022-07-29,Brunfläcksjuka (septoria) % täckning,12.0,Percent coverage,Unspecified
nfts_native_67111_sv.html,26,tabResultatLedNieveauAfsnitEX4,45,8,A43,2022-07-29,Brunfläcksjuka (septoria) % täckning,15.0,Percent coverage,Unspecified
nfts_native_67111_sv.html,26,tabResultatLedNieveauAfsnitEX4,46,8,B1,2022-07-29,Brunfläcksjuka (septoria) % täckning,8.0,Percent coverage,Unspecified
nfts_native_67111_sv.html,26,tabResultatLedNieveauAfsnitEX4,47,8,B2,2022-07-29,Brunfläcksjuka (septoria) % täckning,30.0,Percent coverage,Unspecified
nfts_native_67111_sv.html,26,tabResultatLedNieveauAfsnitEX4,48,8,B3,2022-07-29,Brunfläcksjuka (septoria) % täckning,15.0,Percent coverage,Unspecified
nfts_native_67111_sv.html,26,tabResultatLedNieveauAfsnitEX4,49,8,B4,2022-07-29,Brunfläcksjuka (septoria) % täckning,15.0,Percent coverage,Unspecified
nfts_native_67111_sv.html,26,tabResultatLedNieveauAfsnitEX4,50,8,B5,2022-07-29,Brunfläcksjuka (septoria) % täckning,15.0,Percent coverage,Unspecified
nfts_native_67111_sv.html,26,tabResultatLedNieveauAfsnitEX4,51,8,B6,2022-07-29,Brunfläcksjuka (septoria) % täckning,10.0,Percent coverage,Unspecified
nfts_native_67111_sv.html,26,tabResultatLedNieveauAfsnitEX4,52,8,B7,2022-07-29,Brunfläcksjuka (septoria) % täckning,8.0,Percent coverage,Unspecified
nfts_native_67111_sv.html,26,tabResultatLedNieveauAfsnitEX4,53,8,B8,2022-07-29,Brunfläcksjuka (septoria) % täckning,10.0,Percent coverage,Unspecified
nfts_native_67111_sv.html,26,tabResultatLedNieveauAfsnitEX4,54,8,B9,2022-07-29,Brunfläcksjuka (septoria) % täckning,2.0,Percent coverage,Unspecified
nfts_native_67111_sv.html,26,tabResultatLedNieveauAfsnitEX4,55,8,B10,2022-07-29,Brunfläcksjuka (septoria) % täckning,8.0,Percent coverage,Unspecified
nfts_native_67111_sv.html,26,tabResultatLedNieveauAfsnitEX4,56,8,B11,2022-07-29,Brunfläcksjuka (septoria) % täckning,10.0,Percent coverage,Unspecified
nfts_native_67111_sv.html,26,tabResultatLedNieveauAfsnitEX4,57,8,B12,2022-07-29,Brunfläcksjuka (septoria) % täckning,6.0,Percent coverage,Unspecified
nfts_native_67111_sv.html,26,tabResultatLedNieveauAfsnitEX4,58,8,B13,2022-07-29,Brunfläcksjuka (septoria) % täckning,5.0,Percent coverage,Unspecified
nfts_native_67111_sv.html,26,tabResultatLedNieveauAfsnitEX4,59,8,B14,2022-07-29,Brunfläcksjuka (septoria) % täckning,20.0,Percent coverage,Unspecified
nfts_native_67111_sv.html,26,tabResultatLedNieveauAfsnitEX4,60,8,B15,2022-07-29,Brunfläcksjuka (septoria) % täckning,10.0,Percent coverage,Unspecified
nfts_native_67111_sv.html,26,tabResultatLedNieveauAfsnitEX4,61,8,B16,2022-07-29,Brunfläcksjuka (septoria) % täckning,8.0,Percent coverage,Unspecified
nfts_native_67111_sv.html,26,tabResultatLedNieveauAfsnitEX4,62,8,B17,2022-07-29,Brunfläcksjuka (septoria) % täckning,15.0,Percent coverage,Unspecified
nfts_native_67111_sv.html,26,tabResultatLedNieveauAfsnitEX4,63,8,B18,2022-07-29,Brunfläcksjuka (septoria) % täckning,18.0,Percent coverage,Unspecified
nfts_native_67111_sv.html,26,tabResultatLedNieveauAfsnitEX4,64,8,B19,2022-07-29,Brunfläcksjuka (septoria) % täckning,6.0,Percent coverage,Unspecified
nfts_native_67111_sv.html,26,tabResultatLedNieveauAfsnitEX4,65,8,B20,2022-07-29,Brunfläcksjuka (septoria) % täckning,10.0,Percent coverage,Unspecified
nfts_native_67111_sv.html,26,tabResultatLedNieveauAfsnitEX4,66,8,B21,2022-07-29,Brunfläcksjuka (septoria) % täckning,10.0,Percent coverage,Unspecified
nfts_native_67111_sv.html,26,tabResultatLedNieveauAfsnitEX4,67,8,B22,2022-07-29,Brunfläcksjuka (septoria) % täckning,10.0,Percent coverage,Unspecified
nfts_native_67111_sv.html,26,tabResultatLedNieveauAfsnitEX4,68,8,B23,2022-07-29,Brunfläcksjuka (septoria) % täckning,25.0,Percent coverage,Unspecified
nfts_native_67111_sv.html,26,tabResultatLedNieveauAfsnitEX4,69,8,B24,2022-07-29,Brunfläcksjuka (septoria) % täckning,10.0,Percent coverage,Unspecified
nfts_native_67111_sv.html,26,tabResultatLedNieveauAfsnitEX4,70,8,B25,2022-07-29,Brunfläcksjuka (septoria) % täckning,15.0,Percent coverage,Unspecified
nfts_native_67111_sv.html,26,tabResultatLedNieveauAfsnitEX4,71,8,B26,2022-07-29,Brunfläcksjuka (septoria) % täckning,15.0,Percent coverage,Unspecified
nfts_native_67111_sv.html,26,tabResultatLedNieveauAfsnitEX4,72,8,B27,2022-07-29,Brunfläcksjuka (septoria) % täckning,35.0,Percent coverage,Unspecified
nfts_native_67111_sv.html,26,tabResultatLedNieveauAfsnitEX4,73,8,B28,2022-07-29,Brunfläcksjuka (septoria) % täckning,18.0,Percent coverage,Unspecified
nfts_native_67111_sv.html,26,tabResultatLedNieveauAfsnitEX4,74,8,B29,2022-07-29,Brunfläcksjuka (septoria) % täckning,6.0,Percent coverage,Unspecified
nfts_native_67111_sv.html,26,tabResultatLedNieveauAfsnitEX4,75,8,B30,2022-07-29,Brunfläcksjuka (septoria) % täckning,8.0,Percent coverage,Unspecified
nfts_native_67111_sv.html,26,tabResultatLedNieveauAfsnitEX4,76,8,B31,2022-07-29,Brunfläcksjuka (septoria) % täckning,15.0,Percent coverage,Unspecified
nfts_native_67111_sv.html,26,tabResultatLedNieveauAfsnitEX4,77,8,B32,2022-07-29,Brunfläcksjuka (septoria) % täckning,15.0,Percent coverage,Unspecified
nfts_native_67111_sv.html,26,tabResultatLedNieveauAfsnitEX4,78,8,B33,2022-07-29,Brunfläcksjuka (septoria) % täckning,22.0,Percent coverage,Unspecified
nfts_native_67111_sv.html,26,tabResultatLedNieveauAfsnitEX4,79,8,B34,2022-07-29,Brunfläcksjuka (septoria) % täckning,12.0,Percent coverage,Unspecified
nfts_native_67111_sv.html,26,tabResultatLedNieveauAfsnitEX4,81,8,B36,2022-07-29,Brunfläcksjuka (septoria) % täckning,8.0,Percent coverage,Unspecified
nfts_native_67111_sv.html,26,tabResultatLedNieveauAfsnitEX4,82,8,B37,2022-07-29,Brunfläcksjuka (septoria) % täckning,6.0,Percent coverage,Unspecified
nfts_native_67111_sv.html,26,tabResultatLedNieveauAfsnitEX4,83,8,B38,2022-07-29,Brunfläcksjuka (septoria) % täckning,15.0,Percent coverage,Unspecified
nfts_native_67111_sv.html,26,tabResultatLedNieveauAfsnitEX4,85,8,B40,2022-07-29,Brunfläcksjuka (septoria) % täckning,15.0,Percent coverage,Unspecified
nfts_native_67111_sv.html,26,tabResultatLedNieveauAfsnitEX4,86,8,B41,2022-07-29,Brunfläcksjuka (septoria) % täckning,8.0,Percent coverage,Unspecified
nfts_native_67111_sv.html,26,tabResultatLedNieveauAfsnitEX4,87,8,B42,2022-07-29,Brunfläcksjuka (septoria) % täckning,20.0,Percent coverage,Unspecified
nfts_native_67111_sv.html,26,tabResultatLedNieveauAfsnitEX4,88,8,B43,2022-07-29,Brunfläcksjuka (septoria) % täckning,10.0,Percent coverage,Unspecified
