record,registry_id,trial_name,year,latitude,longitude,replicates,cultivar_entry,cultivar,cultivar_identity_known,untreated_treatment_code,treated_treatment_code,untreated_yield_native,treated_yield_native,untreated_yield_t_ha,treated_yield_t_ha,untreated_lower_confidence_native,untreated_upper_confidence_native,treated_lower_confidence_native,treated_upper_confidence_native,treated_definition,comparison_design,registry_quality_eligible,source_html,source_url,fungicide_response_t_ha,untreated_shortfall_relative_to_treated,loss_interpretation,treatment_code,date,leaf_scope,brown_rust,leaf_spot,mildew,stb,yellow_rust,brown_rust_treated,leaf_spot_treated,mildew_treated,stb_treated,yellow_rust_treated,observed_stb,observed_stb_treated,observed_yellow_rust,observed_yellow_rust_treated,observed_brown_rust,observed_brown_rust_treated,observed_mildew,observed_mildew_treated,observed_leaf_spot,observed_leaf_spot_treated,final_stb_observed,untreated_both_rusts_measured_zero,untreated_all_nontargets_measured_zero,untreated_stb_dominant_all_five_measured,both_arms_stb_observed_same_date_scope,both_arms_rusts_measured_zero,both_arms_all_nontargets_measured_zero,stb_untreated_points,stb_treated_points,stb_same_date_pairs,observed_common_window_days,strict_final_zero_nontargets_both_arms,no_positive_nontarget_in_any_recorded_same_scope_date,common_dates,row_id,control_id,R,delta_stb_pp,delta_yellow_rust_pp,delta_brown_rust_pp,delta_mildew_pp,stb_pair_measured,four_disease_both_arms_measured,all_nontargets_final_both_arms_measured_zero,no_positive_nontarget_at_any_recorded_date,nontarget_missing_some_recorded_dates,untreated_final_growth_stage,treated_final_growth_stage,registry_design,native_grain_unit,leaf_scope_interpretation,fold,prediction,linear_score,baseline_prediction,evaluation_weight,negative_response,negative_any_feature,prediction_above_one,prediction_at_numerical_upper_bound
nfts_62693,62693,090862020-001,2020,56.648520375526303,9.0096869814294607,4,2,Informer,True,1,2,86.799999999999997,97.299999999999997,8.6799999999999997,9.7300000000000004,83.400000000000006,90.200000000000003,93.900000000000006,100.7,Specified trial fungicide schedule; every treated comparator retained; complete protection not assumed.,Randomized within-trial fungicide treatment vs untreated code1; comparators share one control.,True,nfts_denmark2020_090862020_001.html,https://nfts.dlbr.dk/Forms/Dokumentation.aspx?KardexID=62693&applLangID=en,1.0500000000000007,0.1079136690647482,Observed fungicide-associated yield difference; STB-only or disease-free counterfactual not identified.,1,2020-07-08,0,0,0,0,30,0,0,0,0,25,0,True,True,True,True,True,True,True,True,True,True,True,True,True,True,True,True,True,4,3,3,40,True,True,"2020-05-29, 2020-06-15, 2020-07-08",nfts_62693|1|2|leaf0,nfts_62693|1,0.1079136690647482,5,0,0,0,True,True,True,True,False,75,75,"Alpha-design, 1 factor","dt/ha (=100 kg/ha), at 15% moisture",Unspecified leaf rank; registry percent coverage,nfts_62693,0.022725303897645543,0.022987503610365376,0.027088735627102605,0.066666666666666666,False,False,False,False
nfts_62693,62693,090862020-001,2020,56.648520375526303,9.0096869814294607,4,3,Informer,True,1,3,86.799999999999997,99.299999999999997,8.6799999999999997,9.9299999999999997,83.400000000000006,90.200000000000003,95.900000000000006,102.7,Specified trial fungicide schedule; every treated comparator retained; complete protection not assumed.,Randomized within-trial fungicide treatment vs untreated code1; comparators share one control.,True,nfts_denmark2020_090862020_001.html,https://nfts.dlbr.dk/Forms/Dokumentation.aspx?KardexID=62693&applLangID=en,1.25,0.12588116817724071,Observed fungicide-associated yield difference; STB-only or disease-free counterfactual not identified.,1,2020-07-08,0,0,0,0,30,0,0,0,0,25,0,True,True,True,True,True,True,True,True,True,True,True,True,True,True,True,True,True,4,2,2,23,True,True,"2020-06-15, 2020-07-08",nfts_62693|1|3|leaf0,nfts_62693|1,0.12588116817724071,5,0,0,0,True,True,True,True,False,75,75,"Alpha-design, 1 factor","dt/ha (=100 kg/ha), at 15% moisture",Unspecified leaf rank; registry percent coverage,nfts_62693,0.022725303897645543,0.022987503610365376,0.027088735627102605,0.066666666666666666,False,False,False,False
nfts_62693,62693,090862020-001,2020,56.648520375526303,9.0096869814294607,4,4,Informer,True,1,4,86.799999999999997,94.099999999999994,8.6799999999999997,9.4100000000000001,83.400000000000006,90.200000000000003,90.599999999999994,97.5,Specified trial fungicide schedule; every treated comparator retained; complete protection not assumed.,Randomized within-trial fungicide treatment vs untreated code1; comparators share one control.,True,nfts_denmark2020_090862020_001.html,https://nfts.dlbr.dk/Forms/Dokumentation.aspx?KardexID=62693&applLangID=en,0.73000000000000043,0.077577045696067798,Observed fungicide-associated yield difference; STB-only or disease-free counterfactual not identified.,1,2020-07-08,0,0,0,0,30,0,0,0,0,25,0,True,True,True,True,True,True,True,True,True,True,True,True,True,True,True,True,True,4,1,1,0,True,True,2020-07-08,nfts_62693|1|4|leaf0,nfts_62693|1,0.077577045696067895,5,0,0,0,True,True,True,True,False,75,75,"Alpha-design, 1 factor","dt/ha (=100 kg/ha), at 15% moisture",Unspecified leaf rank; registry percent coverage,nfts_62693,0.022725303897645543,0.022987503610365376,0.027088735627102605,0.066666666666666666,False,False,False,False
nfts_62693,62693,090862020-001,2020,56.648520375526303,9.0096869814294607,4,5,Informer,True,1,5,86.799999999999997,94.900000000000006,8.6799999999999997,9.4900000000000002,83.400000000000006,90.200000000000003,91.400000000000006,98.299999999999997,Specified trial fungicide schedule; every treated comparator retained; complete protection not assumed.,Randomized within-trial fungicide treatment vs untreated code1; comparators share one control.,True,nfts_denmark2020_090862020_001.html,https://nfts.dlbr.dk/Forms/Dokumentation.aspx?KardexID=62693&applLangID=en,0.8100000000000005,0.085353003161222296,Observed fungicide-associated yield difference; STB-only or disease-free counterfactual not identified.,1,2020-07-08,0,0,0,0,30,0,0,0,0,25,0,True,True,True,True,True,True,True,True,True,True,True,True,True,True,True,True,True,4,2,2,23,True,True,"2020-06-15, 2020-07-08",nfts_62693|1|5|leaf0,nfts_62693|1,0.085353003161222393,5,0,0,0,True,True,True,True,False,75,75,"Alpha-design, 1 factor","dt/ha (=100 kg/ha), at 15% moisture",Unspecified leaf rank; registry percent coverage,nfts_62693,0.022725303897645543,0.022987503610365376,0.027088735627102605,0.066666666666666666,False,False,False,False
nfts_62693,62693,090862020-001,2020,56.648520375526303,9.0096869814294607,4,6,Informer,True,1,6,86.799999999999997,96.299999999999997,8.6799999999999997,9.6300000000000008,83.400000000000006,90.200000000000003,92.900000000000006,99.700000000000003,Specified trial fungicide schedule; every treated comparator retained; complete protection not assumed.,Randomized within-trial fungicide treatment vs untreated code1; comparators share one control.,True,nfts_denmark2020_090862020_001.html,https://nfts.dlbr.dk/Forms/Dokumentation.aspx?KardexID=62693&applLangID=en,0.95000000000000118,0.098650051921080006,Observed fungicide-associated yield difference; STB-only or disease-free counterfactual not identified.,1,2020-07-08,0,0,0,0,30,0,0,0,0,25,0,True,True,True,True,True,True,True,True,True,True,True,True,True,True,True,True,True,4,2,2,23,True,True,"2020-06-15, 2020-07-08",nfts_62693|1|6|leaf0,nfts_62693|1,0.098650051921080006,5,0,0,0,True,True,True,True,False,75,75,"Alpha-design, 1 factor","dt/ha (=100 kg/ha), at 15% moisture",Unspecified leaf rank; registry percent coverage,nfts_62693,0.022725303897645543,0.022987503610365376,0.027088735627102605,0.066666666666666666,False,False,False,False
nfts_62693,62693,090862020-001,2020,56.648520375526303,9.0096869814294607,4,7,Informer,True,1,7,86.799999999999997,92.799999999999997,8.6799999999999997,9.2799999999999994,83.400000000000006,90.200000000000003,89.400000000000006,96.200000000000003,Specified trial fungicide schedule; every treated comparator retained; complete protection not assumed.,Randomized within-trial fungicide treatment vs untreated code1; comparators share one control.,True,nfts_denmark2020_090862020_001.html,https://nfts.dlbr.dk/Forms/Dokumentation.aspx?KardexID=62693&applLangID=en,0.59999999999999964,0.064655172413792997,Observed fungicide-associated yield difference; STB-only or disease-free counterfactual not identified.,1,2020-07-08,0,0,0,0,30,0,0,0,0,25,0,True,True,True,True,True,True,True,True,True,True,True,True,True,True,True,True,True,4,2,2,23,True,True,"2020-06-15, 2020-07-08",nfts_62693|1|7|leaf0,nfts_62693|1,0.064655172413793094,5,0,0,0,True,True,True,True,False,75,75,"Alpha-design, 1 factor","dt/ha (=100 kg/ha), at 15% moisture",Unspecified leaf rank; registry percent coverage,nfts_62693,0.022725303897645543,0.022987503610365376,0.027088735627102605,0.066666666666666666,False,False,False,False
nfts_62693,62693,090862020-001,2020,56.648520375526303,9.0096869814294607,4,8,Informer,True,1,8,86.799999999999997,94.299999999999997,8.6799999999999997,9.4299999999999997,83.400000000000006,90.200000000000003,90.900000000000006,97.700000000000003,Specified trial fungicide schedule; every treated comparator retained; complete protection not assumed.,Randomized within-trial fungicide treatment vs untreated code1; comparators share one control.,True,nfts_denmark2020_090862020_001.html,https://nfts.dlbr.dk/Forms/Dokumentation.aspx?KardexID=62693&applLangID=en,0.75,0.079533404029692403,Observed fungicide-associated yield difference; STB-only or disease-free counterfactual not identified.,1,2020-07-08,0,0,0,0,30,0,0,0,0,25,0,True,True,True,True,True,True,True,True,True,True,True,True,True,True,True,True,True,4,2,2,23,True,True,"2020-06-15, 2020-07-08",nfts_62693|1|8|leaf0,nfts_62693|1,0.079533404029692403,5,0,0,0,True,True,True,True,False,75,75,"Alpha-design, 1 factor","dt/ha (=100 kg/ha), at 15% moisture",Unspecified leaf rank; registry percent coverage,nfts_62693,0.022725303897645543,0.022987503610365376,0.027088735627102605,0.066666666666666666,False,False,False,False
nfts_62693,62693,090862020-001,2020,56.648520375526303,9.0096869814294607,4,9,Informer,True,1,9,86.799999999999997,94.200000000000003,8.6799999999999997,9.4200000000000017,83.400000000000006,90.200000000000003,90.799999999999997,97.599999999999994,Specified trial fungicide schedule; every treated comparator retained; complete protection not assumed.,Randomized within-trial fungicide treatment vs untreated code1; comparators share one control.,True,nfts_denmark2020_090862020_001.html,https://nfts.dlbr.dk/Forms/Dokumentation.aspx?KardexID=62693&applLangID=en,0.74000000000000021,0.078556263269639104,Observed fungicide-associated yield difference; STB-only or disease-free counterfactual not identified.,1,2020-07-08,0,0,0,0,30,0,0,0,0,25,0,True,True,True,True,True,True,True,True,True,True,True,True,True,True,True,True,True,4,2,2,23,True,True,"2020-06-15, 2020-07-08",nfts_62693|1|9|leaf0,nfts_62693|1,0.078556263269639104,5,0,0,0,True,True,True,True,False,75,75,"Alpha-design, 1 factor","dt/ha (=100 kg/ha), at 15% moisture",Unspecified leaf rank; registry percent coverage,nfts_62693,0.022725303897645543,0.022987503610365376,0.027088735627102605,0.066666666666666666,False,False,False,False
nfts_62693,62693,090862020-001,2020,56.648520375526303,9.0096869814294607,4,10,Informer,True,1,10,86.799999999999997,94.700000000000003,8.6799999999999997,9.4700000000000006,83.400000000000006,90.200000000000003,91.299999999999997,98.099999999999994,Specified trial fungicide schedule; every treated comparator retained; complete protection not assumed.,Randomized within-trial fungicide treatment vs untreated code1; comparators share one control.,True,nfts_denmark2020_090862020_001.html,https://nfts.dlbr.dk/Forms/Dokumentation.aspx?KardexID=62693&applLangID=en,0.79000000000000092,0.083421330517423398,Observed fungicide-associated yield difference; STB-only or disease-free counterfactual not identified.,1,2020-07-08,0,0,0,0,30,0,0,0,0,25,0,True,True,True,True,True,True,True,True,True,True,True,True,True,True,True,True,True,4,2,2,23,True,True,"2020-06-15, 2020-07-08",nfts_62693|1|10|leaf0,nfts_62693|1,0.083421330517423495,5,0,0,0,True,True,True,True,False,75,75,"Alpha-design, 1 factor","dt/ha (=100 kg/ha), at 15% moisture",Unspecified leaf rank; registry percent coverage,nfts_62693,0.022725303897645543,0.022987503610365376,0.027088735627102605,0.066666666666666666,False,False,False,False
nfts_62693,62693,090862020-001,2020,56.648520375526303,9.0096869814294607,4,11,Informer,True,1,11,86.799999999999997,96.700000000000003,8.6799999999999997,9.6699999999999999,83.400000000000006,90.200000000000003,93.299999999999997,100.2,Specified trial fungicide schedule; every treated comparator retained; complete protection not assumed.,Randomized within-trial fungicide treatment vs untreated code1; comparators share one control.,True,nfts_denmark2020_090862020_001.html,https://nfts.dlbr.dk/Forms/Dokumentation.aspx?KardexID=62693&applLangID=en,0.99000000000000199,0.1023784901758014,Observed fungicide-associated yield difference; STB-only or disease-free counterfactual not identified.,1,2020-07-08,0,0,0,0,30,0,0,0,0,25,0,True,True,True,True,True,True,True,True,True,True,True,True,True,True,True,True,True,4,2,2,23,True,True,"2020-06-15, 2020-07-08",nfts_62693|1|11|leaf0,nfts_62693|1,0.1023784901758014,5,0,0,0,True,True,True,True,False,75,75,"Alpha-design, 1 factor","dt/ha (=100 kg/ha), at 15% moisture",Unspecified leaf rank; registry percent coverage,nfts_62693,0.022725303897645543,0.022987503610365376,0.027088735627102605,0.066666666666666666,False,False,False,False
nfts_62693,62693,090862020-001,2020,56.648520375526303,9.0096869814294607,4,12,Informer,True,1,12,86.799999999999997,93.799999999999997,8.6799999999999997,9.3800000000000008,83.400000000000006,90.200000000000003,90.400000000000006,97.200000000000003,Specified trial fungicide schedule; every treated comparator retained; complete protection not assumed.,Randomized within-trial fungicide treatment vs untreated code1; comparators share one control.,True,nfts_denmark2020_090862020_001.html,https://nfts.dlbr.dk/Forms/Dokumentation.aspx?KardexID=62693&applLangID=en,0.70000000000000095,0.074626865671641701,Observed fungicide-associated yield difference; STB-only or disease-free counterfactual not identified.,1,2020-07-08,0,0,0,0,30,0,0,0,0,25,0,True,True,True,True,True,True,True,True,True,True,True,True,True,True,True,True,True,4,2,2,23,True,True,"2020-06-15, 2020-07-08",nfts_62693|1|12|leaf0,nfts_62693|1,0.074626865671641701,5,0,0,0,True,True,True,True,False,75,75,"Alpha-design, 1 factor","dt/ha (=100 kg/ha), at 15% moisture",Unspecified leaf rank; registry percent coverage,nfts_62693,0.022725303897645543,0.022987503610365376,0.027088735627102605,0.066666666666666666,False,False,False,False
nfts_62693,62693,090862020-001,2020,56.648520375526303,9.0096869814294607,4,13,Informer,True,1,13,86.799999999999997,93.400000000000006,8.6799999999999997,9.3399999999999999,83.400000000000006,90.200000000000003,90,96.799999999999997,Specified trial fungicide schedule; every treated comparator retained; complete protection not assumed.,Randomized within-trial fungicide treatment vs untreated code1; comparators share one control.,True,nfts_denmark2020_090862020_001.html,https://nfts.dlbr.dk/Forms/Dokumentation.aspx?KardexID=62693&applLangID=en,0.66000000000000192,0.070663811563169102,Observed fungicide-associated yield difference; STB-only or disease-free counterfactual not identified.,1,2020-07-08,0,0,0,0,30,0,0,0,0,25,0,True,True,True,True,True,True,True,True,True,True,True,True,True,True,True,True,True,4,2,2,23,True,True,"2020-06-15, 2020-07-08",nfts_62693|1|13|leaf0,nfts_62693|1,0.070663811563169199,5,0,0,0,True,True,True,True,False,75,75,"Alpha-design, 1 factor","dt/ha (=100 kg/ha), at 15% moisture",Unspecified leaf rank; registry percent coverage,nfts_62693,0.022725303897645543,0.022987503610365376,0.027088735627102605,0.066666666666666666,False,False,False,False
nfts_62693,62693,090862020-001,2020,56.648520375526303,9.0096869814294607,4,14,Informer,True,1,14,86.799999999999997,95.200000000000003,8.6799999999999997,9.5199999999999996,83.400000000000006,90.200000000000003,91.799999999999997,98.599999999999994,Specified trial fungicide schedule; every treated comparator retained; complete protection not assumed.,Randomized within-trial fungicide treatment vs untreated code1; comparators share one control.,True,nfts_denmark2020_090862020_001.html,https://nfts.dlbr.dk/Forms/Dokumentation.aspx?KardexID=62693&applLangID=en,0.83999999999999975,0.088235294117646898,Observed fungicide-associated yield difference; STB-only or disease-free counterfactual not identified.,1,2020-07-08,0,0,0,0,30,0,0,0,0,25,0,True,True,True,True,True,True,True,True,True,True,True,True,True,True,True,True,True,4,1,1,0,True,True,2020-07-08,nfts_62693|1|14|leaf0,nfts_62693|1,0.088235294117646995,5,0,0,0,True,True,True,True,False,75,75,"Alpha-design, 1 factor","dt/ha (=100 kg/ha), at 15% moisture",Unspecified leaf rank; registry percent coverage,nfts_62693,0.022725303897645543,0.022987503610365376,0.027088735627102605,0.066666666666666666,False,False,False,False
nfts_62693,62693,090862020-001,2020,56.648520375526303,9.0096869814294607,4,15,Informer,True,1,15,86.799999999999997,92.700000000000003,8.6799999999999997,9.2699999999999996,83.400000000000006,90.200000000000003,89.299999999999997,96.200000000000003,Specified trial fungicide schedule; every treated comparator retained; complete protection not assumed.,Randomized within-trial fungicide treatment vs untreated code1; comparators share one control.,True,nfts_denmark2020_090862020_001.html,https://nfts.dlbr.dk/Forms/Dokumentation.aspx?KardexID=62693&applLangID=en,0.58999999999999975,0.063646170442287001,Observed fungicide-associated yield difference; STB-only or disease-free counterfactual not identified.,1,2020-07-08,0,0,0,0,30,0,0,0,0,25,0,True,True,True,True,True,True,True,True,True,True,True,True,True,True,True,True,True,4,1,1,0,True,True,2020-07-08,nfts_62693|1|15|leaf0,nfts_62693|1,0.063646170442287001,5,0,0,0,True,True,True,True,False,75,75,"Alpha-design, 1 factor","dt/ha (=100 kg/ha), at 15% moisture",Unspecified leaf rank; registry percent coverage,nfts_62693,0.022725303897645543,0.022987503610365376,0.027088735627102605,0.066666666666666666,False,False,False,False
nfts_62693,62693,090862020-001,2020,56.648520375526303,9.0096869814294607,4,16,Informer,True,1,16,86.799999999999997,94.400000000000006,8.6799999999999997,9.4399999999999995,83.400000000000006,90.200000000000003,91,97.900000000000006,Specified trial fungicide schedule; every treated comparator retained; complete protection not assumed.,Randomized within-trial fungicide treatment vs untreated code1; comparators share one control.,True,nfts_denmark2020_090862020_001.html,https://nfts.dlbr.dk/Forms/Dokumentation.aspx?KardexID=62693&applLangID=en,0.75999999999999968,0.080508474576271305,Observed fungicide-associated yield difference; STB-only or disease-free counterfactual not identified.,1,2020-07-08,0,0,0,0,30,0,0,0,0,25,0,True,True,True,True,True,True,True,True,True,True,True,True,True,True,True,True,True,4,2,2,23,True,True,"2020-06-15, 2020-07-08",nfts_62693|1|16|leaf0,nfts_62693|1,0.080508474576271305,5,0,0,0,True,True,True,True,False,75,75,"Alpha-design, 1 factor","dt/ha (=100 kg/ha), at 15% moisture",Unspecified leaf rank; registry percent coverage,nfts_62693,0.022725303897645543,0.022987503610365376,0.027088735627102605,0.066666666666666666,False,False,False,False
nfts_62768,62768,090812020-003,2020,56.5951967642456,8.9695306228643208,4,2,Informer,True,1,2,93.200000000000003,95.5,9.3200000000000003,9.5500000000000007,89.400000000000006,96.900000000000006,91.900000000000006,99.200000000000003,Specified trial fungicide schedule; every treated comparator retained; complete protection not assumed.,Randomized within-trial fungicide treatment vs untreated code1; comparators share one control.,True,nfts_denmark2020_090812020_003.html,https://nfts.dlbr.dk/Forms/Dokumentation.aspx?KardexID=62768&applLangID=en,0.2300000000000004,0.024083769633507598,Observed fungicide-associated yield difference; STB-only or disease-free counterfactual not identified.,1,2020-07-08,0,0,0,0,30,0,0,0,0,25,0,True,True,True,True,True,True,True,True,True,True,True,True,True,True,True,True,True,4,3,3,36,True,True,"2020-06-02, 2020-06-16, 2020-07-08",nfts_62768|1|2|leaf0,nfts_62768|1,0.024083769633507699,5,0,0,0,True,True,True,True,False,75,75,"Alpha-design, 1 factor","dt/ha (=100 kg/ha), at 15% moisture",Unspecified leaf rank; registry percent coverage,nfts_62768,0.037416326263428834,0.038134282846435691,0.052362912514159303,0.071428571428571425,False,False,False,False
nfts_62768,62768,090812020-003,2020,56.5951967642456,8.9695306228643208,4,3,Informer,True,1,3,93.200000000000003,95.400000000000006,9.3200000000000003,9.5399999999999991,89.400000000000006,96.900000000000006,91.700000000000003,99.099999999999994,Specified trial fungicide schedule; every treated comparator retained; complete protection not assumed.,Randomized within-trial fungicide treatment vs untreated code1; comparators share one control.,True,nfts_denmark2020_090812020_003.html,https://nfts.dlbr.dk/Forms/Dokumentation.aspx?KardexID=62768&applLangID=en,0.21999999999999881,0.023060796645702202,Observed fungicide-associated yield difference; STB-only or disease-free counterfactual not identified.,1,2020-07-08,0,0,0,0,30,0,0,0,0,25,0,True,True,True,True,True,True,True,True,True,True,True,True,True,True,True,True,True,4,2,2,22,True,True,"2020-06-16, 2020-07-08",nfts_62768|1|3|leaf0,nfts_62768|1,0.023060796645702299,5,0,0,0,True,True,True,True,False,75,75,"Alpha-design, 1 factor","dt/ha (=100 kg/ha), at 15% moisture",Unspecified leaf rank; registry percent coverage,nfts_62768,0.037416326263428834,0.038134282846435691,0.052362912514159303,0.071428571428571425,False,False,False,False
nfts_62768,62768,090812020-003,2020,56.5951967642456,8.9695306228643208,4,4,Informer,True,1,4,93.200000000000003,92.200000000000003,9.3200000000000003,9.2200000000000006,89.400000000000006,96.900000000000006,88.5,95.900000000000006,Specified trial fungicide schedule; every treated comparator retained; complete protection not assumed.,Randomized within-trial fungicide treatment vs untreated code1; comparators share one control.,True,nfts_denmark2020_090812020_003.html,https://nfts.dlbr.dk/Forms/Dokumentation.aspx?KardexID=62768&applLangID=en,-0.099999999999999603,-0.010845986984815601,Observed fungicide-associated yield difference; STB-only or disease-free counterfactual not identified.,1,2020-07-08,0,0,0,0,30,0,0,0,0,25,0,True,True,True,True,True,True,True,True,True,True,True,True,True,True,True,True,True,4,1,1,0,True,True,2020-07-08,nfts_62768|1|4|leaf0,nfts_62768|1,-0.010845986984815601,5,0,0,0,True,True,True,True,False,75,75,"Alpha-design, 1 factor","dt/ha (=100 kg/ha), at 15% moisture",Unspecified leaf rank; registry percent coverage,nfts_62768,0.037416326263428834,0.038134282846435691,0.052362912514159303,0.071428571428571425,True,False,False,False
nfts_62768,62768,090812020-003,2020,56.5951967642456,8.9695306228643208,4,5,Informer,True,1,5,93.200000000000003,94.099999999999994,9.3200000000000003,9.4100000000000001,89.400000000000006,96.900000000000006,90.400000000000006,97.799999999999997,Specified trial fungicide schedule; every treated comparator retained; complete protection not assumed.,Randomized within-trial fungicide treatment vs untreated code1; comparators share one control.,True,nfts_denmark2020_090812020_003.html,https://nfts.dlbr.dk/Forms/Dokumentation.aspx?KardexID=62768&applLangID=en,0.089999999999999802,0.0095642933049946005,Observed fungicide-associated yield difference; STB-only or disease-free counterfactual not identified.,1,2020-07-08,0,0,0,0,30,0,0,0,0,25,0,True,True,True,True,True,True,True,True,True,True,True,True,True,True,True,True,True,4,2,2,22,True,True,"2020-06-16, 2020-07-08",nfts_62768|1|5|leaf0,nfts_62768|1,0.0095642933049946005,5,0,0,0,True,True,True,True,False,75,75,"Alpha-design, 1 factor","dt/ha (=100 kg/ha), at 15% moisture",Unspecified leaf rank; registry percent coverage,nfts_62768,0.037416326263428834,0.038134282846435691,0.052362912514159303,0.071428571428571425,False,False,False,False
nfts_62768,62768,090812020-003,2020,56.5951967642456,8.9695306228643208,4,6,Informer,True,1,6,93.200000000000003,95.099999999999994,9.3200000000000003,9.5099999999999998,89.400000000000006,96.900000000000006,91.400000000000006,98.799999999999997,Specified trial fungicide schedule; every treated comparator retained; complete protection not assumed.,Randomized within-trial fungicide treatment vs untreated code1; comparators share one control.,True,nfts_denmark2020_090812020_003.html,https://nfts.dlbr.dk/Forms/Dokumentation.aspx?KardexID=62768&applLangID=en,0.1899999999999995,0.019978969505783099,Observed fungicide-associated yield difference; STB-only or disease-free counterfactual not identified.,1,2020-07-08,0,0,0,0,30,0,0,0,0,25,0,True,True,True,True,True,True,True,True,True,True,True,True,True,True,True,True,True,4,2,2,22,True,True,"2020-06-16, 2020-07-08",nfts_62768|1|6|leaf0,nfts_62768|1,0.019978969505783199,5,0,0,0,True,True,True,True,False,75,75,"Alpha-design, 1 factor","dt/ha (=100 kg/ha), at 15% moisture",Unspecified leaf rank; registry percent coverage,nfts_62768,0.037416326263428834,0.038134282846435691,0.052362912514159303,0.071428571428571425,False,False,False,False
nfts_62768,62768,090812020-003,2020,56.5951967642456,8.9695306228643208,4,7,Informer,True,1,7,93.200000000000003,94.099999999999994,9.3200000000000003,9.4100000000000001,89.400000000000006,96.900000000000006,90.400000000000006,97.799999999999997,Specified trial fungicide schedule; every treated comparator retained; complete protection not assumed.,Randomized within-trial fungicide treatment vs untreated code1; comparators share one control.,True,nfts_denmark2020_090812020_003.html,https://nfts.dlbr.dk/Forms/Dokumentation.aspx?KardexID=62768&applLangID=en,0.089999999999999802,0.0095642933049946005,Observed fungicide-associated yield difference; STB-only or disease-free counterfactual not identified.,1,2020-07-08,0,0,0,0,30,0,0,0,0,25,0,True,True,True,True,True,True,True,True,True,True,True,True,True,True,True,True,True,4,3,3,36,True,True,"2020-06-02, 2020-06-16, 2020-07-08",nfts_62768|1|7|leaf0,nfts_62768|1,0.0095642933049946005,5,0,0,0,True,True,True,True,False,75,75,"Alpha-design, 1 factor","dt/ha (=100 kg/ha), at 15% moisture",Unspecified leaf rank; registry percent coverage,nfts_62768,0.037416326263428834,0.038134282846435691,0.052362912514159303,0.071428571428571425,False,False,False,False
nfts_62768,62768,090812020-003,2020,56.5951967642456,8.9695306228643208,4,8,Informer,True,1,8,93.200000000000003,92.400000000000006,9.3200000000000003,9.2400000000000002,89.400000000000006,96.900000000000006,88.700000000000003,96.099999999999994,Specified trial fungicide schedule; every treated comparator retained; complete protection not assumed.,Randomized within-trial fungicide treatment vs untreated code1; comparators share one control.,True,nfts_denmark2020_090812020_003.html,https://nfts.dlbr.dk/Forms/Dokumentation.aspx?KardexID=62768&applLangID=en,-0.080000000000000002,-0.0086580086580085001,Observed fungicide-associated yield difference; STB-only or disease-free counterfactual not identified.,1,2020-07-08,0,0,0,0,30,0,0,0,0,25,0,True,True,True,True,True,True,True,True,True,True,True,True,True,True,True,True,True,4,3,3,36,True,True,"2020-06-02, 2020-06-16, 2020-07-08",nfts_62768|1|8|leaf0,nfts_62768|1,-0.0086580086580085001,5,0,0,0,True,True,True,True,False,75,75,"Alpha-design, 1 factor","dt/ha (=100 kg/ha), at 15% moisture",Unspecified leaf rank; registry percent coverage,nfts_62768,0.037416326263428834,0.038134282846435691,0.052362912514159303,0.071428571428571425,True,False,False,False
nfts_62768,62768,090812020-003,2020,56.5951967642456,8.9695306228643208,4,9,Informer,True,1,9,93.200000000000003,92,9.3200000000000003,9.1999999999999993,89.400000000000006,96.900000000000006,88.299999999999997,95.700000000000003,Specified trial fungicide schedule; every treated comparator retained; complete protection not assumed.,Randomized within-trial fungicide treatment vs untreated code1; comparators share one control.,True,nfts_denmark2020_090812020_003.html,https://nfts.dlbr.dk/Forms/Dokumentation.aspx?KardexID=62768&applLangID=en,-0.1200000000000009,-0.0130434782608694,Observed fungicide-associated yield difference; STB-only or disease-free counterfactual not identified.,1,2020-07-08,0,0,0,0,30,0,0,0,0,25,0,True,True,True,True,True,True,True,True,True,True,True,True,True,True,True,True,True,4,3,3,36,True,True,"2020-06-02, 2020-06-16, 2020-07-08",nfts_62768|1|9|leaf0,nfts_62768|1,-0.0130434782608694,5,0,0,0,True,True,True,True,False,75,75,"Alpha-design, 1 factor","dt/ha (=100 kg/ha), at 15% moisture",Unspecified leaf rank; registry percent coverage,nfts_62768,0.037416326263428834,0.038134282846435691,0.052362912514159303,0.071428571428571425,True,False,False,False
nfts_62768,62768,090812020-003,2020,56.5951967642456,8.9695306228643208,4,10,Informer,True,1,10,93.200000000000003,95.5,9.3200000000000003,9.5500000000000007,89.400000000000006,96.900000000000006,91.799999999999997,99.200000000000003,Specified trial fungicide schedule; every treated comparator retained; complete protection not assumed.,Randomized within-trial fungicide treatment vs untreated code1; comparators share one control.,True,nfts_denmark2020_090812020_003.html,https://nfts.dlbr.dk/Forms/Dokumentation.aspx?KardexID=62768&applLangID=en,0.2300000000000004,0.024083769633507598,Observed fungicide-associated yield difference; STB-only or disease-free counterfactual not identified.,1,2020-07-08,0,0,0,0,30,0,0,0,0,25,0,True,True,True,True,True,True,True,True,True,True,True,True,True,True,True,True,True,4,1,1,0,True,True,2020-07-08,nfts_62768|1|10|leaf0,nfts_62768|1,0.024083769633507699,5,0,0,0,True,True,True,True,False,75,75,"Alpha-design, 1 factor","dt/ha (=100 kg/ha), at 15% moisture",Unspecified leaf rank; registry percent coverage,nfts_62768,0.037416326263428834,0.038134282846435691,0.052362912514159303,0.071428571428571425,False,False,False,False
nfts_62768,62768,090812020-003,2020,56.5951967642456,8.9695306228643208,4,11,Informer,True,1,11,93.200000000000003,95.5,9.3200000000000003,9.5500000000000007,89.400000000000006,96.900000000000006,91.799999999999997,99.200000000000003,Specified trial fungicide schedule; every treated comparator retained; complete protection not assumed.,Randomized within-trial fungicide treatment vs untreated code1; comparators share one control.,True,nfts_denmark2020_090812020_003.html,https://nfts.dlbr.dk/Forms/Dokumentation.aspx?KardexID=62768&applLangID=en,0.2300000000000004,0.024083769633507598,Observed fungicide-associated yield difference; STB-only or disease-free counterfactual not identified.,1,2020-07-08,0,0,0,0,30,0,0,0,0,25,0,True,True,True,True,True,True,True,True,True,True,True,True,True,True,True,True,True,4,2,2,22,True,True,"2020-06-16, 2020-07-08",nfts_62768|1|11|leaf0,nfts_62768|1,0.024083769633507699,5,0,0,0,True,True,True,True,False,75,75,"Alpha-design, 1 factor","dt/ha (=100 kg/ha), at 15% moisture",Unspecified leaf rank; registry percent coverage,nfts_62768,0.037416326263428834,0.038134282846435691,0.052362912514159303,0.071428571428571425,False,False,False,False
nfts_62768,62768,090812020-003,2020,56.5951967642456,8.9695306228643208,4,12,Informer,True,1,12,93.200000000000003,96,9.3200000000000003,9.5999999999999996,89.400000000000006,96.900000000000006,92.299999999999997,99.700000000000003,Specified trial fungicide schedule; every treated comparator retained; complete protection not assumed.,Randomized within-trial fungicide treatment vs untreated code1; comparators share one control.,True,nfts_denmark2020_090812020_003.html,https://nfts.dlbr.dk/Forms/Dokumentation.aspx?KardexID=62768&applLangID=en,0.27999999999999931,0.029166666666666601,Observed fungicide-associated yield difference; STB-only or disease-free counterfactual not identified.,1,2020-07-08,0,0,0,0,30,0,0,0,0,25,0,True,True,True,True,True,True,True,True,True,True,True,True,True,True,True,True,True,4,2,2,22,True,True,"2020-06-16, 2020-07-08",nfts_62768|1|12|leaf0,nfts_62768|1,0.029166666666666601,5,0,0,0,True,True,True,True,False,75,75,"Alpha-design, 1 factor","dt/ha (=100 kg/ha), at 15% moisture",Unspecified leaf rank; registry percent coverage,nfts_62768,0.037416326263428834,0.038134282846435691,0.052362912514159303,0.071428571428571425,False,False,False,False
nfts_62768,62768,090812020-003,2020,56.5951967642456,8.9695306228643208,4,13,Informer,True,1,13,93.200000000000003,96,9.3200000000000003,9.5999999999999996,89.400000000000006,96.900000000000006,92.299999999999997,99.700000000000003,Specified trial fungicide schedule; every treated comparator retained; complete protection not assumed.,Randomized within-trial fungicide treatment vs untreated code1; comparators share one control.,True,nfts_denmark2020_090812020_003.html,https://nfts.dlbr.dk/Forms/Dokumentation.aspx?KardexID=62768&applLangID=en,0.27999999999999931,0.029166666666666601,Observed fungicide-associated yield difference; STB-only or disease-free counterfactual not identified.,1,2020-07-08,0,0,0,0,30,0,0,0,0,25,0,True,True,True,True,True,True,True,True,True,True,True,True,True,True,True,True,True,4,1,1,0,True,True,2020-07-08,nfts_62768|1|13|leaf0,nfts_62768|1,0.029166666666666601,5,0,0,0,True,True,True,True,False,75,75,"Alpha-design, 1 factor","dt/ha (=100 kg/ha), at 15% moisture",Unspecified leaf rank; registry percent coverage,nfts_62768,0.037416326263428834,0.038134282846435691,0.052362912514159303,0.071428571428571425,False,False,False,False
nfts_62768,62768,090812020-003,2020,56.5951967642456,8.9695306228643208,4,14,Informer,True,1,14,93.200000000000003,93.599999999999994,9.3200000000000003,9.3599999999999994,89.400000000000006,96.900000000000006,89.900000000000006,97.299999999999997,Specified trial fungicide schedule; every treated comparator retained; complete protection not assumed.,Randomized within-trial fungicide treatment vs untreated code1; comparators share one control.,True,nfts_denmark2020_090812020_003.html,https://nfts.dlbr.dk/Forms/Dokumentation.aspx?KardexID=62768&applLangID=en,0.039999999999999002,0.0042735042735039998,Observed fungicide-associated yield difference; STB-only or disease-free counterfactual not identified.,1,2020-07-08,0,0,0,0,30,0,0,0,0,25,0,True,True,True,True,True,True,True,True,True,True,True,True,True,True,True,True,True,4,2,2,22,True,True,"2020-06-16, 2020-07-08",nfts_62768|1|14|leaf0,nfts_62768|1,0.0042735042735040996,5,0,0,0,True,True,True,True,False,75,75,"Alpha-design, 1 factor","dt/ha (=100 kg/ha), at 15% moisture",Unspecified leaf rank; registry percent coverage,nfts_62768,0.037416326263428834,0.038134282846435691,0.052362912514159303,0.071428571428571425,False,False,False,False
nfts_62768,62768,090812020-003,2020,56.5951967642456,8.9695306228643208,4,15,Informer,True,1,15,93.200000000000003,90.5,9.3200000000000003,9.0500000000000007,89.400000000000006,96.900000000000006,86.799999999999997,94.299999999999997,Specified trial fungicide schedule; every treated comparator retained; complete protection not assumed.,Randomized within-trial fungicide treatment vs untreated code1; comparators share one control.,True,nfts_denmark2020_090812020_003.html,https://nfts.dlbr.dk/Forms/Dokumentation.aspx?KardexID=62768&applLangID=en,-0.26999999999999952,-0.029834254143646401,Observed fungicide-associated yield difference; STB-only or disease-free counterfactual not identified.,1,2020-07-08,0,0,0,0,30,0,0,0,0,25,0,True,True,True,True,True,True,True,True,True,True,True,True,True,True,True,True,True,4,2,2,22,True,True,"2020-06-16, 2020-07-08",nfts_62768|1|15|leaf0,nfts_62768|1,-0.029834254143646401,5,0,0,0,True,True,True,True,False,75,75,"Alpha-design, 1 factor","dt/ha (=100 kg/ha), at 15% moisture",Unspecified leaf rank; registry percent coverage,nfts_62768,0.037416326263428834,0.038134282846435691,0.052362912514159303,0.071428571428571425,True,False,False,False
nfts_65793,65793,090862121-003,2021,57.318888931403997,9.8701337970925191,4,2,Informer,True,1,2,81.700000000000003,86,8.1699999999999999,8.5999999999999996,77.900000000000006,85.599999999999994,82.099999999999994,89.799999999999997,Specified trial fungicide schedule; every treated comparator retained; complete protection not assumed.,Randomized within-trial fungicide treatment vs untreated code1; comparators share one control.,True,nfts_denmark2021_090862121_003.html,https://nfts.dlbr.dk/Forms/Dokumentation.aspx?KardexID=65793&applLangID=en,0.42999999999999972,0.049999999999999802,Observed fungicide-associated yield difference; STB-only or disease-free counterfactual not identified.,1,2021-07-02,0,0,0,0,14,0,0,0,0,5,0,True,True,True,True,True,True,True,True,True,True,True,True,True,True,True,True,True,4,3,3,28,True,True,"2021-06-04, 2021-06-15, 2021-07-02",nfts_65793|1|2|leaf0,nfts_65793|1,0.049999999999999899,9,0,0,0,True,True,True,True,False,72,72,"Alpha-design, 1 factor","dt/ha (=100 kg/ha), at 15% moisture",Unspecified leaf rank; registry percent coverage,nfts_65793,0.062145056394275838,0.064159986278159442,0.039208650187678377,0.066666666666666666,False,False,False,False
nfts_65793,65793,090862121-003,2021,57.318888931403997,9.8701337970925191,4,3,Informer,True,1,3,81.700000000000003,85.799999999999997,8.1699999999999999,8.5800000000000001,77.900000000000006,85.599999999999994,81.900000000000006,89.599999999999994,Specified trial fungicide schedule; every treated comparator retained; complete protection not assumed.,Randomized within-trial fungicide treatment vs untreated code1; comparators share one control.,True,nfts_denmark2021_090862121_003.html,https://nfts.dlbr.dk/Forms/Dokumentation.aspx?KardexID=65793&applLangID=en,0.40999999999999998,0.0477855477855475,Observed fungicide-associated yield difference; STB-only or disease-free counterfactual not identified.,1,2021-07-02,0,0,0,0,14,0,0,0,0,5,0,True,True,True,True,True,True,True,True,True,True,True,True,True,True,True,True,True,4,2,2,17,True,True,"2021-06-15, 2021-07-02",nfts_65793|1|3|leaf0,nfts_65793|1,0.047785547785547597,9,0,0,0,True,True,True,True,False,72,72,"Alpha-design, 1 factor","dt/ha (=100 kg/ha), at 15% moisture",Unspecified leaf rank; registry percent coverage,nfts_65793,0.062145056394275838,0.064159986278159442,0.039208650187678377,0.066666666666666666,False,False,False,False
nfts_65793,65793,090862121-003,2021,57.318888931403997,9.8701337970925191,4,4,Informer,True,1,4,81.700000000000003,84.400000000000006,8.1699999999999999,8.4400000000000013,77.900000000000006,85.599999999999994,80.5,88.200000000000003,Specified trial fungicide schedule; every treated comparator retained; complete protection not assumed.,Randomized within-trial fungicide treatment vs untreated code1; comparators share one control.,True,nfts_denmark2021_090862121_003.html,https://nfts.dlbr.dk/Forms/Dokumentation.aspx?KardexID=65793&applLangID=en,0.27000000000000118,0.031990521327014201,Observed fungicide-associated yield difference; STB-only or disease-free counterfactual not identified.,1,2021-07-02,0,0,0,0,14,0,0,0,0,6,0,True,True,True,True,True,True,True,True,True,True,True,True,True,True,True,True,True,4,2,2,17,True,True,"2021-06-15, 2021-07-02",nfts_65793|1|4|leaf0,nfts_65793|1,0.031990521327014201,8,0,0,0,True,True,True,True,False,72,72,"Alpha-design, 1 factor","dt/ha (=100 kg/ha), at 15% moisture",Unspecified leaf rank; registry percent coverage,nfts_65793,0.05543530602635497,0.057031098913919498,0.039208650187678377,0.066666666666666666,False,False,False,False
nfts_65793,65793,090862121-003,2021,57.318888931403997,9.8701337970925191,4,5,Informer,True,1,5,81.700000000000003,82.099999999999994,8.1699999999999999,8.2099999999999991,77.900000000000006,85.599999999999994,78.299999999999997,86,Specified trial fungicide schedule; every treated comparator retained; complete protection not assumed.,Randomized within-trial fungicide treatment vs untreated code1; comparators share one control.,True,nfts_denmark2021_090862121_003.html,https://nfts.dlbr.dk/Forms/Dokumentation.aspx?KardexID=65793&applLangID=en,0.039999999999999002,0.0048721071863579001,Observed fungicide-associated yield difference; STB-only or disease-free counterfactual not identified.,1,2021-07-02,0,0,0,0,14,0,0,0,0,5,0,True,True,True,True,True,True,True,True,True,True,True,True,True,True,True,True,True,4,2,2,17,True,True,"2021-06-15, 2021-07-02",nfts_65793|1|5|leaf0,nfts_65793|1,0.0048721071863579001,9,0,0,0,True,True,True,True,False,72,72,"Alpha-design, 1 factor","dt/ha (=100 kg/ha), at 15% moisture",Unspecified leaf rank; registry percent coverage,nfts_65793,0.062145056394275838,0.064159986278159442,0.039208650187678377,0.066666666666666666,False,False,False,False
nfts_65793,65793,090862121-003,2021,57.318888931403997,9.8701337970925191,4,6,Informer,True,1,6,81.700000000000003,88.5,8.1699999999999999,8.8499999999999996,77.900000000000006,85.599999999999994,84.700000000000003,92.299999999999997,Specified trial fungicide schedule; every treated comparator retained; complete protection not assumed.,Randomized within-trial fungicide treatment vs untreated code1; comparators share one control.,True,nfts_denmark2021_090862121_003.html,https://nfts.dlbr.dk/Forms/Dokumentation.aspx?KardexID=65793&applLangID=en,0.67999999999999972,0.076836158192090304,Observed fungicide-associated yield difference; STB-only or disease-free counterfactual not identified.,1,2021-07-02,0,0,0,0,14,0,0,0,0,6,0,True,True,True,True,True,True,True,True,True,True,True,True,True,True,True,True,True,4,2,2,17,True,True,"2021-06-15, 2021-07-02",nfts_65793|1|6|leaf0,nfts_65793|1,0.076836158192090304,8,0,0,0,True,True,True,True,False,72,72,"Alpha-design, 1 factor","dt/ha (=100 kg/ha), at 15% moisture",Unspecified leaf rank; registry percent coverage,nfts_65793,0.05543530602635497,0.057031098913919498,0.039208650187678377,0.066666666666666666,False,False,False,False
nfts_65793,65793,090862121-003,2021,57.318888931403997,9.8701337970925191,4,7,Informer,True,1,7,81.700000000000003,82.099999999999994,8.1699999999999999,8.2099999999999991,77.900000000000006,85.599999999999994,78.299999999999997,85.900000000000006,Specified trial fungicide schedule; every treated comparator retained; complete protection not assumed.,Randomized within-trial fungicide treatment vs untreated code1; comparators share one control.,True,nfts_denmark2021_090862121_003.html,https://nfts.dlbr.dk/Forms/Dokumentation.aspx?KardexID=65793&applLangID=en,0.039999999999999002,0.0048721071863579001,Observed fungicide-associated yield difference; STB-only or disease-free counterfactual not identified.,1,2021-07-02,0,0,0,0,14,0,0,0,0,8,0,True,True,True,True,True,True,True,True,True,True,True,True,True,True,True,True,True,4,2,2,17,True,True,"2021-06-15, 2021-07-02",nfts_65793|1|7|leaf0,nfts_65793|1,0.0048721071863579001,6,0,0,0,True,True,True,True,False,72,72,"Alpha-design, 1 factor","dt/ha (=100 kg/ha), at 15% moisture",Unspecified leaf rank; registry percent coverage,nfts_65793,0.041871449976824092,0.042773324185439623,0.039208650187678377,0.066666666666666666,False,False,False,False
nfts_65793,65793,090862121-003,2021,57.318888931403997,9.8701337970925191,4,8,Informer,True,1,8,81.700000000000003,85.599999999999994,8.1699999999999999,8.5600000000000005,77.900000000000006,85.599999999999994,81.799999999999997,89.5,Specified trial fungicide schedule; every treated comparator retained; complete protection not assumed.,Randomized within-trial fungicide treatment vs untreated code1; comparators share one control.,True,nfts_denmark2021_090862121_003.html,https://nfts.dlbr.dk/Forms/Dokumentation.aspx?KardexID=65793&applLangID=en,0.39000000000000051,0.045560747663551303,Observed fungicide-associated yield difference; STB-only or disease-free counterfactual not identified.,1,2021-07-02,0,0,0,0,14,0,0,0,0,5,0,True,True,True,True,True,True,True,True,True,True,True,True,True,True,True,True,True,4,2,2,17,True,True,"2021-06-15, 2021-07-02",nfts_65793|1|8|leaf0,nfts_65793|1,0.045560747663551303,9,0,0,0,True,True,True,True,False,72,72,"Alpha-design, 1 factor","dt/ha (=100 kg/ha), at 15% moisture",Unspecified leaf rank; registry percent coverage,nfts_65793,0.062145056394275838,0.064159986278159442,0.039208650187678377,0.066666666666666666,False,False,False,False
nfts_65793,65793,090862121-003,2021,57.318888931403997,9.8701337970925191,4,9,Informer,True,1,9,81.700000000000003,85.599999999999994,8.1699999999999999,8.5600000000000005,77.900000000000006,85.599999999999994,81.700000000000003,89.400000000000006,Specified trial fungicide schedule; every treated comparator retained; complete protection not assumed.,Randomized within-trial fungicide treatment vs untreated code1; comparators share one control.,True,nfts_denmark2021_090862121_003.html,https://nfts.dlbr.dk/Forms/Dokumentation.aspx?KardexID=65793&applLangID=en,0.39000000000000051,0.045560747663551303,Observed fungicide-associated yield difference; STB-only or disease-free counterfactual not identified.,1,2021-07-02,0,0,0,0,14,0,0,0,0,5,0,True,True,True,True,True,True,True,True,True,True,True,True,True,True,True,True,True,4,2,2,17,True,True,"2021-06-15, 2021-07-02",nfts_65793|1|9|leaf0,nfts_65793|1,0.045560747663551303,9,0,0,0,True,True,True,True,False,72,72,"Alpha-design, 1 factor","dt/ha (=100 kg/ha), at 15% moisture",Unspecified leaf rank; registry percent coverage,nfts_65793,0.062145056394275838,0.064159986278159442,0.039208650187678377,0.066666666666666666,False,False,False,False
nfts_65793,65793,090862121-003,2021,57.318888931403997,9.8701337970925191,4,10,Informer,True,1,10,81.700000000000003,88.299999999999997,8.1699999999999999,8.8300000000000001,77.900000000000006,85.599999999999994,84.5,92.200000000000003,Specified trial fungicide schedule; every treated comparator retained; complete protection not assumed.,Randomized within-trial fungicide treatment vs untreated code1; comparators share one control.,True,nfts_denmark2021_090862121_003.html,https://nfts.dlbr.dk/Forms/Dokumentation.aspx?KardexID=65793&applLangID=en,0.66000000000000014,0.074745186862966898,Observed fungicide-associated yield difference; STB-only or disease-free counterfactual not identified.,1,2021-07-02,0,0,0,0,14,0,0,0,0,7,0,True,True,True,True,True,True,True,True,True,True,True,True,True,True,True,True,True,4,2,2,17,True,True,"2021-06-15, 2021-07-02",nfts_65793|1|10|leaf0,nfts_65793|1,0.074745186862966995,7,0,0,0,True,True,True,True,False,72,72,"Alpha-design, 1 factor","dt/ha (=100 kg/ha), at 15% moisture",Unspecified leaf rank; registry percent coverage,nfts_65793,0.048677551699712392,0.049902211549679561,0.039208650187678377,0.066666666666666666,False,False,False,False
nfts_65793,65793,090862121-003,2021,57.318888931403997,9.8701337970925191,4,11,Informer,True,1,11,81.700000000000003,87.200000000000003,8.1699999999999999,8.7200000000000006,77.900000000000006,85.599999999999994,83.299999999999997,91,Specified trial fungicide schedule; every treated comparator retained; complete protection not assumed.,Randomized within-trial fungicide treatment vs untreated code1; comparators share one control.,True,nfts_denmark2021_090862121_003.html,https://nfts.dlbr.dk/Forms/Dokumentation.aspx?KardexID=65793&applLangID=en,0.55000000000000071,0.063073394495412702,Observed fungicide-associated yield difference; STB-only or disease-free counterfactual not identified.,1,2021-07-02,0,0,0,0,14,0,0,0,0,7,0,True,True,True,True,True,True,True,True,True,True,True,True,True,True,True,True,True,4,1,1,0,True,True,2021-07-02,nfts_65793|1|11|leaf0,nfts_65793|1,0.063073394495412799,7,0,0,0,True,True,True,True,False,72,72,"Alpha-design, 1 factor","dt/ha (=100 kg/ha), at 15% moisture",Unspecified leaf rank; registry percent coverage,nfts_65793,0.048677551699712392,0.049902211549679561,0.039208650187678377,0.066666666666666666,False,False,False,False
nfts_65793,65793,090862121-003,2021,57.318888931403997,9.8701337970925191,4,12,Informer,True,1,12,81.700000000000003,89.799999999999997,8.1699999999999999,8.9800000000000004,77.900000000000006,85.599999999999994,85.900000000000006,93.599999999999994,Specified trial fungicide schedule; every treated comparator retained; complete protection not assumed.,Randomized within-trial fungicide treatment vs untreated code1; comparators share one control.,True,nfts_denmark2021_090862121_003.html,https://nfts.dlbr.dk/Forms/Dokumentation.aspx?KardexID=65793&applLangID=en,0.8100000000000005,0.090200445434298199,Observed fungicide-associated yield difference; STB-only or disease-free counterfactual not identified.,1,2021-07-02,0,0,0,0,14,0,0,0,0,4,0,True,True,True,True,True,True,True,True,True,True,True,True,True,True,True,True,True,4,1,1,0,True,True,2021-07-02,nfts_65793|1|12|leaf0,nfts_65793|1,0.090200445434298296,10,0,0,0,True,True,True,True,False,72,72,"Alpha-design, 1 factor","dt/ha (=100 kg/ha), at 15% moisture",Unspecified leaf rank; registry percent coverage,nfts_65793,0.068807143801377757,0.071288873642399372,0.039208650187678377,0.066666666666666666,False,False,False,False
nfts_65793,65793,090862121-003,2021,57.318888931403997,9.8701337970925191,4,13,Informer,True,1,13,81.700000000000003,87.200000000000003,8.1699999999999999,8.7200000000000006,77.900000000000006,85.599999999999994,83.400000000000006,91,Specified trial fungicide schedule; every treated comparator retained; complete protection not assumed.,Randomized within-trial fungicide treatment vs untreated code1; comparators share one control.,True,nfts_denmark2021_090862121_003.html,https://nfts.dlbr.dk/Forms/Dokumentation.aspx?KardexID=65793&applLangID=en,0.55000000000000071,0.063073394495412702,Observed fungicide-associated yield difference; STB-only or disease-free counterfactual not identified.,1,2021-07-02,0,0,0,0,14,0,0,0,0,6,0,True,True,True,True,True,True,True,True,True,True,True,True,True,True,True,True,True,4,1,1,0,True,True,2021-07-02,nfts_65793|1|13|leaf0,nfts_65793|1,0.063073394495412799,8,0,0,0,True,True,True,True,False,72,72,"Alpha-design, 1 factor","dt/ha (=100 kg/ha), at 15% moisture",Unspecified leaf rank; registry percent coverage,nfts_65793,0.05543530602635497,0.057031098913919498,0.039208650187678377,0.066666666666666666,False,False,False,False
nfts_65793,65793,090862121-003,2021,57.318888931403997,9.8701337970925191,4,14,Informer,True,1,14,81.700000000000003,88.200000000000003,8.1699999999999999,8.8200000000000003,77.900000000000006,85.599999999999994,84.400000000000006,92,Specified trial fungicide schedule; every treated comparator retained; complete protection not assumed.,Randomized within-trial fungicide treatment vs untreated code1; comparators share one control.,True,nfts_denmark2021_090862121_003.html,https://nfts.dlbr.dk/Forms/Dokumentation.aspx?KardexID=65793&applLangID=en,0.65000000000000036,0.073696145124716506,Observed fungicide-associated yield difference; STB-only or disease-free counterfactual not identified.,1,2021-07-02,0,0,0,0,14,0,0,0,0,5,0,True,True,True,True,True,True,True,True,True,True,True,True,True,True,True,True,True,4,2,2,17,True,True,"2021-06-15, 2021-07-02",nfts_65793|1|14|leaf0,nfts_65793|1,0.073696145124716506,9,0,0,0,True,True,True,True,True,72,72,"Alpha-design, 1 factor","dt/ha (=100 kg/ha), at 15% moisture",Unspecified leaf rank; registry percent coverage,nfts_65793,0.062145056394275838,0.064159986278159442,0.039208650187678377,0.066666666666666666,False,False,False,False
nfts_65793,65793,090862121-003,2021,57.318888931403997,9.8701337970925191,4,15,Informer,True,1,15,81.700000000000003,84.799999999999997,8.1699999999999999,8.4800000000000004,77.900000000000006,85.599999999999994,81,88.599999999999994,Specified trial fungicide schedule; every treated comparator retained; complete protection not assumed.,Randomized within-trial fungicide treatment vs untreated code1; comparators share one control.,True,nfts_denmark2021_090862121_003.html,https://nfts.dlbr.dk/Forms/Dokumentation.aspx?KardexID=65793&applLangID=en,0.3100000000000005,0.0365566037735848,Observed fungicide-associated yield difference; STB-only or disease-free counterfactual not identified.,1,2021-07-02,0,0,0,0,14,0,0,0,0,7,0,True,True,True,True,True,True,True,True,True,True,True,True,True,True,True,True,True,4,2,2,17,True,True,"2021-06-15, 2021-07-02",nfts_65793|1|15|leaf0,nfts_65793|1,0.0365566037735848,7,0,0,0,True,True,True,True,False,72,72,"Alpha-design, 1 factor","dt/ha (=100 kg/ha), at 15% moisture",Unspecified leaf rank; registry percent coverage,nfts_65793,0.048677551699712392,0.049902211549679561,0.039208650187678377,0.066666666666666666,False,False,False,False
nfts_65793,65793,090862121-003,2021,57.318888931403997,9.8701337970925191,4,16,Informer,True,1,16,81.700000000000003,84,8.1699999999999999,8.4000000000000004,77.900000000000006,85.599999999999994,80.200000000000003,87.900000000000006,Specified trial fungicide schedule; every treated comparator retained; complete protection not assumed.,Randomized within-trial fungicide treatment vs untreated code1; comparators share one control.,True,nfts_denmark2021_090862121_003.html,https://nfts.dlbr.dk/Forms/Dokumentation.aspx?KardexID=65793&applLangID=en,0.2300000000000004,0.027380952380952301,Observed fungicide-associated yield difference; STB-only or disease-free counterfactual not identified.,1,2021-07-02,0,0,0,0,14,0,0,0,0,6,0,True,True,True,True,True,True,True,True,True,True,True,True,True,True,True,True,True,4,2,2,17,True,True,"2021-06-15, 2021-07-02",nfts_65793|1|16|leaf0,nfts_65793|1,0.027380952380952301,8,0,0,0,True,True,True,True,False,72,72,"Alpha-design, 1 factor","dt/ha (=100 kg/ha), at 15% moisture",Unspecified leaf rank; registry percent coverage,nfts_65793,0.05543530602635497,0.057031098913919498,0.039208650187678377,0.066666666666666666,False,False,False,False
nfts_68027,68027,090872222-001,2022,55.449407420030099,11.904165761971999,4,2,Pondus,True,1,2,90.900000000000006,90.599999999999994,9.0899999999999999,9.0600000000000005,85.799999999999997,95.900000000000006,85.099999999999994,96.099999999999994,Specified trial fungicide schedule; every treated comparator retained; complete protection not assumed.,Randomized within-trial fungicide treatment vs untreated code1; comparators share one control.,True,nfts_denmark2022_090872222_001.html,https://nfts.dlbr.dk/Forms/Dokumentation.aspx?KardexID=68027&applLangID=en,-0.030000000000001002,-0.0033112582781457001,Observed fungicide-associated yield difference; STB-only or disease-free counterfactual not identified.,1,2022-07-11,0,0,0,0,9,0,0,0,0,1,0,True,True,True,True,True,True,True,True,True,True,True,True,True,True,True,True,True,4,3,3,69,True,True,"2022-05-03, 2022-05-19, 2022-07-11",nfts_68027|1|2|leaf0,nfts_68027|1,-0.0033112582781457999,8,0,0,0,True,True,True,True,False,77,77,"Alpha-design, 1 factor","dt/ha (=100 kg/ha), at 15% moisture",Unspecified leaf rank; registry percent coverage,nfts_68027,0.060304261299219473,0.062199138347700557,0.048045922872215846,0.125,True,False,False,False
nfts_68027,68027,090872222-001,2022,55.449407420030099,11.904165761971999,4,3,Pondus,True,1,3,90.900000000000006,92.5,9.0899999999999999,9.25,85.799999999999997,95.900000000000006,87.400000000000006,97.599999999999994,Specified trial fungicide schedule; every treated comparator retained; complete protection not assumed.,Randomized within-trial fungicide treatment vs untreated code1; comparators share one control.,True,nfts_denmark2022_090872222_001.html,https://nfts.dlbr.dk/Forms/Dokumentation.aspx?KardexID=68027&applLangID=en,0.15999999999999831,0.0172972972972972,Observed fungicide-associated yield difference; STB-only or disease-free counterfactual not identified.,1,2022-07-11,0,0,0,0,9,0,0,0,0,3,0,True,True,True,True,True,True,True,True,True,True,True,True,True,True,True,True,True,4,1,1,0,True,True,2022-07-11,nfts_68027|1|3|leaf0,nfts_68027|1,0.0172972972972972,6,0,0,0,True,True,True,True,False,77,77,"Alpha-design, 1 factor","dt/ha (=100 kg/ha), at 15% moisture",Unspecified leaf rank; registry percent coverage,nfts_68027,0.045577996591064672,0.046649353760775419,0.048045922872215846,0.125,False,False,False,False
nfts_68027,68027,090872222-001,2022,55.449407420030099,11.904165761971999,4,5,Pondus,True,1,5,90.900000000000006,92.299999999999997,9.0899999999999999,9.2300000000000004,85.799999999999997,95.900000000000006,87.200000000000003,97.400000000000006,Specified trial fungicide schedule; every treated comparator retained; complete protection not assumed.,Randomized within-trial fungicide treatment vs untreated code1; comparators share one control.,True,nfts_denmark2022_090872222_001.html,https://nfts.dlbr.dk/Forms/Dokumentation.aspx?KardexID=68027&applLangID=en,0.13999999999999871,0.0151679306608882,Observed fungicide-associated yield difference; STB-only or disease-free counterfactual not identified.,1,2022-07-11,0,0,0,0,9,0,0,0,0,3,0,True,True,True,True,True,True,True,True,True,True,True,True,True,True,True,True,True,4,1,1,0,True,True,2022-07-11,nfts_68027|1|5|leaf0,nfts_68027|1,0.0151679306608882,6,0,0,0,True,True,True,True,False,77,77,"Alpha-design, 1 factor","dt/ha (=100 kg/ha), at 15% moisture",Unspecified leaf rank; registry percent coverage,nfts_68027,0.045577996591064672,0.046649353760775419,0.048045922872215846,0.125,False,False,False,False
nfts_68027,68027,090872222-001,2022,55.449407420030099,11.904165761971999,4,6,Pondus,True,1,6,90.900000000000006,93.5,9.0899999999999999,9.3499999999999996,85.799999999999997,95.900000000000006,88.400000000000006,98.599999999999994,Specified trial fungicide schedule; every treated comparator retained; complete protection not assumed.,Randomized within-trial fungicide treatment vs untreated code1; comparators share one control.,True,nfts_denmark2022_090872222_001.html,https://nfts.dlbr.dk/Forms/Dokumentation.aspx?KardexID=68027&applLangID=en,0.25999999999999801,0.027807486631015801,Observed fungicide-associated yield difference; STB-only or disease-free counterfactual not identified.,1,2022-07-11,0,0,0,0,9,0,0,0,0,3,0,True,True,True,True,True,True,True,True,True,True,True,True,True,True,True,True,True,4,1,1,0,True,True,2022-07-11,nfts_68027|1|6|leaf0,nfts_68027|1,0.027807486631015899,6,0,0,0,True,True,True,True,False,77,77,"Alpha-design, 1 factor","dt/ha (=100 kg/ha), at 15% moisture",Unspecified leaf rank; registry percent coverage,nfts_68027,0.045577996591064672,0.046649353760775419,0.048045922872215846,0.125,False,False,False,False
nfts_68027,68027,090872222-001,2022,55.449407420030099,11.904165761971999,4,8,Pondus,True,1,8,90.900000000000006,93.799999999999997,9.0899999999999999,9.3800000000000008,85.799999999999997,95.900000000000006,88.700000000000003,98.900000000000006,Specified trial fungicide schedule; every treated comparator retained; complete protection not assumed.,Randomized within-trial fungicide treatment vs untreated code1; comparators share one control.,True,nfts_denmark2022_090872222_001.html,https://nfts.dlbr.dk/Forms/Dokumentation.aspx?KardexID=68027&applLangID=en,0.28999999999999898,0.0309168443496801,Observed fungicide-associated yield difference; STB-only or disease-free counterfactual not identified.,1,2022-07-11,0,0,0,0,9,0,0,0,0,3,0,True,True,True,True,True,True,True,True,True,True,True,True,True,True,True,True,True,4,1,1,0,True,True,2022-07-11,nfts_68027|1|8|leaf0,nfts_68027|1,0.0309168443496801,6,0,0,0,True,True,True,True,False,77,77,"Alpha-design, 1 factor","dt/ha (=100 kg/ha), at 15% moisture",Unspecified leaf rank; registry percent coverage,nfts_68027,0.045577996591064672,0.046649353760775419,0.048045922872215846,0.125,False,False,False,False
nfts_68027,68027,090872222-001,2022,55.449407420030099,11.904165761971999,4,9,Pondus,True,1,9,90.900000000000006,93.400000000000006,9.0899999999999999,9.3399999999999999,85.799999999999997,95.900000000000006,88.299999999999997,98.400000000000006,Specified trial fungicide schedule; every treated comparator retained; complete protection not assumed.,Randomized within-trial fungicide treatment vs untreated code1; comparators share one control.,True,nfts_denmark2022_090872222_001.html,https://nfts.dlbr.dk/Forms/Dokumentation.aspx?KardexID=68027&applLangID=en,0.25,0.026766595289079102,Observed fungicide-associated yield difference; STB-only or disease-free counterfactual not identified.,1,2022-07-11,0,0,0,0,9,0,0,0,0,3,0,True,True,True,True,True,True,True,True,True,True,True,True,True,True,True,True,True,4,1,1,0,True,True,2022-07-11,nfts_68027|1|9|leaf0,nfts_68027|1,0.026766595289079199,6,0,0,0,True,True,True,True,False,77,77,"Alpha-design, 1 factor","dt/ha (=100 kg/ha), at 15% moisture",Unspecified leaf rank; registry percent coverage,nfts_68027,0.045577996591064672,0.046649353760775419,0.048045922872215846,0.125,False,False,False,False
nfts_68027,68027,090872222-001,2022,55.449407420030099,11.904165761971999,4,12,Pondus,True,1,12,90.900000000000006,93.5,9.0899999999999999,9.3499999999999996,85.799999999999997,95.900000000000006,88.5,98.599999999999994,Specified trial fungicide schedule; every treated comparator retained; complete protection not assumed.,Randomized within-trial fungicide treatment vs untreated code1; comparators share one control.,True,nfts_denmark2022_090872222_001.html,https://nfts.dlbr.dk/Forms/Dokumentation.aspx?KardexID=68027&applLangID=en,0.25999999999999801,0.027807486631015801,Observed fungicide-associated yield difference; STB-only or disease-free counterfactual not identified.,1,2022-07-11,0,0,0,0,9,0,0,0,0,3,0,True,True,True,True,True,True,True,True,True,True,True,True,True,True,True,True,True,4,2,2,53,True,True,"2022-05-19, 2022-07-11",nfts_68027|1|12|leaf0,nfts_68027|1,0.027807486631015899,6,0,0,0,True,True,True,True,False,77,77,"Alpha-design, 1 factor","dt/ha (=100 kg/ha), at 15% moisture",Unspecified leaf rank; registry percent coverage,nfts_68027,0.045577996591064672,0.046649353760775419,0.048045922872215846,0.125,False,False,False,False
nfts_68027,68027,090872222-001,2022,55.449407420030099,11.904165761971999,4,13,Pondus,True,1,13,90.900000000000006,94.5,9.0899999999999999,9.4499999999999993,85.799999999999997,95.900000000000006,89.5,99.599999999999994,Specified trial fungicide schedule; every treated comparator retained; complete protection not assumed.,Randomized within-trial fungicide treatment vs untreated code1; comparators share one control.,True,nfts_denmark2022_090872222_001.html,https://nfts.dlbr.dk/Forms/Dokumentation.aspx?KardexID=68027&applLangID=en,0.3599999999999976,0.038095238095238002,Observed fungicide-associated yield difference; STB-only or disease-free counterfactual not identified.,1,2022-07-11,0,0,0,0,9,0,0,0,0,4,0,True,True,True,True,True,True,True,True,True,True,True,True,True,True,True,True,True,4,2,2,53,True,True,"2022-05-19, 2022-07-11",nfts_68027|1|13|leaf0,nfts_68027|1,0.038095238095238002,5,0,0,0,True,True,True,True,False,77,77,"Alpha-design, 1 factor","dt/ha (=100 kg/ha), at 15% moisture",Unspecified leaf rank; registry percent coverage,nfts_68027,0.038128546501920421,0.038874461467312847,0.048045922872215846,0.125,False,False,False,False
