domain,family,rows,independent_trials,model_rmse_pp,baseline_rmse_pp,model_mae_pp,baseline_mae_pp,model_bias_pp,mse_skill,negative_observed,negative_predicted,predictions_above_one
endpoint67_loto,linear,67,5,4.1640012468955181,3.8841209504201126,3.4340619787648206,3.2823357349355966,-0.76164049727101601,-0.14930742191340163,7,0,0
integral50_loto,linear,50,5,5.5573516105065934,3.9846140290681897,4.6812860015264146,3.2658284548700749,-1.6858024419657309,-0.94519538736768416,5,0,0
endpoint52_loto,linear,52,4,4.1069205416907062,4.2751447938849729,3.3731300939051989,3.7123814874398331,-0.13519237883208718,0.077150366135090964,5,0,0
endpoint52_temporal,linear,8,1,2.9039136176181533,2.8125656095094862,2.3436016295520243,2.5477470287707265,2.3266221991254152,-0.066011923415261631,1,0,0
integral38_loto,linear,38,4,5.8182596146559522,4.4562495115603857,4.9263150990683107,3.7633829826181473,-1.2542149848775723,-0.70469698295925842,4,0,0
integral38_temporal,linear,3,1,2.3155524190035277,3.1066263124788813,2.0204416083281185,2.5597964945191727,0.25813424805755336,0.44443970326591353,1,0,0
four_disease131_loto,linear,131,8,122.76974230736081,6.4595238926337739,13.236740961295332,4.9115378214348464,5.9848394927682422,-360.22821962424581,11,6,3
endpoint67_damage_loto,conditional_exponential,67,5,4.1699314652005333,3.8841209504201113,3.4508950404461336,3.2823357349355957,-0.71992936484027581,-0.15258335619032759,7,0,0
integral50_damage_loto,conditional_exponential,50,5,5.5404708263889866,3.9846140290681888,4.6661681479854904,3.2658284548700749,-1.6712707486900533,-0.93339604321609282,5,0,0
endpoint52_damage_loto,conditional_exponential,52,4,4.1144348197733844,4.2751447938849712,3.394171421006841,3.7123814874398322,-0.083053463293662588,0.073770270197772714,5,0,0
endpoint52_damage_temporal,conditional_exponential,8,1,2.9520979310144977,2.8125656095094853,2.3919145833932407,2.5477470287707256,2.3919145833932407,-0.10168185489678638,1,0,0
integral38_damage_loto,conditional_exponential,38,4,5.7981005521308866,4.4562495115603848,4.9074177821421578,3.7633829826181464,-1.2360503682829764,-0.69290460469540216,4,0,0
integral38_damage_temporal,conditional_exponential,3,1,2.3273175654526224,3.1066263124788782,2.0071838699635891,2.5597964945191714,0.31175382327342466,0.43877984146382909,1,0,0
four_disease131_damage_loto,conditional_exponential,131,8,19.386261728281106,6.4595238926337739,6.2285873610474534,4.9115378214348455,-1.9778098033328024,-8.0071444053827303,11,6,0
