row_id,arm,code,date,native_STB_value,English_STB_input
nfts_67111|A1|B1|leaf0,untreated,A1,2022-07-29,32.0,32.0
nfts_67111|A1|B1|leaf0,treated,B1,2022-07-29,30.0,30.0
nfts_67111|A2|B2|leaf0,untreated,A2,2022-07-29,70.0,70.0
nfts_67111|A2|B2|leaf0,treated,B2,2022-07-29,45.0,45.0
nfts_67111|A3|B3|leaf0,untreated,A3,2022-07-29,42.0,42.0
nfts_67111|A3|B3|leaf0,treated,B3,2022-07-29,25.0,25.0
nfts_67111|A4|B4|leaf0,untreated,A4,2022-07-29,25.0,25.0
nfts_67111|A4|B4|leaf0,treated,B4,2022-07-29,10.0,10.0
nfts_67111|A5|B5|leaf0,untreated,A5,2022-07-29,35.0,35.0
nfts_67111|A5|B5|leaf0,treated,B5,2022-07-29,30.0,30.0
nfts_67111|A6|B6|leaf0,untreated,A6,2022-07-29,60.0,60.0
nfts_67111|A6|B6|leaf0,treated,B6,2022-07-29,15.0,15.0
nfts_67111|A7|B7|leaf0,untreated,A7,2022-07-29,38.0,38.0
nfts_67111|A7|B7|leaf0,treated,B7,2022-07-29,10.0,10.0
nfts_67111|A8|B8|leaf0,untreated,A8,2022-07-29,40.0,40.0
nfts_67111|A8|B8|leaf0,treated,B8,2022-07-29,20.0,20.0
nfts_67111|A9|B9|leaf0,untreated,A9,2022-07-29,50.0,50.0
nfts_67111|A9|B9|leaf0,treated,B9,2022-07-29,20.0,20.0
nfts_67111|A10|B10|leaf0,untreated,A10,2022-07-29,55.0,55.0
nfts_67111|A10|B10|leaf0,treated,B10,2022-07-29,20.0,20.0
nfts_67111|A11|B11|leaf0,untreated,A11,2022-07-29,30.0,30.0
nfts_67111|A11|B11|leaf0,treated,B11,2022-07-29,15.0,15.0
nfts_67111|A12|B12|leaf0,untreated,A12,2022-07-29,58.0,58.0
nfts_67111|A12|B12|leaf0,treated,B12,2022-07-29,18.0,18.0
nfts_67111|A13|B13|leaf0,untreated,A13,2022-07-29,42.0,42.0
nfts_67111|A13|B13|leaf0,treated,B13,2022-07-29,28.0,28.0
nfts_67111|A14|B14|leaf0,untreated,A14,2022-07-29,42.0,42.0
nfts_67111|A14|B14|leaf0,treated,B14,2022-07-29,50.0,50.0
nfts_67111|A15|B15|leaf0,untreated,A15,2022-07-29,50.0,50.0
nfts_67111|A15|B15|leaf0,treated,B15,2022-07-29,40.0,40.0
nfts_67111|A16|B16|leaf0,untreated,A16,2022-07-29,35.0,35.0
nfts_67111|A16|B16|leaf0,treated,B16,2022-07-29,30.0,30.0
nfts_67111|A17|B17|leaf0,untreated,A17,2022-07-29,35.0,35.0
nfts_67111|A17|B17|leaf0,treated,B17,2022-07-29,18.0,18.0
nfts_67111|A18|B18|leaf0,untreated,A18,2022-07-29,65.0,65.0
nfts_67111|A18|B18|leaf0,treated,B18,2022-07-29,20.0,20.0
nfts_67111|A19|B19|leaf0,untreated,A19,2022-07-29,28.0,28.0
nfts_67111|A19|B19|leaf0,treated,B19,2022-07-29,10.0,10.0
nfts_67111|A20|B20|leaf0,untreated,A20,2022-07-29,48.0,48.0
nfts_67111|A20|B20|leaf0,treated,B20,2022-07-29,40.0,40.0
nfts_67111|A21|B21|leaf0,untreated,A21,2022-07-29,25.0,25.0
nfts_67111|A21|B21|leaf0,treated,B21,2022-07-29,12.0,12.0
nfts_67111|A22|B22|leaf0,untreated,A22,2022-07-29,32.0,32.0
nfts_67111|A22|B22|leaf0,treated,B22,2022-07-29,15.0,15.0
nfts_67111|A23|B23|leaf0,untreated,A23,2022-07-29,32.0,32.0
nfts_67111|A23|B23|leaf0,treated,B23,2022-07-29,15.0,15.0
nfts_67111|A24|B24|leaf0,untreated,A24,2022-07-29,48.0,48.0
nfts_67111|A24|B24|leaf0,treated,B24,2022-07-29,18.0,18.0
nfts_67111|A25|B25|leaf0,untreated,A25,2022-07-29,40.0,40.0
nfts_67111|A25|B25|leaf0,treated,B25,2022-07-29,25.0,25.0
nfts_67111|A26|B26|leaf0,untreated,A26,2022-07-29,5.0,5.0
nfts_67111|A26|B26|leaf0,treated,B26,2022-07-29,6.0,6.0
nfts_67111|A27|B27|leaf0,untreated,A27,2022-07-29,30.0,30.0
nfts_67111|A27|B27|leaf0,treated,B27,2022-07-29,12.0,12.0
nfts_67111|A28|B28|leaf0,untreated,A28,2022-07-29,48.0,48.0
nfts_67111|A28|B28|leaf0,treated,B28,2022-07-29,15.0,15.0
nfts_67111|A29|B29|leaf0,untreated,A29,2022-07-29,50.0,50.0
nfts_67111|A29|B29|leaf0,treated,B29,2022-07-29,30.0,30.0
nfts_67111|A30|B30|leaf0,untreated,A30,2022-07-29,35.0,35.0
nfts_67111|A30|B30|leaf0,treated,B30,2022-07-29,25.0,25.0
nfts_67111|A31|B31|leaf0,untreated,A31,2022-07-29,30.0,30.0
nfts_67111|A31|B31|leaf0,treated,B31,2022-07-29,15.0,15.0
nfts_67111|A32|B32|leaf0,untreated,A32,2022-07-29,38.0,38.0
nfts_67111|A32|B32|leaf0,treated,B32,2022-07-29,40.0,40.0
nfts_67111|A33|B33|leaf0,untreated,A33,2022-07-29,50.0,50.0
nfts_67111|A33|B33|leaf0,treated,B33,2022-07-29,15.0,15.0
nfts_67111|A34|B34|leaf0,untreated,A34,2022-07-29,18.0,18.0
nfts_67111|A34|B34|leaf0,treated,B34,2022-07-29,20.0,20.0
nfts_67111|A36|B36|leaf0,untreated,A36,2022-07-29,45.0,45.0
nfts_67111|A36|B36|leaf0,treated,B36,2022-07-29,45.0,45.0
nfts_67111|A37|B37|leaf0,untreated,A37,2022-07-29,35.0,35.0
nfts_67111|A37|B37|leaf0,treated,B37,2022-07-29,15.0,15.0
nfts_67111|A38|B38|leaf0,untreated,A38,2022-07-29,28.0,28.0
nfts_67111|A38|B38|leaf0,treated,B38,2022-07-29,50.0,50.0
nfts_67111|A40|B40|leaf0,untreated,A40,2022-07-29,50.0,50.0
nfts_67111|A40|B40|leaf0,treated,B40,2022-07-29,45.0,45.0
nfts_67111|A41|B41|leaf0,untreated,A41,2022-07-29,32.0,32.0
nfts_67111|A41|B41|leaf0,treated,B41,2022-07-29,60.0,60.0
nfts_67111|A42|B42|leaf0,untreated,A42,2022-07-29,32.0,32.0
nfts_67111|A42|B42|leaf0,treated,B42,2022-07-29,25.0,25.0
nfts_67111|A43|B43|leaf0,untreated,A43,2022-07-29,40.0,40.0
nfts_67111|A43|B43|leaf0,treated,B43,2022-07-29,10.0,10.0
