source_html_native,source_table_native,source_table_id_native,source_row_native,source_column_native,treatment_code,date,measurement_native,value_native,unit_native,leaf_rank_native,source_html_English,source_table_English,source_table_id_English,source_row_English,source_column_English,measurement_English,value_English,unit_English,leaf_rank_English
nfts_native_67111_sv.html,26,tabResultatLedNieveauAfsnitEX4,3,4,A1,2022-06-29,Brunfläcksjuka (septoria) % täckning,2.0,Percent coverage,Unspecified,nfts_cohort_2022_67111.html,26,tabResultatLedNieveauAfsnitEX4,3,4,Wheat leaf spot % covered,2.0,Percent coverage,Unspecified
nfts_native_67111_sv.html,26,tabResultatLedNieveauAfsnitEX4,4,4,A2,2022-06-29,Brunfläcksjuka (septoria) % täckning,1.0,Percent coverage,Unspecified,nfts_cohort_2022_67111.html,26,tabResultatLedNieveauAfsnitEX4,4,4,Wheat leaf spot % covered,1.0,Percent coverage,Unspecified
nfts_native_67111_sv.html,26,tabResultatLedNieveauAfsnitEX4,5,4,A3,2022-06-29,Brunfläcksjuka (septoria) % täckning,1.0,Percent coverage,Unspecified,nfts_cohort_2022_67111.html,26,tabResultatLedNieveauAfsnitEX4,5,4,Wheat leaf spot % covered,1.0,Percent coverage,Unspecified
nfts_native_67111_sv.html,26,tabResultatLedNieveauAfsnitEX4,6,4,A4,2022-06-29,Brunfläcksjuka (septoria) % täckning,1.0,Percent coverage,Unspecified,nfts_cohort_2022_67111.html,26,tabResultatLedNieveauAfsnitEX4,6,4,Wheat leaf spot % covered,1.0,Percent coverage,Unspecified
nfts_native_67111_sv.html,26,tabResultatLedNieveauAfsnitEX4,7,4,A5,2022-06-29,Brunfläcksjuka (septoria) % täckning,1.0,Percent coverage,Unspecified,nfts_cohort_2022_67111.html,26,tabResultatLedNieveauAfsnitEX4,7,4,Wheat leaf spot % covered,1.0,Percent coverage,Unspecified
nfts_native_67111_sv.html,26,tabResultatLedNieveauAfsnitEX4,8,4,A6,2022-06-29,Brunfläcksjuka (septoria) % täckning,0.0,Percent coverage,Unspecified,nfts_cohort_2022_67111.html,26,tabResultatLedNieveauAfsnitEX4,8,4,Wheat leaf spot % covered,0.0,Percent coverage,Unspecified
nfts_native_67111_sv.html,26,tabResultatLedNieveauAfsnitEX4,9,4,A7,2022-06-29,Brunfläcksjuka (septoria) % täckning,2.0,Percent coverage,Unspecified,nfts_cohort_2022_67111.html,26,tabResultatLedNieveauAfsnitEX4,9,4,Wheat leaf spot % covered,2.0,Percent coverage,Unspecified
nfts_native_67111_sv.html,26,tabResultatLedNieveauAfsnitEX4,10,4,A8,2022-06-29,Brunfläcksjuka (septoria) % täckning,2.0,Percent coverage,Unspecified,nfts_cohort_2022_67111.html,26,tabResultatLedNieveauAfsnitEX4,10,4,Wheat leaf spot % covered,2.0,Percent coverage,Unspecified
nfts_native_67111_sv.html,26,tabResultatLedNieveauAfsnitEX4,11,4,A9,2022-06-29,Brunfläcksjuka (septoria) % täckning,1.0,Percent coverage,Unspecified,nfts_cohort_2022_67111.html,26,tabResultatLedNieveauAfsnitEX4,11,4,Wheat leaf spot % covered,1.0,Percent coverage,Unspecified
nfts_native_67111_sv.html,26,tabResultatLedNieveauAfsnitEX4,12,4,A10,2022-06-29,Brunfläcksjuka (septoria) % täckning,1.0,Percent coverage,Unspecified,nfts_cohort_2022_67111.html,26,tabResultatLedNieveauAfsnitEX4,12,4,Wheat leaf spot % covered,1.0,Percent coverage,Unspecified
nfts_native_67111_sv.html,26,tabResultatLedNieveauAfsnitEX4,13,4,A11,2022-06-29,Brunfläcksjuka (septoria) % täckning,1.0,Percent coverage,Unspecified,nfts_cohort_2022_67111.html,26,tabResultatLedNieveauAfsnitEX4,13,4,Wheat leaf spot % covered,1.0,Percent coverage,Unspecified
nfts_native_67111_sv.html,26,tabResultatLedNieveauAfsnitEX4,14,4,A12,2022-06-29,Brunfläcksjuka (septoria) % täckning,1.0,Percent coverage,Unspecified,nfts_cohort_2022_67111.html,26,tabResultatLedNieveauAfsnitEX4,14,4,Wheat leaf spot % covered,1.0,Percent coverage,Unspecified
nfts_native_67111_sv.html,26,tabResultatLedNieveauAfsnitEX4,15,4,A13,2022-06-29,Brunfläcksjuka (septoria) % täckning,2.0,Percent coverage,Unspecified,nfts_cohort_2022_67111.html,26,tabResultatLedNieveauAfsnitEX4,15,4,Wheat leaf spot % covered,2.0,Percent coverage,Unspecified
nfts_native_67111_sv.html,26,tabResultatLedNieveauAfsnitEX4,16,4,A14,2022-06-29,Brunfläcksjuka (septoria) % täckning,2.0,Percent coverage,Unspecified,nfts_cohort_2022_67111.html,26,tabResultatLedNieveauAfsnitEX4,16,4,Wheat leaf spot % covered,2.0,Percent coverage,Unspecified
nfts_native_67111_sv.html,26,tabResultatLedNieveauAfsnitEX4,17,4,A15,2022-06-29,Brunfläcksjuka (septoria) % täckning,1.0,Percent coverage,Unspecified,nfts_cohort_2022_67111.html,26,tabResultatLedNieveauAfsnitEX4,17,4,Wheat leaf spot % covered,1.0,Percent coverage,Unspecified
nfts_native_67111_sv.html,26,tabResultatLedNieveauAfsnitEX4,18,4,A16,2022-06-29,Brunfläcksjuka (septoria) % täckning,0.0,Percent coverage,Unspecified,nfts_cohort_2022_67111.html,26,tabResultatLedNieveauAfsnitEX4,18,4,Wheat leaf spot % covered,0.0,Percent coverage,Unspecified
nfts_native_67111_sv.html,26,tabResultatLedNieveauAfsnitEX4,19,4,A17,2022-06-29,Brunfläcksjuka (septoria) % täckning,1.0,Percent coverage,Unspecified,nfts_cohort_2022_67111.html,26,tabResultatLedNieveauAfsnitEX4,19,4,Wheat leaf spot % covered,1.0,Percent coverage,Unspecified
nfts_native_67111_sv.html,26,tabResultatLedNieveauAfsnitEX4,20,4,A18,2022-06-29,Brunfläcksjuka (septoria) % täckning,1.0,Percent coverage,Unspecified,nfts_cohort_2022_67111.html,26,tabResultatLedNieveauAfsnitEX4,20,4,Wheat leaf spot % covered,1.0,Percent coverage,Unspecified
nfts_native_67111_sv.html,26,tabResultatLedNieveauAfsnitEX4,21,4,A19,2022-06-29,Brunfläcksjuka (septoria) % täckning,2.0,Percent coverage,Unspecified,nfts_cohort_2022_67111.html,26,tabResultatLedNieveauAfsnitEX4,21,4,Wheat leaf spot % covered,2.0,Percent coverage,Unspecified
nfts_native_67111_sv.html,26,tabResultatLedNieveauAfsnitEX4,22,4,A20,2022-06-29,Brunfläcksjuka (septoria) % täckning,2.0,Percent coverage,Unspecified,nfts_cohort_2022_67111.html,26,tabResultatLedNieveauAfsnitEX4,22,4,Wheat leaf spot % covered,2.0,Percent coverage,Unspecified
nfts_native_67111_sv.html,26,tabResultatLedNieveauAfsnitEX4,23,4,A21,2022-06-29,Brunfläcksjuka (septoria) % täckning,1.0,Percent coverage,Unspecified,nfts_cohort_2022_67111.html,26,tabResultatLedNieveauAfsnitEX4,23,4,Wheat leaf spot % covered,1.0,Percent coverage,Unspecified
nfts_native_67111_sv.html,26,tabResultatLedNieveauAfsnitEX4,24,4,A22,2022-06-29,Brunfläcksjuka (septoria) % täckning,0.0,Percent coverage,Unspecified,nfts_cohort_2022_67111.html,26,tabResultatLedNieveauAfsnitEX4,24,4,Wheat leaf spot % covered,0.0,Percent coverage,Unspecified
nfts_native_67111_sv.html,26,tabResultatLedNieveauAfsnitEX4,25,4,A23,2022-06-29,Brunfläcksjuka (septoria) % täckning,1.0,Percent coverage,Unspecified,nfts_cohort_2022_67111.html,26,tabResultatLedNieveauAfsnitEX4,25,4,Wheat leaf spot % covered,1.0,Percent coverage,Unspecified
nfts_native_67111_sv.html,26,tabResultatLedNieveauAfsnitEX4,26,4,A24,2022-06-29,Brunfläcksjuka (septoria) % täckning,0.0,Percent coverage,Unspecified,nfts_cohort_2022_67111.html,26,tabResultatLedNieveauAfsnitEX4,26,4,Wheat leaf spot % covered,0.0,Percent coverage,Unspecified
nfts_native_67111_sv.html,26,tabResultatLedNieveauAfsnitEX4,27,4,A25,2022-06-29,Brunfläcksjuka (septoria) % täckning,0.0,Percent coverage,Unspecified,nfts_cohort_2022_67111.html,26,tabResultatLedNieveauAfsnitEX4,27,4,Wheat leaf spot % covered,0.0,Percent coverage,Unspecified
nfts_native_67111_sv.html,26,tabResultatLedNieveauAfsnitEX4,28,4,A26,2022-06-29,Brunfläcksjuka (septoria) % täckning,0.0,Percent coverage,Unspecified,nfts_cohort_2022_67111.html,26,tabResultatLedNieveauAfsnitEX4,28,4,Wheat leaf spot % covered,0.0,Percent coverage,Unspecified
nfts_native_67111_sv.html,26,tabResultatLedNieveauAfsnitEX4,29,4,A27,2022-06-29,Brunfläcksjuka (septoria) % täckning,0.0,Percent coverage,Unspecified,nfts_cohort_2022_67111.html,26,tabResultatLedNieveauAfsnitEX4,29,4,Wheat leaf spot % covered,0.0,Percent coverage,Unspecified
nfts_native_67111_sv.html,26,tabResultatLedNieveauAfsnitEX4,30,4,A28,2022-06-29,Brunfläcksjuka (septoria) % täckning,1.0,Percent coverage,Unspecified,nfts_cohort_2022_67111.html,26,tabResultatLedNieveauAfsnitEX4,30,4,Wheat leaf spot % covered,1.0,Percent coverage,Unspecified
nfts_native_67111_sv.html,26,tabResultatLedNieveauAfsnitEX4,31,4,A29,2022-06-29,Brunfläcksjuka (septoria) % täckning,1.0,Percent coverage,Unspecified,nfts_cohort_2022_67111.html,26,tabResultatLedNieveauAfsnitEX4,31,4,Wheat leaf spot % covered,1.0,Percent coverage,Unspecified
nfts_native_67111_sv.html,26,tabResultatLedNieveauAfsnitEX4,32,4,A30,2022-06-29,Brunfläcksjuka (septoria) % täckning,1.0,Percent coverage,Unspecified,nfts_cohort_2022_67111.html,26,tabResultatLedNieveauAfsnitEX4,32,4,Wheat leaf spot % covered,1.0,Percent coverage,Unspecified
nfts_native_67111_sv.html,26,tabResultatLedNieveauAfsnitEX4,33,4,A31,2022-06-29,Brunfläcksjuka (septoria) % täckning,0.0,Percent coverage,Unspecified,nfts_cohort_2022_67111.html,26,tabResultatLedNieveauAfsnitEX4,33,4,Wheat leaf spot % covered,0.0,Percent coverage,Unspecified
nfts_native_67111_sv.html,26,tabResultatLedNieveauAfsnitEX4,34,4,A32,2022-06-29,Brunfläcksjuka (septoria) % täckning,2.0,Percent coverage,Unspecified,nfts_cohort_2022_67111.html,26,tabResultatLedNieveauAfsnitEX4,34,4,Wheat leaf spot % covered,2.0,Percent coverage,Unspecified
nfts_native_67111_sv.html,26,tabResultatLedNieveauAfsnitEX4,35,4,A33,2022-06-29,Brunfläcksjuka (septoria) % täckning,1.0,Percent coverage,Unspecified,nfts_cohort_2022_67111.html,26,tabResultatLedNieveauAfsnitEX4,35,4,Wheat leaf spot % covered,1.0,Percent coverage,Unspecified
nfts_native_67111_sv.html,26,tabResultatLedNieveauAfsnitEX4,36,4,A34,2022-06-29,Brunfläcksjuka (septoria) % täckning,0.0,Percent coverage,Unspecified,nfts_cohort_2022_67111.html,26,tabResultatLedNieveauAfsnitEX4,36,4,Wheat leaf spot % covered,0.0,Percent coverage,Unspecified
nfts_native_67111_sv.html,26,tabResultatLedNieveauAfsnitEX4,38,4,A36,2022-06-29,Brunfläcksjuka (septoria) % täckning,2.0,Percent coverage,Unspecified,nfts_cohort_2022_67111.html,26,tabResultatLedNieveauAfsnitEX4,38,4,Wheat leaf spot % covered,2.0,Percent coverage,Unspecified
nfts_native_67111_sv.html,26,tabResultatLedNieveauAfsnitEX4,39,4,A37,2022-06-29,Brunfläcksjuka (septoria) % täckning,0.0,Percent coverage,Unspecified,nfts_cohort_2022_67111.html,26,tabResultatLedNieveauAfsnitEX4,39,4,Wheat leaf spot % covered,0.0,Percent coverage,Unspecified
nfts_native_67111_sv.html,26,tabResultatLedNieveauAfsnitEX4,40,4,A38,2022-06-29,Brunfläcksjuka (septoria) % täckning,1.0,Percent coverage,Unspecified,nfts_cohort_2022_67111.html,26,tabResultatLedNieveauAfsnitEX4,40,4,Wheat leaf spot % covered,1.0,Percent coverage,Unspecified
nfts_native_67111_sv.html,26,tabResultatLedNieveauAfsnitEX4,42,4,A40,2022-06-29,Brunfläcksjuka (septoria) % täckning,1.0,Percent coverage,Unspecified,nfts_cohort_2022_67111.html,26,tabResultatLedNieveauAfsnitEX4,42,4,Wheat leaf spot % covered,1.0,Percent coverage,Unspecified
nfts_native_67111_sv.html,26,tabResultatLedNieveauAfsnitEX4,43,4,A41,2022-06-29,Brunfläcksjuka (septoria) % täckning,1.0,Percent coverage,Unspecified,nfts_cohort_2022_67111.html,26,tabResultatLedNieveauAfsnitEX4,43,4,Wheat leaf spot % covered,1.0,Percent coverage,Unspecified
nfts_native_67111_sv.html,26,tabResultatLedNieveauAfsnitEX4,44,4,A42,2022-06-29,Brunfläcksjuka (septoria) % täckning,2.0,Percent coverage,Unspecified,nfts_cohort_2022_67111.html,26,tabResultatLedNieveauAfsnitEX4,44,4,Wheat leaf spot % covered,2.0,Percent coverage,Unspecified
nfts_native_67111_sv.html,26,tabResultatLedNieveauAfsnitEX4,45,4,A43,2022-06-29,Brunfläcksjuka (septoria) % täckning,1.0,Percent coverage,Unspecified,nfts_cohort_2022_67111.html,26,tabResultatLedNieveauAfsnitEX4,45,4,Wheat leaf spot % covered,1.0,Percent coverage,Unspecified
nfts_native_67111_sv.html,26,tabResultatLedNieveauAfsnitEX4,46,4,B1,2022-06-29,Brunfläcksjuka (septoria) % täckning,0.0,Percent coverage,Unspecified,nfts_cohort_2022_67111.html,26,tabResultatLedNieveauAfsnitEX4,46,4,Wheat leaf spot % covered,0.0,Percent coverage,Unspecified
nfts_native_67111_sv.html,26,tabResultatLedNieveauAfsnitEX4,47,4,B2,2022-06-29,Brunfläcksjuka (septoria) % täckning,1.0,Percent coverage,Unspecified,nfts_cohort_2022_67111.html,26,tabResultatLedNieveauAfsnitEX4,47,4,Wheat leaf spot % covered,1.0,Percent coverage,Unspecified
nfts_native_67111_sv.html,26,tabResultatLedNieveauAfsnitEX4,48,4,B3,2022-06-29,Brunfläcksjuka (septoria) % täckning,0.0,Percent coverage,Unspecified,nfts_cohort_2022_67111.html,26,tabResultatLedNieveauAfsnitEX4,48,4,Wheat leaf spot % covered,0.0,Percent coverage,Unspecified
nfts_native_67111_sv.html,26,tabResultatLedNieveauAfsnitEX4,49,4,B4,2022-06-29,Brunfläcksjuka (septoria) % täckning,0.0,Percent coverage,Unspecified,nfts_cohort_2022_67111.html,26,tabResultatLedNieveauAfsnitEX4,49,4,Wheat leaf spot % covered,0.0,Percent coverage,Unspecified
nfts_native_67111_sv.html,26,tabResultatLedNieveauAfsnitEX4,50,4,B5,2022-06-29,Brunfläcksjuka (septoria) % täckning,0.0,Percent coverage,Unspecified,nfts_cohort_2022_67111.html,26,tabResultatLedNieveauAfsnitEX4,50,4,Wheat leaf spot % covered,0.0,Percent coverage,Unspecified
nfts_native_67111_sv.html,26,tabResultatLedNieveauAfsnitEX4,51,4,B6,2022-06-29,Brunfläcksjuka (septoria) % täckning,2.0,Percent coverage,Unspecified,nfts_cohort_2022_67111.html,26,tabResultatLedNieveauAfsnitEX4,51,4,Wheat leaf spot % covered,2.0,Percent coverage,Unspecified
nfts_native_67111_sv.html,26,tabResultatLedNieveauAfsnitEX4,52,4,B7,2022-06-29,Brunfläcksjuka (septoria) % täckning,0.0,Percent coverage,Unspecified,nfts_cohort_2022_67111.html,26,tabResultatLedNieveauAfsnitEX4,52,4,Wheat leaf spot % covered,0.0,Percent coverage,Unspecified
nfts_native_67111_sv.html,26,tabResultatLedNieveauAfsnitEX4,53,4,B8,2022-06-29,Brunfläcksjuka (septoria) % täckning,1.0,Percent coverage,Unspecified,nfts_cohort_2022_67111.html,26,tabResultatLedNieveauAfsnitEX4,53,4,Wheat leaf spot % covered,1.0,Percent coverage,Unspecified
nfts_native_67111_sv.html,26,tabResultatLedNieveauAfsnitEX4,54,4,B9,2022-06-29,Brunfläcksjuka (septoria) % täckning,0.0,Percent coverage,Unspecified,nfts_cohort_2022_67111.html,26,tabResultatLedNieveauAfsnitEX4,54,4,Wheat leaf spot % covered,0.0,Percent coverage,Unspecified
nfts_native_67111_sv.html,26,tabResultatLedNieveauAfsnitEX4,55,4,B10,2022-06-29,Brunfläcksjuka (septoria) % täckning,0.0,Percent coverage,Unspecified,nfts_cohort_2022_67111.html,26,tabResultatLedNieveauAfsnitEX4,55,4,Wheat leaf spot % covered,0.0,Percent coverage,Unspecified
nfts_native_67111_sv.html,26,tabResultatLedNieveauAfsnitEX4,56,4,B11,2022-06-29,Brunfläcksjuka (septoria) % täckning,0.0,Percent coverage,Unspecified,nfts_cohort_2022_67111.html,26,tabResultatLedNieveauAfsnitEX4,56,4,Wheat leaf spot % covered,0.0,Percent coverage,Unspecified
nfts_native_67111_sv.html,26,tabResultatLedNieveauAfsnitEX4,57,4,B12,2022-06-29,Brunfläcksjuka (septoria) % täckning,1.0,Percent coverage,Unspecified,nfts_cohort_2022_67111.html,26,tabResultatLedNieveauAfsnitEX4,57,4,Wheat leaf spot % covered,1.0,Percent coverage,Unspecified
nfts_native_67111_sv.html,26,tabResultatLedNieveauAfsnitEX4,58,4,B13,2022-06-29,Brunfläcksjuka (septoria) % täckning,1.0,Percent coverage,Unspecified,nfts_cohort_2022_67111.html,26,tabResultatLedNieveauAfsnitEX4,58,4,Wheat leaf spot % covered,1.0,Percent coverage,Unspecified
nfts_native_67111_sv.html,26,tabResultatLedNieveauAfsnitEX4,59,4,B14,2022-06-29,Brunfläcksjuka (septoria) % täckning,0.0,Percent coverage,Unspecified,nfts_cohort_2022_67111.html,26,tabResultatLedNieveauAfsnitEX4,59,4,Wheat leaf spot % covered,0.0,Percent coverage,Unspecified
nfts_native_67111_sv.html,26,tabResultatLedNieveauAfsnitEX4,60,4,B15,2022-06-29,Brunfläcksjuka (septoria) % täckning,0.0,Percent coverage,Unspecified,nfts_cohort_2022_67111.html,26,tabResultatLedNieveauAfsnitEX4,60,4,Wheat leaf spot % covered,0.0,Percent coverage,Unspecified
nfts_native_67111_sv.html,26,tabResultatLedNieveauAfsnitEX4,61,4,B16,2022-06-29,Brunfläcksjuka (septoria) % täckning,0.0,Percent coverage,Unspecified,nfts_cohort_2022_67111.html,26,tabResultatLedNieveauAfsnitEX4,61,4,Wheat leaf spot % covered,0.0,Percent coverage,Unspecified
nfts_native_67111_sv.html,26,tabResultatLedNieveauAfsnitEX4,62,4,B17,2022-06-29,Brunfläcksjuka (septoria) % täckning,0.0,Percent coverage,Unspecified,nfts_cohort_2022_67111.html,26,tabResultatLedNieveauAfsnitEX4,62,4,Wheat leaf spot % covered,0.0,Percent coverage,Unspecified
nfts_native_67111_sv.html,26,tabResultatLedNieveauAfsnitEX4,63,4,B18,2022-06-29,Brunfläcksjuka (septoria) % täckning,0.0,Percent coverage,Unspecified,nfts_cohort_2022_67111.html,26,tabResultatLedNieveauAfsnitEX4,63,4,Wheat leaf spot % covered,0.0,Percent coverage,Unspecified
nfts_native_67111_sv.html,26,tabResultatLedNieveauAfsnitEX4,64,4,B19,2022-06-29,Brunfläcksjuka (septoria) % täckning,0.0,Percent coverage,Unspecified,nfts_cohort_2022_67111.html,26,tabResultatLedNieveauAfsnitEX4,64,4,Wheat leaf spot % covered,0.0,Percent coverage,Unspecified
nfts_native_67111_sv.html,26,tabResultatLedNieveauAfsnitEX4,65,4,B20,2022-06-29,Brunfläcksjuka (septoria) % täckning,1.0,Percent coverage,Unspecified,nfts_cohort_2022_67111.html,26,tabResultatLedNieveauAfsnitEX4,65,4,Wheat leaf spot % covered,1.0,Percent coverage,Unspecified
nfts_native_67111_sv.html,26,tabResultatLedNieveauAfsnitEX4,66,4,B21,2022-06-29,Brunfläcksjuka (septoria) % täckning,0.0,Percent coverage,Unspecified,nfts_cohort_2022_67111.html,26,tabResultatLedNieveauAfsnitEX4,66,4,Wheat leaf spot % covered,0.0,Percent coverage,Unspecified
nfts_native_67111_sv.html,26,tabResultatLedNieveauAfsnitEX4,67,4,B22,2022-06-29,Brunfläcksjuka (septoria) % täckning,0.0,Percent coverage,Unspecified,nfts_cohort_2022_67111.html,26,tabResultatLedNieveauAfsnitEX4,67,4,Wheat leaf spot % covered,0.0,Percent coverage,Unspecified
nfts_native_67111_sv.html,26,tabResultatLedNieveauAfsnitEX4,68,4,B23,2022-06-29,Brunfläcksjuka (septoria) % täckning,0.0,Percent coverage,Unspecified,nfts_cohort_2022_67111.html,26,tabResultatLedNieveauAfsnitEX4,68,4,Wheat leaf spot % covered,0.0,Percent coverage,Unspecified
nfts_native_67111_sv.html,26,tabResultatLedNieveauAfsnitEX4,69,4,B24,2022-06-29,Brunfläcksjuka (septoria) % täckning,0.0,Percent coverage,Unspecified,nfts_cohort_2022_67111.html,26,tabResultatLedNieveauAfsnitEX4,69,4,Wheat leaf spot % covered,0.0,Percent coverage,Unspecified
nfts_native_67111_sv.html,26,tabResultatLedNieveauAfsnitEX4,70,4,B25,2022-06-29,Brunfläcksjuka (septoria) % täckning,0.0,Percent coverage,Unspecified,nfts_cohort_2022_67111.html,26,tabResultatLedNieveauAfsnitEX4,70,4,Wheat leaf spot % covered,0.0,Percent coverage,Unspecified
nfts_native_67111_sv.html,26,tabResultatLedNieveauAfsnitEX4,71,4,B26,2022-06-29,Brunfläcksjuka (septoria) % täckning,0.0,Percent coverage,Unspecified,nfts_cohort_2022_67111.html,26,tabResultatLedNieveauAfsnitEX4,71,4,Wheat leaf spot % covered,0.0,Percent coverage,Unspecified
nfts_native_67111_sv.html,26,tabResultatLedNieveauAfsnitEX4,72,4,B27,2022-06-29,Brunfläcksjuka (septoria) % täckning,0.0,Percent coverage,Unspecified,nfts_cohort_2022_67111.html,26,tabResultatLedNieveauAfsnitEX4,72,4,Wheat leaf spot % covered,0.0,Percent coverage,Unspecified
nfts_native_67111_sv.html,26,tabResultatLedNieveauAfsnitEX4,73,4,B28,2022-06-29,Brunfläcksjuka (septoria) % täckning,0.0,Percent coverage,Unspecified,nfts_cohort_2022_67111.html,26,tabResultatLedNieveauAfsnitEX4,73,4,Wheat leaf spot % covered,0.0,Percent coverage,Unspecified
nfts_native_67111_sv.html,26,tabResultatLedNieveauAfsnitEX4,74,4,B29,2022-06-29,Brunfläcksjuka (septoria) % täckning,0.0,Percent coverage,Unspecified,nfts_cohort_2022_67111.html,26,tabResultatLedNieveauAfsnitEX4,74,4,Wheat leaf spot % covered,0.0,Percent coverage,Unspecified
nfts_native_67111_sv.html,26,tabResultatLedNieveauAfsnitEX4,75,4,B30,2022-06-29,Brunfläcksjuka (septoria) % täckning,0.0,Percent coverage,Unspecified,nfts_cohort_2022_67111.html,26,tabResultatLedNieveauAfsnitEX4,75,4,Wheat leaf spot % covered,0.0,Percent coverage,Unspecified
nfts_native_67111_sv.html,26,tabResultatLedNieveauAfsnitEX4,76,4,B31,2022-06-29,Brunfläcksjuka (septoria) % täckning,0.0,Percent coverage,Unspecified,nfts_cohort_2022_67111.html,26,tabResultatLedNieveauAfsnitEX4,76,4,Wheat leaf spot % covered,0.0,Percent coverage,Unspecified
nfts_native_67111_sv.html,26,tabResultatLedNieveauAfsnitEX4,77,4,B32,2022-06-29,Brunfläcksjuka (septoria) % täckning,1.0,Percent coverage,Unspecified,nfts_cohort_2022_67111.html,26,tabResultatLedNieveauAfsnitEX4,77,4,Wheat leaf spot % covered,1.0,Percent coverage,Unspecified
nfts_native_67111_sv.html,26,tabResultatLedNieveauAfsnitEX4,78,4,B33,2022-06-29,Brunfläcksjuka (septoria) % täckning,0.0,Percent coverage,Unspecified,nfts_cohort_2022_67111.html,26,tabResultatLedNieveauAfsnitEX4,78,4,Wheat leaf spot % covered,0.0,Percent coverage,Unspecified
nfts_native_67111_sv.html,26,tabResultatLedNieveauAfsnitEX4,79,4,B34,2022-06-29,Brunfläcksjuka (septoria) % täckning,0.0,Percent coverage,Unspecified,nfts_cohort_2022_67111.html,26,tabResultatLedNieveauAfsnitEX4,79,4,Wheat leaf spot % covered,0.0,Percent coverage,Unspecified
nfts_native_67111_sv.html,26,tabResultatLedNieveauAfsnitEX4,81,4,B36,2022-06-29,Brunfläcksjuka (septoria) % täckning,2.0,Percent coverage,Unspecified,nfts_cohort_2022_67111.html,26,tabResultatLedNieveauAfsnitEX4,81,4,Wheat leaf spot % covered,2.0,Percent coverage,Unspecified
nfts_native_67111_sv.html,26,tabResultatLedNieveauAfsnitEX4,82,4,B37,2022-06-29,Brunfläcksjuka (septoria) % täckning,0.0,Percent coverage,Unspecified,nfts_cohort_2022_67111.html,26,tabResultatLedNieveauAfsnitEX4,82,4,Wheat leaf spot % covered,0.0,Percent coverage,Unspecified
nfts_native_67111_sv.html,26,tabResultatLedNieveauAfsnitEX4,83,4,B38,2022-06-29,Brunfläcksjuka (septoria) % täckning,0.0,Percent coverage,Unspecified,nfts_cohort_2022_67111.html,26,tabResultatLedNieveauAfsnitEX4,83,4,Wheat leaf spot % covered,0.0,Percent coverage,Unspecified
nfts_native_67111_sv.html,26,tabResultatLedNieveauAfsnitEX4,85,4,B40,2022-06-29,Brunfläcksjuka (septoria) % täckning,0.0,Percent coverage,Unspecified,nfts_cohort_2022_67111.html,26,tabResultatLedNieveauAfsnitEX4,85,4,Wheat leaf spot % covered,0.0,Percent coverage,Unspecified
nfts_native_67111_sv.html,26,tabResultatLedNieveauAfsnitEX4,86,4,B41,2022-06-29,Brunfläcksjuka (septoria) % täckning,0.0,Percent coverage,Unspecified,nfts_cohort_2022_67111.html,26,tabResultatLedNieveauAfsnitEX4,86,4,Wheat leaf spot % covered,0.0,Percent coverage,Unspecified
nfts_native_67111_sv.html,26,tabResultatLedNieveauAfsnitEX4,87,4,B42,2022-06-29,Brunfläcksjuka (septoria) % täckning,0.0,Percent coverage,Unspecified,nfts_cohort_2022_67111.html,26,tabResultatLedNieveauAfsnitEX4,87,4,Wheat leaf spot % covered,0.0,Percent coverage,Unspecified
nfts_native_67111_sv.html,26,tabResultatLedNieveauAfsnitEX4,88,4,B43,2022-06-29,Brunfläcksjuka (septoria) % täckning,0.0,Percent coverage,Unspecified,nfts_cohort_2022_67111.html,26,tabResultatLedNieveauAfsnitEX4,88,4,Wheat leaf spot % covered,0.0,Percent coverage,Unspecified
nfts_native_67111_sv.html,26,tabResultatLedNieveauAfsnitEX4,3,8,A1,2022-07-29,Brunfläcksjuka (septoria) % täckning,15.0,Percent coverage,Unspecified,nfts_cohort_2022_67111.html,26,tabResultatLedNieveauAfsnitEX4,3,8,Wheat leaf spot % covered,15.0,Percent coverage,Unspecified
nfts_native_67111_sv.html,26,tabResultatLedNieveauAfsnitEX4,4,8,A2,2022-07-29,Brunfläcksjuka (septoria) % täckning,8.0,Percent coverage,Unspecified,nfts_cohort_2022_67111.html,26,tabResultatLedNieveauAfsnitEX4,4,8,Wheat leaf spot % covered,8.0,Percent coverage,Unspecified
nfts_native_67111_sv.html,26,tabResultatLedNieveauAfsnitEX4,5,8,A3,2022-07-29,Brunfläcksjuka (septoria) % täckning,5.0,Percent coverage,Unspecified,nfts_cohort_2022_67111.html,26,tabResultatLedNieveauAfsnitEX4,5,8,Wheat leaf spot % covered,5.0,Percent coverage,Unspecified
nfts_native_67111_sv.html,26,tabResultatLedNieveauAfsnitEX4,6,8,A4,2022-07-29,Brunfläcksjuka (septoria) % täckning,6.0,Percent coverage,Unspecified,nfts_cohort_2022_67111.html,26,tabResultatLedNieveauAfsnitEX4,6,8,Wheat leaf spot % covered,6.0,Percent coverage,Unspecified
nfts_native_67111_sv.html,26,tabResultatLedNieveauAfsnitEX4,7,8,A5,2022-07-29,Brunfläcksjuka (septoria) % täckning,10.0,Percent coverage,Unspecified,nfts_cohort_2022_67111.html,26,tabResultatLedNieveauAfsnitEX4,7,8,Wheat leaf spot % covered,10.0,Percent coverage,Unspecified
nfts_native_67111_sv.html,26,tabResultatLedNieveauAfsnitEX4,8,8,A6,2022-07-29,Brunfläcksjuka (septoria) % täckning,8.0,Percent coverage,Unspecified,nfts_cohort_2022_67111.html,26,tabResultatLedNieveauAfsnitEX4,8,8,Wheat leaf spot % covered,8.0,Percent coverage,Unspecified
nfts_native_67111_sv.html,26,tabResultatLedNieveauAfsnitEX4,9,8,A7,2022-07-29,Brunfläcksjuka (septoria) % täckning,20.0,Percent coverage,Unspecified,nfts_cohort_2022_67111.html,26,tabResultatLedNieveauAfsnitEX4,9,8,Wheat leaf spot % covered,20.0,Percent coverage,Unspecified
nfts_native_67111_sv.html,26,tabResultatLedNieveauAfsnitEX4,10,8,A8,2022-07-29,Brunfläcksjuka (septoria) % täckning,20.0,Percent coverage,Unspecified,nfts_cohort_2022_67111.html,26,tabResultatLedNieveauAfsnitEX4,10,8,Wheat leaf spot % covered,20.0,Percent coverage,Unspecified
nfts_native_67111_sv.html,26,tabResultatLedNieveauAfsnitEX4,11,8,A9,2022-07-29,Brunfläcksjuka (septoria) % täckning,8.0,Percent coverage,Unspecified,nfts_cohort_2022_67111.html,26,tabResultatLedNieveauAfsnitEX4,11,8,Wheat leaf spot % covered,8.0,Percent coverage,Unspecified
nfts_native_67111_sv.html,26,tabResultatLedNieveauAfsnitEX4,12,8,A10,2022-07-29,Brunfläcksjuka (septoria) % täckning,6.0,Percent coverage,Unspecified,nfts_cohort_2022_67111.html,26,tabResultatLedNieveauAfsnitEX4,12,8,Wheat leaf spot % covered,6.0,Percent coverage,Unspecified
nfts_native_67111_sv.html,26,tabResultatLedNieveauAfsnitEX4,13,8,A11,2022-07-29,Brunfläcksjuka (septoria) % täckning,20.0,Percent coverage,Unspecified,nfts_cohort_2022_67111.html,26,tabResultatLedNieveauAfsnitEX4,13,8,Wheat leaf spot % covered,20.0,Percent coverage,Unspecified
nfts_native_67111_sv.html,26,tabResultatLedNieveauAfsnitEX4,14,8,A12,2022-07-29,Brunfläcksjuka (septoria) % täckning,10.0,Percent coverage,Unspecified,nfts_cohort_2022_67111.html,26,tabResultatLedNieveauAfsnitEX4,14,8,Wheat leaf spot % covered,10.0,Percent coverage,Unspecified
nfts_native_67111_sv.html,26,tabResultatLedNieveauAfsnitEX4,15,8,A13,2022-07-29,Brunfläcksjuka (septoria) % täckning,6.0,Percent coverage,Unspecified,nfts_cohort_2022_67111.html,26,tabResultatLedNieveauAfsnitEX4,15,8,Wheat leaf spot % covered,6.0,Percent coverage,Unspecified
nfts_native_67111_sv.html,26,tabResultatLedNieveauAfsnitEX4,16,8,A14,2022-07-29,Brunfläcksjuka (septoria) % täckning,5.0,Percent coverage,Unspecified,nfts_cohort_2022_67111.html,26,tabResultatLedNieveauAfsnitEX4,16,8,Wheat leaf spot % covered,5.0,Percent coverage,Unspecified
nfts_native_67111_sv.html,26,tabResultatLedNieveauAfsnitEX4,17,8,A15,2022-07-29,Brunfläcksjuka (septoria) % täckning,8.0,Percent coverage,Unspecified,nfts_cohort_2022_67111.html,26,tabResultatLedNieveauAfsnitEX4,17,8,Wheat leaf spot % covered,8.0,Percent coverage,Unspecified
nfts_native_67111_sv.html,26,tabResultatLedNieveauAfsnitEX4,18,8,A16,2022-07-29,Brunfläcksjuka (septoria) % täckning,5.0,Percent coverage,Unspecified,nfts_cohort_2022_67111.html,26,tabResultatLedNieveauAfsnitEX4,18,8,Wheat leaf spot % covered,5.0,Percent coverage,Unspecified
nfts_native_67111_sv.html,26,tabResultatLedNieveauAfsnitEX4,19,8,A17,2022-07-29,Brunfläcksjuka (septoria) % täckning,28.0,Percent coverage,Unspecified,nfts_cohort_2022_67111.html,26,tabResultatLedNieveauAfsnitEX4,19,8,Wheat leaf spot % covered,28.0,Percent coverage,Unspecified
nfts_native_67111_sv.html,26,tabResultatLedNieveauAfsnitEX4,20,8,A18,2022-07-29,Brunfläcksjuka (septoria) % täckning,5.0,Percent coverage,Unspecified,nfts_cohort_2022_67111.html,26,tabResultatLedNieveauAfsnitEX4,20,8,Wheat leaf spot % covered,5.0,Percent coverage,Unspecified
nfts_native_67111_sv.html,26,tabResultatLedNieveauAfsnitEX4,21,8,A19,2022-07-29,Brunfläcksjuka (septoria) % täckning,5.0,Percent coverage,Unspecified,nfts_cohort_2022_67111.html,26,tabResultatLedNieveauAfsnitEX4,21,8,Wheat leaf spot % covered,5.0,Percent coverage,Unspecified
nfts_native_67111_sv.html,26,tabResultatLedNieveauAfsnitEX4,22,8,A20,2022-07-29,Brunfläcksjuka (septoria) % täckning,5.0,Percent coverage,Unspecified,nfts_cohort_2022_67111.html,26,tabResultatLedNieveauAfsnitEX4,22,8,Wheat leaf spot % covered,5.0,Percent coverage,Unspecified
nfts_native_67111_sv.html,26,tabResultatLedNieveauAfsnitEX4,23,8,A21,2022-07-29,Brunfläcksjuka (septoria) % täckning,22.0,Percent coverage,Unspecified,nfts_cohort_2022_67111.html,26,tabResultatLedNieveauAfsnitEX4,23,8,Wheat leaf spot % covered,22.0,Percent coverage,Unspecified
nfts_native_67111_sv.html,26,tabResultatLedNieveauAfsnitEX4,24,8,A22,2022-07-29,Brunfläcksjuka (septoria) % täckning,20.0,Percent coverage,Unspecified,nfts_cohort_2022_67111.html,26,tabResultatLedNieveauAfsnitEX4,24,8,Wheat leaf spot % covered,20.0,Percent coverage,Unspecified
nfts_native_67111_sv.html,26,tabResultatLedNieveauAfsnitEX4,25,8,A23,2022-07-29,Brunfläcksjuka (septoria) % täckning,20.0,Percent coverage,Unspecified,nfts_cohort_2022_67111.html,26,tabResultatLedNieveauAfsnitEX4,25,8,Wheat leaf spot % covered,20.0,Percent coverage,Unspecified
nfts_native_67111_sv.html,26,tabResultatLedNieveauAfsnitEX4,26,8,A24,2022-07-29,Brunfläcksjuka (septoria) % täckning,5.0,Percent coverage,Unspecified,nfts_cohort_2022_67111.html,26,tabResultatLedNieveauAfsnitEX4,26,8,Wheat leaf spot % covered,5.0,Percent coverage,Unspecified
nfts_native_67111_sv.html,26,tabResultatLedNieveauAfsnitEX4,27,8,A25,2022-07-29,Brunfläcksjuka (septoria) % täckning,15.0,Percent coverage,Unspecified,nfts_cohort_2022_67111.html,26,tabResultatLedNieveauAfsnitEX4,27,8,Wheat leaf spot % covered,15.0,Percent coverage,Unspecified
nfts_native_67111_sv.html,26,tabResultatLedNieveauAfsnitEX4,28,8,A26,2022-07-29,Brunfläcksjuka (septoria) % täckning,28.0,Percent coverage,Unspecified,nfts_cohort_2022_67111.html,26,tabResultatLedNieveauAfsnitEX4,28,8,Wheat leaf spot % covered,28.0,Percent coverage,Unspecified
nfts_native_67111_sv.html,26,tabResultatLedNieveauAfsnitEX4,29,8,A27,2022-07-29,Brunfläcksjuka (septoria) % täckning,30.0,Percent coverage,Unspecified,nfts_cohort_2022_67111.html,26,tabResultatLedNieveauAfsnitEX4,29,8,Wheat leaf spot % covered,30.0,Percent coverage,Unspecified
nfts_native_67111_sv.html,26,tabResultatLedNieveauAfsnitEX4,30,8,A28,2022-07-29,Brunfläcksjuka (septoria) % täckning,10.0,Percent coverage,Unspecified,nfts_cohort_2022_67111.html,26,tabResultatLedNieveauAfsnitEX4,30,8,Wheat leaf spot % covered,10.0,Percent coverage,Unspecified
nfts_native_67111_sv.html,26,tabResultatLedNieveauAfsnitEX4,31,8,A29,2022-07-29,Brunfläcksjuka (septoria) % täckning,2.0,Percent coverage,Unspecified,nfts_cohort_2022_67111.html,26,tabResultatLedNieveauAfsnitEX4,31,8,Wheat leaf spot % covered,2.0,Percent coverage,Unspecified
nfts_native_67111_sv.html,26,tabResultatLedNieveauAfsnitEX4,32,8,A30,2022-07-29,Brunfläcksjuka (septoria) % täckning,15.0,Percent coverage,Unspecified,nfts_cohort_2022_67111.html,26,tabResultatLedNieveauAfsnitEX4,32,8,Wheat leaf spot % covered,15.0,Percent coverage,Unspecified
nfts_native_67111_sv.html,26,tabResultatLedNieveauAfsnitEX4,33,8,A31,2022-07-29,Brunfläcksjuka (septoria) % täckning,20.0,Percent coverage,Unspecified,nfts_cohort_2022_67111.html,26,tabResultatLedNieveauAfsnitEX4,33,8,Wheat leaf spot % covered,20.0,Percent coverage,Unspecified
nfts_native_67111_sv.html,26,tabResultatLedNieveauAfsnitEX4,34,8,A32,2022-07-29,Brunfläcksjuka (septoria) % täckning,25.0,Percent coverage,Unspecified,nfts_cohort_2022_67111.html,26,tabResultatLedNieveauAfsnitEX4,34,8,Wheat leaf spot % covered,25.0,Percent coverage,Unspecified
nfts_native_67111_sv.html,26,tabResultatLedNieveauAfsnitEX4,35,8,A33,2022-07-29,Brunfläcksjuka (septoria) % täckning,8.0,Percent coverage,Unspecified,nfts_cohort_2022_67111.html,26,tabResultatLedNieveauAfsnitEX4,35,8,Wheat leaf spot % covered,8.0,Percent coverage,Unspecified
nfts_native_67111_sv.html,26,tabResultatLedNieveauAfsnitEX4,36,8,A34,2022-07-29,Brunfläcksjuka (septoria) % täckning,20.0,Percent coverage,Unspecified,nfts_cohort_2022_67111.html,26,tabResultatLedNieveauAfsnitEX4,36,8,Wheat leaf spot % covered,20.0,Percent coverage,Unspecified
nfts_native_67111_sv.html,26,tabResultatLedNieveauAfsnitEX4,38,8,A36,2022-07-29,Brunfläcksjuka (septoria) % täckning,12.0,Percent coverage,Unspecified,nfts_cohort_2022_67111.html,26,tabResultatLedNieveauAfsnitEX4,38,8,Wheat leaf spot % covered,12.0,Percent coverage,Unspecified
nfts_native_67111_sv.html,26,tabResultatLedNieveauAfsnitEX4,39,8,A37,2022-07-29,Brunfläcksjuka (septoria) % täckning,8.0,Percent coverage,Unspecified,nfts_cohort_2022_67111.html,26,tabResultatLedNieveauAfsnitEX4,39,8,Wheat leaf spot % covered,8.0,Percent coverage,Unspecified
nfts_native_67111_sv.html,26,tabResultatLedNieveauAfsnitEX4,40,8,A38,2022-07-29,Brunfläcksjuka (septoria) % täckning,25.0,Percent coverage,Unspecified,nfts_cohort_2022_67111.html,26,tabResultatLedNieveauAfsnitEX4,40,8,Wheat leaf spot % covered,25.0,Percent coverage,Unspecified
nfts_native_67111_sv.html,26,tabResultatLedNieveauAfsnitEX4,42,8,A40,2022-07-29,Brunfläcksjuka (septoria) % täckning,2.0,Percent coverage,Unspecified,nfts_cohort_2022_67111.html,26,tabResultatLedNieveauAfsnitEX4,42,8,Wheat leaf spot % covered,2.0,Percent coverage,Unspecified
nfts_native_67111_sv.html,26,tabResultatLedNieveauAfsnitEX4,43,8,A41,2022-07-29,Brunfläcksjuka (septoria) % täckning,10.0,Percent coverage,Unspecified,nfts_cohort_2022_67111.html,26,tabResultatLedNieveauAfsnitEX4,43,8,Wheat leaf spot % covered,10.0,Percent coverage,Unspecified
nfts_native_67111_sv.html,26,tabResultatLedNieveauAfsnitEX4,44,8,A42,2022-07-29,Brunfläcksjuka (septoria) % täckning,12.0,Percent coverage,Unspecified,nfts_cohort_2022_67111.html,26,tabResultatLedNieveauAfsnitEX4,44,8,Wheat leaf spot % covered,12.0,Percent coverage,Unspecified
nfts_native_67111_sv.html,26,tabResultatLedNieveauAfsnitEX4,45,8,A43,2022-07-29,Brunfläcksjuka (septoria) % täckning,15.0,Percent coverage,Unspecified,nfts_cohort_2022_67111.html,26,tabResultatLedNieveauAfsnitEX4,45,8,Wheat leaf spot % covered,15.0,Percent coverage,Unspecified
nfts_native_67111_sv.html,26,tabResultatLedNieveauAfsnitEX4,46,8,B1,2022-07-29,Brunfläcksjuka (septoria) % täckning,8.0,Percent coverage,Unspecified,nfts_cohort_2022_67111.html,26,tabResultatLedNieveauAfsnitEX4,46,8,Wheat leaf spot % covered,8.0,Percent coverage,Unspecified
nfts_native_67111_sv.html,26,tabResultatLedNieveauAfsnitEX4,47,8,B2,2022-07-29,Brunfläcksjuka (septoria) % täckning,30.0,Percent coverage,Unspecified,nfts_cohort_2022_67111.html,26,tabResultatLedNieveauAfsnitEX4,47,8,Wheat leaf spot % covered,30.0,Percent coverage,Unspecified
nfts_native_67111_sv.html,26,tabResultatLedNieveauAfsnitEX4,48,8,B3,2022-07-29,Brunfläcksjuka (septoria) % täckning,15.0,Percent coverage,Unspecified,nfts_cohort_2022_67111.html,26,tabResultatLedNieveauAfsnitEX4,48,8,Wheat leaf spot % covered,15.0,Percent coverage,Unspecified
nfts_native_67111_sv.html,26,tabResultatLedNieveauAfsnitEX4,49,8,B4,2022-07-29,Brunfläcksjuka (septoria) % täckning,15.0,Percent coverage,Unspecified,nfts_cohort_2022_67111.html,26,tabResultatLedNieveauAfsnitEX4,49,8,Wheat leaf spot % covered,15.0,Percent coverage,Unspecified
nfts_native_67111_sv.html,26,tabResultatLedNieveauAfsnitEX4,50,8,B5,2022-07-29,Brunfläcksjuka (septoria) % täckning,15.0,Percent coverage,Unspecified,nfts_cohort_2022_67111.html,26,tabResultatLedNieveauAfsnitEX4,50,8,Wheat leaf spot % covered,15.0,Percent coverage,Unspecified
nfts_native_67111_sv.html,26,tabResultatLedNieveauAfsnitEX4,51,8,B6,2022-07-29,Brunfläcksjuka (septoria) % täckning,10.0,Percent coverage,Unspecified,nfts_cohort_2022_67111.html,26,tabResultatLedNieveauAfsnitEX4,51,8,Wheat leaf spot % covered,10.0,Percent coverage,Unspecified
nfts_native_67111_sv.html,26,tabResultatLedNieveauAfsnitEX4,52,8,B7,2022-07-29,Brunfläcksjuka (septoria) % täckning,8.0,Percent coverage,Unspecified,nfts_cohort_2022_67111.html,26,tabResultatLedNieveauAfsnitEX4,52,8,Wheat leaf spot % covered,8.0,Percent coverage,Unspecified
nfts_native_67111_sv.html,26,tabResultatLedNieveauAfsnitEX4,53,8,B8,2022-07-29,Brunfläcksjuka (septoria) % täckning,10.0,Percent coverage,Unspecified,nfts_cohort_2022_67111.html,26,tabResultatLedNieveauAfsnitEX4,53,8,Wheat leaf spot % covered,10.0,Percent coverage,Unspecified
nfts_native_67111_sv.html,26,tabResultatLedNieveauAfsnitEX4,54,8,B9,2022-07-29,Brunfläcksjuka (septoria) % täckning,2.0,Percent coverage,Unspecified,nfts_cohort_2022_67111.html,26,tabResultatLedNieveauAfsnitEX4,54,8,Wheat leaf spot % covered,2.0,Percent coverage,Unspecified
nfts_native_67111_sv.html,26,tabResultatLedNieveauAfsnitEX4,55,8,B10,2022-07-29,Brunfläcksjuka (septoria) % täckning,8.0,Percent coverage,Unspecified,nfts_cohort_2022_67111.html,26,tabResultatLedNieveauAfsnitEX4,55,8,Wheat leaf spot % covered,8.0,Percent coverage,Unspecified
nfts_native_67111_sv.html,26,tabResultatLedNieveauAfsnitEX4,56,8,B11,2022-07-29,Brunfläcksjuka (septoria) % täckning,10.0,Percent coverage,Unspecified,nfts_cohort_2022_67111.html,26,tabResultatLedNieveauAfsnitEX4,56,8,Wheat leaf spot % covered,10.0,Percent coverage,Unspecified
nfts_native_67111_sv.html,26,tabResultatLedNieveauAfsnitEX4,57,8,B12,2022-07-29,Brunfläcksjuka (septoria) % täckning,6.0,Percent coverage,Unspecified,nfts_cohort_2022_67111.html,26,tabResultatLedNieveauAfsnitEX4,57,8,Wheat leaf spot % covered,6.0,Percent coverage,Unspecified
nfts_native_67111_sv.html,26,tabResultatLedNieveauAfsnitEX4,58,8,B13,2022-07-29,Brunfläcksjuka (septoria) % täckning,5.0,Percent coverage,Unspecified,nfts_cohort_2022_67111.html,26,tabResultatLedNieveauAfsnitEX4,58,8,Wheat leaf spot % covered,5.0,Percent coverage,Unspecified
nfts_native_67111_sv.html,26,tabResultatLedNieveauAfsnitEX4,59,8,B14,2022-07-29,Brunfläcksjuka (septoria) % täckning,20.0,Percent coverage,Unspecified,nfts_cohort_2022_67111.html,26,tabResultatLedNieveauAfsnitEX4,59,8,Wheat leaf spot % covered,20.0,Percent coverage,Unspecified
nfts_native_67111_sv.html,26,tabResultatLedNieveauAfsnitEX4,60,8,B15,2022-07-29,Brunfläcksjuka (septoria) % täckning,10.0,Percent coverage,Unspecified,nfts_cohort_2022_67111.html,26,tabResultatLedNieveauAfsnitEX4,60,8,Wheat leaf spot % covered,10.0,Percent coverage,Unspecified
nfts_native_67111_sv.html,26,tabResultatLedNieveauAfsnitEX4,61,8,B16,2022-07-29,Brunfläcksjuka (septoria) % täckning,8.0,Percent coverage,Unspecified,nfts_cohort_2022_67111.html,26,tabResultatLedNieveauAfsnitEX4,61,8,Wheat leaf spot % covered,8.0,Percent coverage,Unspecified
nfts_native_67111_sv.html,26,tabResultatLedNieveauAfsnitEX4,62,8,B17,2022-07-29,Brunfläcksjuka (septoria) % täckning,15.0,Percent coverage,Unspecified,nfts_cohort_2022_67111.html,26,tabResultatLedNieveauAfsnitEX4,62,8,Wheat leaf spot % covered,15.0,Percent coverage,Unspecified
nfts_native_67111_sv.html,26,tabResultatLedNieveauAfsnitEX4,63,8,B18,2022-07-29,Brunfläcksjuka (septoria) % täckning,18.0,Percent coverage,Unspecified,nfts_cohort_2022_67111.html,26,tabResultatLedNieveauAfsnitEX4,63,8,Wheat leaf spot % covered,18.0,Percent coverage,Unspecified
nfts_native_67111_sv.html,26,tabResultatLedNieveauAfsnitEX4,64,8,B19,2022-07-29,Brunfläcksjuka (septoria) % täckning,6.0,Percent coverage,Unspecified,nfts_cohort_2022_67111.html,26,tabResultatLedNieveauAfsnitEX4,64,8,Wheat leaf spot % covered,6.0,Percent coverage,Unspecified
nfts_native_67111_sv.html,26,tabResultatLedNieveauAfsnitEX4,65,8,B20,2022-07-29,Brunfläcksjuka (septoria) % täckning,10.0,Percent coverage,Unspecified,nfts_cohort_2022_67111.html,26,tabResultatLedNieveauAfsnitEX4,65,8,Wheat leaf spot % covered,10.0,Percent coverage,Unspecified
nfts_native_67111_sv.html,26,tabResultatLedNieveauAfsnitEX4,66,8,B21,2022-07-29,Brunfläcksjuka (septoria) % täckning,10.0,Percent coverage,Unspecified,nfts_cohort_2022_67111.html,26,tabResultatLedNieveauAfsnitEX4,66,8,Wheat leaf spot % covered,10.0,Percent coverage,Unspecified
nfts_native_67111_sv.html,26,tabResultatLedNieveauAfsnitEX4,67,8,B22,2022-07-29,Brunfläcksjuka (septoria) % täckning,10.0,Percent coverage,Unspecified,nfts_cohort_2022_67111.html,26,tabResultatLedNieveauAfsnitEX4,67,8,Wheat leaf spot % covered,10.0,Percent coverage,Unspecified
nfts_native_67111_sv.html,26,tabResultatLedNieveauAfsnitEX4,68,8,B23,2022-07-29,Brunfläcksjuka (septoria) % täckning,25.0,Percent coverage,Unspecified,nfts_cohort_2022_67111.html,26,tabResultatLedNieveauAfsnitEX4,68,8,Wheat leaf spot % covered,25.0,Percent coverage,Unspecified
nfts_native_67111_sv.html,26,tabResultatLedNieveauAfsnitEX4,69,8,B24,2022-07-29,Brunfläcksjuka (septoria) % täckning,10.0,Percent coverage,Unspecified,nfts_cohort_2022_67111.html,26,tabResultatLedNieveauAfsnitEX4,69,8,Wheat leaf spot % covered,10.0,Percent coverage,Unspecified
nfts_native_67111_sv.html,26,tabResultatLedNieveauAfsnitEX4,70,8,B25,2022-07-29,Brunfläcksjuka (septoria) % täckning,15.0,Percent coverage,Unspecified,nfts_cohort_2022_67111.html,26,tabResultatLedNieveauAfsnitEX4,70,8,Wheat leaf spot % covered,15.0,Percent coverage,Unspecified
nfts_native_67111_sv.html,26,tabResultatLedNieveauAfsnitEX4,71,8,B26,2022-07-29,Brunfläcksjuka (septoria) % täckning,15.0,Percent coverage,Unspecified,nfts_cohort_2022_67111.html,26,tabResultatLedNieveauAfsnitEX4,71,8,Wheat leaf spot % covered,15.0,Percent coverage,Unspecified
nfts_native_67111_sv.html,26,tabResultatLedNieveauAfsnitEX4,72,8,B27,2022-07-29,Brunfläcksjuka (septoria) % täckning,35.0,Percent coverage,Unspecified,nfts_cohort_2022_67111.html,26,tabResultatLedNieveauAfsnitEX4,72,8,Wheat leaf spot % covered,35.0,Percent coverage,Unspecified
nfts_native_67111_sv.html,26,tabResultatLedNieveauAfsnitEX4,73,8,B28,2022-07-29,Brunfläcksjuka (septoria) % täckning,18.0,Percent coverage,Unspecified,nfts_cohort_2022_67111.html,26,tabResultatLedNieveauAfsnitEX4,73,8,Wheat leaf spot % covered,18.0,Percent coverage,Unspecified
nfts_native_67111_sv.html,26,tabResultatLedNieveauAfsnitEX4,74,8,B29,2022-07-29,Brunfläcksjuka (septoria) % täckning,6.0,Percent coverage,Unspecified,nfts_cohort_2022_67111.html,26,tabResultatLedNieveauAfsnitEX4,74,8,Wheat leaf spot % covered,6.0,Percent coverage,Unspecified
nfts_native_67111_sv.html,26,tabResultatLedNieveauAfsnitEX4,75,8,B30,2022-07-29,Brunfläcksjuka (septoria) % täckning,8.0,Percent coverage,Unspecified,nfts_cohort_2022_67111.html,26,tabResultatLedNieveauAfsnitEX4,75,8,Wheat leaf spot % covered,8.0,Percent coverage,Unspecified
nfts_native_67111_sv.html,26,tabResultatLedNieveauAfsnitEX4,76,8,B31,2022-07-29,Brunfläcksjuka (septoria) % täckning,15.0,Percent coverage,Unspecified,nfts_cohort_2022_67111.html,26,tabResultatLedNieveauAfsnitEX4,76,8,Wheat leaf spot % covered,15.0,Percent coverage,Unspecified
nfts_native_67111_sv.html,26,tabResultatLedNieveauAfsnitEX4,77,8,B32,2022-07-29,Brunfläcksjuka (septoria) % täckning,15.0,Percent coverage,Unspecified,nfts_cohort_2022_67111.html,26,tabResultatLedNieveauAfsnitEX4,77,8,Wheat leaf spot % covered,15.0,Percent coverage,Unspecified
nfts_native_67111_sv.html,26,tabResultatLedNieveauAfsnitEX4,78,8,B33,2022-07-29,Brunfläcksjuka (septoria) % täckning,22.0,Percent coverage,Unspecified,nfts_cohort_2022_67111.html,26,tabResultatLedNieveauAfsnitEX4,78,8,Wheat leaf spot % covered,22.0,Percent coverage,Unspecified
nfts_native_67111_sv.html,26,tabResultatLedNieveauAfsnitEX4,79,8,B34,2022-07-29,Brunfläcksjuka (septoria) % täckning,12.0,Percent coverage,Unspecified,nfts_cohort_2022_67111.html,26,tabResultatLedNieveauAfsnitEX4,79,8,Wheat leaf spot % covered,12.0,Percent coverage,Unspecified
nfts_native_67111_sv.html,26,tabResultatLedNieveauAfsnitEX4,81,8,B36,2022-07-29,Brunfläcksjuka (septoria) % täckning,8.0,Percent coverage,Unspecified,nfts_cohort_2022_67111.html,26,tabResultatLedNieveauAfsnitEX4,81,8,Wheat leaf spot % covered,8.0,Percent coverage,Unspecified
nfts_native_67111_sv.html,26,tabResultatLedNieveauAfsnitEX4,82,8,B37,2022-07-29,Brunfläcksjuka (septoria) % täckning,6.0,Percent coverage,Unspecified,nfts_cohort_2022_67111.html,26,tabResultatLedNieveauAfsnitEX4,82,8,Wheat leaf spot % covered,6.0,Percent coverage,Unspecified
nfts_native_67111_sv.html,26,tabResultatLedNieveauAfsnitEX4,83,8,B38,2022-07-29,Brunfläcksjuka (septoria) % täckning,15.0,Percent coverage,Unspecified,nfts_cohort_2022_67111.html,26,tabResultatLedNieveauAfsnitEX4,83,8,Wheat leaf spot % covered,15.0,Percent coverage,Unspecified
nfts_native_67111_sv.html,26,tabResultatLedNieveauAfsnitEX4,85,8,B40,2022-07-29,Brunfläcksjuka (septoria) % täckning,15.0,Percent coverage,Unspecified,nfts_cohort_2022_67111.html,26,tabResultatLedNieveauAfsnitEX4,85,8,Wheat leaf spot % covered,15.0,Percent coverage,Unspecified
nfts_native_67111_sv.html,26,tabResultatLedNieveauAfsnitEX4,86,8,B41,2022-07-29,Brunfläcksjuka (septoria) % täckning,8.0,Percent coverage,Unspecified,nfts_cohort_2022_67111.html,26,tabResultatLedNieveauAfsnitEX4,86,8,Wheat leaf spot % covered,8.0,Percent coverage,Unspecified
nfts_native_67111_sv.html,26,tabResultatLedNieveauAfsnitEX4,87,8,B42,2022-07-29,Brunfläcksjuka (septoria) % täckning,20.0,Percent coverage,Unspecified,nfts_cohort_2022_67111.html,26,tabResultatLedNieveauAfsnitEX4,87,8,Wheat leaf spot % covered,20.0,Percent coverage,Unspecified
nfts_native_67111_sv.html,26,tabResultatLedNieveauAfsnitEX4,88,8,B43,2022-07-29,Brunfläcksjuka (septoria) % täckning,10.0,Percent coverage,Unspecified,nfts_cohort_2022_67111.html,26,tabResultatLedNieveauAfsnitEX4,88,8,Wheat leaf spot % covered,10.0,Percent coverage,Unspecified
