scenario,period,weighting,environment_region,method,models,reference,reference_gcm_min,reference_gcm_max,future,future_gcm_min,future_gcm_max,change,change_gcm_min,change_gcm_max,coverage_fraction,coverage_fraction_gcm_min,coverage_fraction_gcm_max
ssp585,2071-2100,harvested_area,Alpine,complete_common_cells,3,9.169626869930058,8.158241666576805,10.212511704988168,11.617682680907864,9.798017723212714,14.36199346829796,2.4480558109778063,1.554909612987716,4.149481763309794,0.9759008052983414,0.9759008052983412,0.9759008052983412
ssp585,2071-2100,harvested_area,Alpine,positional_pairs,3,9.318759342792108,8.300785522341124,10.365403563768878,11.597584016499423,9.766433723838032,14.359754909000136,2.2788246737073172,1.376474474393785,3.9943513452312582,0.9907803926478684,0.9904337501713206,0.991224790999022
ssp585,2071-2100,harvested_area,Alpine,separate_available_periods,3,9.318759342792108,8.300785522341124,10.365403563768878,11.54624629486875,9.72145533320348,14.286494580682172,2.2274869520766405,1.34070002845427,3.9210910169132944,0.9907803926478684,0.9904337501713206,0.991224790999022
ssp585,2071-2100,harvested_area,Atlantic,complete_common_cells,3,12.0407651751438,11.672422949758666,12.677514907621775,16.890121000281436,12.355844799070752,20.9101000191056,4.8493558251376365,0.5834871310197975,8.232585111483823,0.9995756333900032,0.9995756333900032,0.9995756333900032
ssp585,2071-2100,harvested_area,Atlantic,positional_pairs,3,12.040724712648183,11.672447026873044,12.677376546564089,16.889964046449425,12.35560733386788,20.910210130996152,4.84923933380124,0.5832567693604602,8.232833584432065,0.9996743282964504,0.9996729034947146,0.9996762238714684
ssp585,2071-2100,harvested_area,Atlantic,separate_available_periods,3,12.040724712648183,11.672447026873044,12.677376546564089,16.88958848697094,12.3553939910059,20.90983871964416,4.848863774322756,0.583043426498481,8.232462173080073,0.9996743282964504,0.9996729034947146,0.9996762238714684
ssp585,2071-2100,harvested_area,Black Sea,complete_common_cells,3,7.631499773602347,6.91111597648036,8.101180238098301,7.010060256790361,4.886763835405622,8.410705685416223,-0.6214395168119872,-2.024352141074738,0.5285025791878413,1.0,1.0,1.0
ssp585,2071-2100,harvested_area,Black Sea,positional_pairs,3,7.631499773602347,6.91111597648036,8.101180238098301,7.010060256790361,4.886763835405622,8.410705685416223,-0.6214395168119872,-2.024352141074738,0.5285025791878413,1.0,1.0,1.0
ssp585,2071-2100,harvested_area,Black Sea,separate_available_periods,3,7.631499773602347,6.91111597648036,8.101180238098301,7.010060256790361,4.886763835405622,8.410705685416223,-0.6214395168119872,-2.024352141074738,0.5285025791878413,1.0,1.0,1.0
ssp585,2071-2100,harvested_area,Boreal,complete_common_cells,3,5.489256838154788,5.059642000956723,5.8521642904892275,13.546773819031095,10.788774548991547,18.603244789578653,8.05751698087631,5.232810325973132,12.751080499089426,0.9504918661739992,0.9504918661739992,0.9504918661739992
ssp585,2071-2100,harvested_area,Boreal,positional_pairs,3,5.356451235093556,4.927659276112878,5.7119937406238614,13.197588407524066,10.49167396566022,18.229158093743177,7.841137172430512,5.06197327711629,12.517164353119316,0.998453168489126,0.9972894451847888,0.9998126153290016
ssp585,2071-2100,harvested_area,Boreal,separate_available_periods,3,5.356584983093231,4.927659276112878,5.712394984622883,13.183481257955847,10.466560840314854,18.21373010132519,7.826896274862617,5.036860151770925,12.501335116702307,0.998521896866704,0.9972894451847888,0.9998126153290016
ssp585,2071-2100,harvested_area,Continental,complete_common_cells,3,6.4733760174883805,5.669051457839746,7.267116936680786,9.92862638806794,8.476445298015651,12.805710903790938,3.4552503705795594,2.01976330445262,5.5385939671101525,0.9968799781093368,0.9968799781093368,0.9968799781093368
ssp585,2071-2100,harvested_area,Continental,positional_pairs,3,6.459852855741448,5.656580208929874,7.252710113362973,9.913139968505956,8.459419345119104,12.790515927813232,3.453287112764508,2.0192163876540343,5.537805814450261,0.9999653330901038,0.9998959992703113,1.0
ssp585,2071-2100,harvested_area,Continental,separate_available_periods,3,6.459686113906386,5.656580208929874,7.252209887857788,9.913139968505956,8.459419345119104,12.790515927813232,3.4534538545995694,2.0192163876540343,5.538306039955446,0.9999653330901038,0.9998959992703113,1.0
ssp585,2071-2100,harvested_area,Europe,complete_common_cells,3,6.390072617256579,5.694678457333538,6.994742086595784,9.07234560291507,7.728530590419059,11.5957779695161,2.6822729856584893,1.2477332825786434,4.601035882920317,0.9814900220185592,0.9814900220185592,0.9814900220185592
ssp585,2071-2100,harvested_area,Europe,positional_pairs,3,6.29633866216798,5.610189409840267,6.89355337516342,8.951935411173528,7.616939637151336,11.463514686003183,2.655596749005549,1.2316664356510838,4.569961310839763,0.9994745475586436,0.9992156726419296,0.9996287553380976
ssp585,2071-2100,harvested_area,Europe,separate_available_periods,3,6.29524006645455,5.609521571617766,6.890956823825264,8.950950047918719,7.6157261603738595,11.462379654052754,2.6557099814641685,1.230484356453239,4.5714228302274895,0.9996089933091876,0.9994926398244788,0.9997501069977296
ssp585,2071-2100,harvested_area,Mediterranean,complete_common_cells,3,6.726778617787152,6.078530203399077,7.401378930577774,5.323111651173112,4.197793313320883,6.271292132441732,-1.403666966614041,-1.880736890078194,-1.130086798136042,0.9983210715663602,0.9983210715663602,0.9983210715663602
ssp585,2071-2100,harvested_area,Mediterranean,positional_pairs,3,6.71854370050158,6.071068301177731,7.392425262443888,5.317196826299465,4.193483613304403,6.2636037396743784,-1.4013468742021145,-1.877584687873328,-1.1288215227695098,0.9999813452396262,0.9999575099494096,1.0
ssp585,2071-2100,harvested_area,Mediterranean,separate_available_periods,3,6.71843256905109,6.070821181825614,7.392425262443888,5.317196826299465,4.193483613304403,6.2636037396743784,-1.4012357427516244,-1.8773375685212104,-1.1288215227695098,0.9999813452396262,0.9999575099494096,1.0
ssp585,2071-2100,harvested_area,Outside EEA regions,complete_common_cells,3,2.0052649620373866,1.5654177426919538,2.410332015686433,3.8215034705188025,2.4908561529971145,5.391803881592772,1.816238508481416,0.9254384103051608,2.9814718659063386,0.9297880730191792,0.9297880730191792,0.9297880730191792
ssp585,2071-2100,harvested_area,Outside EEA regions,positional_pairs,3,1.884732458806851,1.472319319765742,2.2660559637171,3.6195453349188207,2.3458469216296005,5.156111722336561,1.7348128761119697,0.8735276018638585,2.8900557586194613,0.998889685670722,0.9973050538459712,0.99995865531834
ssp585,2071-2100,harvested_area,Outside EEA regions,separate_available_periods,3,1.8825224751734824,1.4714900255177423,2.260330633866731,3.6195453349188207,2.3458469216296005,5.156111722336561,1.7370228597453383,0.8743568961118582,2.8957810884698305,0.998889685670722,0.9973050538459712,0.99995865531834
ssp585,2071-2100,harvested_area,Pannonian,complete_common_cells,3,7.126649680243646,5.92956045309089,7.806096961536754,10.461948158899787,8.414806110150828,12.976427772366344,3.335298478656141,2.350318968078894,5.17033081082959,1.0,1.0,1.0
ssp585,2071-2100,harvested_area,Pannonian,positional_pairs,3,7.126649680243646,5.92956045309089,7.806096961536754,10.461948158899787,8.414806110150828,12.976427772366344,3.335298478656141,2.350318968078894,5.17033081082959,1.0,1.0,1.0
ssp585,2071-2100,harvested_area,Pannonian,separate_available_periods,3,7.126649680243646,5.92956045309089,7.806096961536754,10.461948158899787,8.414806110150828,12.976427772366344,3.335298478656141,2.350318968078894,5.17033081082959,1.0,1.0,1.0
ssp585,2071-2100,harvested_area,Steppic,complete_common_cells,3,3.5844120918628484,2.9283115649972187,3.9496124023488273,3.931141055886375,2.8541692754076102,5.0798753510267405,0.3467289640235257,-0.0902338611240543,1.20456304278424,0.9511713050692152,0.951171305069215,0.951171305069215
ssp585,2071-2100,harvested_area,Steppic,positional_pairs,3,3.429376092036202,2.801912335974821,3.7757976614599538,3.794407899819781,2.746322234665425,4.938619606697026,0.3650318077835781,-0.0775158033630636,1.2282013280231938,0.9992873894684716,0.9985225447519488,0.9998766136408084
ssp585,2071-2100,harvested_area,Steppic,separate_available_periods,3,3.427534096425704,2.800756949817439,3.7757434074462473,3.794407899819781,2.746322234665425,4.938619606697026,0.3668738033940766,-0.0774615493493575,1.2325176746836015,0.9992873894684716,0.9985225447519488,0.9998766136408084
ssp585,2071-2100,harvested_area,Unassigned,complete_common_cells,3,10.808878661505377,10.4709534850314,11.236913088275353,13.46002335125174,10.885497769217311,16.510838436708408,2.651144689746362,0.1667283580079388,5.273925348433055,0.9935407168338016,0.9935407168338016,0.9935407168338016
ssp585,2071-2100,harvested_area,Unassigned,positional_pairs,3,10.77021516389251,10.43199749914316,11.196877952317251,13.41812884523136,10.850822019159557,16.466336154205386,2.6479136813388493,0.1690519789424414,5.269458201888133,0.9984379463286324,0.9983224623186844,0.9985389376670094
ssp585,2071-2100,harvested_area,Unassigned,separate_available_periods,3,10.77021516389251,10.43199749914316,11.196877952317251,13.41575908139348,10.84784122652247,16.464187925966957,2.6455439175009694,0.1660711863053574,5.267309973649704,0.9984379463286324,0.9983224623186844,0.9985389376670094
