setting,metric,population,gcm_mean_change,gcm_min_change,gcm_max_change,spatial_mcse_gcm_mean_change,gcm_mean_reference,gcm_mean_future,minimum_gcm_paired_coverage,maximum_gcm_paired_coverage,minimum_gcm_draw_year_pairs,maximum_gcm_draw_year_pairs
baseline,F1_infection_relative_anthesis_days,within_setting_paired,-4.805212540745319,-8.904077703265843,-1.1811105916979538,1.4137057762825374,-23.735894606668577,-28.541107147413896,0.9955881023503006,0.9993623281986477,1905,1916
baseline,F1_symptom_relative_anthesis_days,within_setting_paired,-3.662050106075757,-6.237267958240005,-1.8166590448540358,0.426424878194657,-9.446662192956387,-13.108712299032142,0.9909597794096021,0.9969956556995896,1898,1909
baseline,F2_infection_relative_anthesis_days,within_setting_paired,-7.846256015106637,-12.52734869537834,-3.8365579424742284,2.2746532008919735,-33.37823761039207,-41.224493625498724,0.9971250757638532,0.9993623281986477,1909,1916
baseline,F2_symptom_relative_anthesis_days,within_setting_paired,-5.434860856852709,-9.435566314025229,-2.5101258583519104,0.7654935718298221,-16.924809500335893,-22.3596703571886,0.9959278141101262,0.9984852700646494,1906,1913
baseline,F3_infection_relative_anthesis_days,within_setting_paired,-14.511458179661508,-17.169239869261,-10.936384712676702,3.1544213731537405,-46.68263975341652,-61.19409793307802,0.9991067320369281,0.9999470336213132,1912,1918
baseline,F3_symptom_relative_anthesis_days,within_setting_paired,-9.302480357860084,-14.188248327966651,-5.148480972202277,1.5157355821621583,-25.787044249823783,-35.08952460768386,0.9988707985058298,0.9991067320369281,1912,1916
baseline,GS65_85_lost_had3,within_setting_paired,2.6166402191581386,1.2833062227631322,4.392311539268503,0.3270982105974413,6.5032316129070304,9.119871832065169,0.9997192882679896,0.9999999999999976,1913,1920
baseline,GS31_85_lost_had3,within_setting_paired,3.189704911745608,1.504161698730316,5.47793729396125,0.39465220544319574,6.818159513647736,10.007864425393345,0.9997192882679896,0.9999999999999976,1913,1920
baseline,GS65_85_functional_lost_fraction,within_setting_paired,0.07881391071781897,0.042332744611246954,0.12925714217125886,0.009387406198655194,0.18597395155794616,0.26478786227576506,0.9997192882679896,0.9999999999999976,1913,1920
baseline,conditional_yield_loss_GS65_85_b0180_t_ha_per_unit_lai,within_setting_paired,0.04709952394484648,0.02309951200973637,0.07906160770683304,0.005887767790753945,0.11705816903232653,0.164157692977173,0.9997192882679896,0.9999999999999976,1913,1920
baseline,conditional_yield_loss_GS31_85_b0180_t_ha_per_unit_lai,within_setting_paired,0.057414688411420924,0.027074910577145686,0.09860287129130248,0.0071037396979775225,0.12272687124565924,0.1801415596570802,0.9997192882679896,0.9999999999999976,1913,1920
baseline,any_top3_infection_before85,within_setting_paired,-0.0004831923379664976,-0.0008368487828350022,0.0,0.0002478736943515805,1.0,0.9995168076620335,0.9997192882679896,0.9999999999999976,1913,1920
baseline,any_top3_symptom_before85,within_setting_paired,-0.000873011438761488,-0.0011292014941677662,-0.0006127282310644905,0.00043367168303464187,1.0,0.9991269885612385,0.9997192882679896,0.9999999999999976,1913,1920
baseline,F1_infection_relative_anthesis_days,all_settings_common_paired,-5.033885112709259,-9.207282050522862,-1.3399544794712912,1.4704098649535553,-24.207981855119698,-29.241866967828955,0.9418763799748967,0.9752564203497269,1806,1868
baseline,F1_symptom_relative_anthesis_days,all_settings_common_paired,-3.7968258704890245,-6.3228824812033535,-1.8881877619663099,0.45375140523945684,-10.396645151737937,-14.19347102222696,0.8831358841556396,0.9529677347385487,1712,1829
baseline,F2_infection_relative_anthesis_days,all_settings_common_paired,-8.063981904754135,-12.802152961669961,-3.985457416223779,2.339865221898445,-33.73574183250367,-41.79972373725781,0.9643837579356563,0.9838201704443138,1845,1886
baseline,F2_symptom_relative_anthesis_days,all_settings_common_paired,-5.62458545971576,-9.628955225224429,-2.641206111640067,0.8201103309276844,-17.592954156846577,-23.217539616562334,0.9308667762997853,0.9675708930712509,1781,1858
baseline,F3_infection_relative_anthesis_days,all_settings_common_paired,-14.845337090707252,-17.47100066409679,-11.180187990955345,3.202918351290719,-46.94983051614732,-61.79516760685459,0.9787211443080999,0.9903733179430486,1872,1895
baseline,F3_symptom_relative_anthesis_days,all_settings_common_paired,-9.62477414327487,-14.496576357308909,-5.356933230696887,1.5803819265468961,-26.207641304443268,-35.83241544771814,0.9528537238580502,0.982330556079254,1833,1882
baseline,GS65_85_lost_had3,all_settings_common_paired,2.6166402191581386,1.2833062227631322,4.392311539268504,0.3270982105974415,6.503231612907032,9.119871832065169,0.9997192882679895,0.9999999999999973,1913,1920
baseline,GS31_85_lost_had3,all_settings_common_paired,3.1897049117456073,1.5041616987303161,5.477937293961249,0.39465220544319585,6.818159513647736,10.007864425393349,0.9997192882679895,0.9999999999999973,1913,1920
baseline,GS65_85_functional_lost_fraction,all_settings_common_paired,0.07881391071781901,0.04233274461124699,0.12925714217125892,0.009387406198655196,0.18597395155794616,0.2647878622757652,0.9997192882679895,0.9999999999999973,1913,1920
baseline,conditional_yield_loss_GS65_85_b0180_t_ha_per_unit_lai,all_settings_common_paired,0.04709952394484649,0.02309951200973638,0.07906160770683306,0.005887767790753945,0.11705816903232656,0.16415769297717303,0.9997192882679895,0.9999999999999973,1913,1920
baseline,conditional_yield_loss_GS31_85_b0180_t_ha_per_unit_lai,all_settings_common_paired,0.05741468841142094,0.027074910577145683,0.0986028712913025,0.007103739697977523,0.1227268712456593,0.18014155965708026,0.9997192882679895,0.9999999999999973,1913,1920
baseline,any_top3_infection_before85,all_settings_common_paired,-0.0004831923379664976,-0.0008368487828350024,0.0,0.0002478736943515805,1.0,0.9995168076620335,0.9997192882679895,0.9999999999999973,1913,1920
baseline,any_top3_symptom_before85,all_settings_common_paired,-0.0008730114387614883,-0.0011292014941677664,-0.0006127282310644905,0.000433671683034642,1.0,0.9991269885612385,0.9997192882679895,0.9999999999999973,1913,1920
primary_objective_tied_runnerup,F1_infection_relative_anthesis_days,within_setting_paired,-4.336555381280273,-7.999415408898067,-1.1747157316833228,0.979319072508175,-22.514030006402148,-26.85058538768242,0.9918523298092291,0.9961185975655913,1895,1906
primary_objective_tied_runnerup,F1_symptom_relative_anthesis_days,within_setting_paired,-3.4391057530429703,-5.704493280001684,-1.7997939083605015,0.49376696438834383,-8.021555234200667,-11.460660987243637,0.9840244805932576,0.9938724393895796,1881,1901
primary_objective_tied_runnerup,F2_infection_relative_anthesis_days,within_setting_paired,-8.79493634910813,-13.417612697337086,-5.137869856135585,2.0310672592764076,-34.55322809059569,-43.348164439703815,0.9953431086874607,0.9975803611222551,1904,1911
primary_objective_tied_runnerup,F2_symptom_relative_anthesis_days,within_setting_paired,-5.686341750528847,-9.3592522304659,-3.0550319850468943,0.8122535184607782,-17.05817967177426,-22.744521422303105,0.9900703627328367,0.9967033029882568,1896,1908
primary_objective_tied_runnerup,F3_infection_relative_anthesis_days,within_setting_paired,-19.315452543728615,-22.270943062949264,-15.264012093795465,3.683462119334829,-55.51747283626327,-74.83292537999188,0.9979937403718315,0.9993623281986477,1910,1916
primary_objective_tied_runnerup,F3_symptom_relative_anthesis_days,within_setting_paired,-12.964528900232773,-18.540408954313573,-8.414983051167708,1.8515469657129902,-28.269894245608242,-41.23442314584101,0.9967122087294742,0.9978727138335879,1906,1912
primary_objective_tied_runnerup,GS65_85_lost_had3,within_setting_paired,2.5818217012041518,1.2649739515670795,4.387858358349989,0.3221027508087759,5.605316346017955,8.187138047222108,0.9997192882679896,0.9999999999999976,1913,1920
primary_objective_tied_runnerup,GS31_85_lost_had3,within_setting_paired,3.1877597486063167,1.4863626604774758,5.571505728710446,0.3942489871273657,5.895533675496542,9.083293424102857,0.9997192882679896,0.9999999999999976,1913,1920
primary_objective_tied_runnerup,GS65_85_functional_lost_fraction,within_setting_paired,0.0778265658945294,0.04122426739901309,0.1299054594607841,0.009160060931309619,0.15989281833391397,0.2377193842284433,0.9997192882679896,0.9999999999999976,1913,1920
primary_objective_tied_runnerup,conditional_yield_loss_GS65_85_b0180_t_ha_per_unit_lai,within_setting_paired,0.04647279062167472,0.022769531128207423,0.07898145045029979,0.005797849514557965,0.10089569422832319,0.1473684848499979,0.9997192882679896,0.9999999999999976,1913,1920
primary_objective_tied_runnerup,conditional_yield_loss_GS31_85_b0180_t_ha_per_unit_lai,within_setting_paired,0.05737967547491371,0.026754527888594552,0.10028710311678804,0.007096481768292582,0.10611960615893774,0.16349928163385144,0.9997192882679896,0.9999999999999976,1913,1920
primary_objective_tied_runnerup,any_top3_infection_before85,within_setting_paired,-0.0013696290951807188,-0.0020062596281660585,-0.0005847363940348051,0.00041652677359835374,1.0,0.9986303709048193,0.9997192882679896,0.9999999999999976,1913,1920
primary_objective_tied_runnerup,any_top3_symptom_before85,within_setting_paired,-0.0023628163364006905,-0.0025909650508315865,-0.00207442966275239,0.0008978502208632716,0.9999025217329293,0.9975397053965286,0.9997192882679896,0.9999999999999976,1913,1920
primary_objective_tied_runnerup,F1_infection_relative_anthesis_days,all_settings_common_paired,-4.445618199011492,-8.214867423402088,-1.2334343223198982,1.0302557859746855,-23.05914258514284,-27.50476078415434,0.9418763799748967,0.9752564203497269,1806,1868
primary_objective_tied_runnerup,F1_symptom_relative_anthesis_days,all_settings_common_paired,-3.5244351318612033,-5.7283871914024544,-1.871026192130661,0.499847225064975,-9.033563640814846,-12.557998772676045,0.8831358841556396,0.9529677347385487,1712,1829
primary_objective_tied_runnerup,F2_infection_relative_anthesis_days,all_settings_common_paired,-8.998966448260019,-13.657850545418745,-5.312111602833294,2.0903456280938624,-34.97956470690094,-43.97853115516094,0.9643837579356563,0.9838201704443138,1845,1886
primary_objective_tied_runnerup,F2_symptom_relative_anthesis_days,all_settings_common_paired,-5.816773359251825,-9.44927630055415,-3.1642138208773978,0.8471091437076749,-17.77837764879298,-23.595151008044798,0.9308667762997853,0.9675708930712509,1781,1858
primary_objective_tied_runnerup,F3_infection_relative_anthesis_days,all_settings_common_paired,-19.6708637623374,-22.618456702326323,-15.572030980273341,3.741590977639521,-55.94262995766679,-75.6134937200042,0.9787211443080999,0.9903733179430486,1872,1895
primary_objective_tied_runnerup,F3_symptom_relative_anthesis_days,all_settings_common_paired,-13.299804964829896,-18.872141271270547,-8.653868684901099,1.9172177030854987,-28.793400260334355,-42.09320522516425,0.9528537238580502,0.982330556079254,1833,1882
primary_objective_tied_runnerup,GS65_85_lost_had3,all_settings_common_paired,2.5818217012041518,1.2649739515670784,4.387858358349991,0.32210275080877593,5.605316346017958,8.187138047222108,0.9997192882679895,0.9999999999999973,1913,1920
primary_objective_tied_runnerup,GS31_85_lost_had3,all_settings_common_paired,3.1877597486063194,1.4863626604774758,5.57150572871045,0.3942489871273658,5.895533675496545,9.083293424102857,0.9997192882679895,0.9999999999999973,1913,1920
primary_objective_tied_runnerup,GS65_85_functional_lost_fraction,all_settings_common_paired,0.07782656589452942,0.0412242673990131,0.1299054594607841,0.009160060931309619,0.15989281833391403,0.23771938422844344,0.9997192882679895,0.9999999999999973,1913,1920
primary_objective_tied_runnerup,conditional_yield_loss_GS65_85_b0180_t_ha_per_unit_lai,all_settings_common_paired,0.046472790621674746,0.02276953112820742,0.07898145045029986,0.0057978495145579656,0.10089569422832323,0.14736848484999795,0.9997192882679895,0.9999999999999973,1913,1920
primary_objective_tied_runnerup,conditional_yield_loss_GS31_85_b0180_t_ha_per_unit_lai,all_settings_common_paired,0.05737967547491372,0.026754527888594563,0.10028710311678803,0.007096481768292583,0.10611960615893777,0.1634992816338515,0.9997192882679895,0.9999999999999973,1913,1920
primary_objective_tied_runnerup,any_top3_infection_before85,all_settings_common_paired,-0.001369629095180719,-0.002006259628166059,-0.0005847363940348053,0.00041652677359835385,1.0,0.9986303709048193,0.9997192882679895,0.9999999999999973,1913,1920
primary_objective_tied_runnerup,any_top3_symptom_before85,all_settings_common_paired,-0.002362816336400691,-0.0025909650508315874,-0.0020744296627523903,0.0008978502208632718,0.9999025217329293,0.9975397053965285,0.9997192882679895,0.9999999999999973,1913,1920
local_source_off,F1_infection_relative_anthesis_days,within_setting_paired,-5.520248474523817,-9.927481628994471,-1.8762688959738179,1.1700046536879125,-20.48282380190991,-26.003072276433727,0.9893385360074192,0.9967033029882568,1896,1908
local_source_off,F1_symptom_relative_anthesis_days,within_setting_paired,-4.154369100484744,-6.731676997923342,-2.2284131752028355,0.4547793561070316,-5.3661125087396035,-9.520481609224348,0.9785546107902474,0.9908140357858239,1875,1897
local_source_off,F2_infection_relative_anthesis_days,within_setting_paired,-8.763958336147423,-14.073903783662866,-4.0322614300659225,1.8477909701078572,-29.054452032405155,-37.81841036855258,0.9940984879852408,0.9990699754873149,1905,1915
local_source_off,F2_symptom_relative_anthesis_days,within_setting_paired,-6.040319583105812,-9.948581221843263,-3.0319322886143114,0.6734069716979958,-12.020211982151011,-18.060531565256824,0.9875261600812095,0.9964109502769241,1890,1907
local_source_off,F3_infection_relative_anthesis_days,within_setting_paired,-16.335399346160678,-20.384649338466925,-12.190630682283176,3.230131674330686,-40.026280589365115,-56.36167993552579,0.9971250757638532,0.9996546809099804,1909,1917
local_source_off,F3_symptom_relative_anthesis_days,within_setting_paired,-9.396853848484398,-14.510189224891533,-5.202048410361239,1.227188237560762,-19.88762193333597,-29.284475781820362,0.9959556649185222,0.9984852700646494,1905,1913
local_source_off,GS65_85_lost_had3,within_setting_paired,2.3174078866319454,1.0047639676850417,4.13610560768013,0.2899923074204396,3.8040804702700814,6.121488356902026,0.9997192882679896,0.9999999999999976,1913,1920
local_source_off,GS31_85_lost_had3,within_setting_paired,2.6198623685365576,1.1005399235229185,4.751928017950136,0.3273316817740795,3.93144685063918,6.551309219175739,0.9997192882679896,0.9999999999999976,1913,1920
local_source_off,GS65_85_functional_lost_fraction,within_setting_paired,0.0687021457156002,0.032210172428643,0.1209780404954301,0.008133136634188399,0.10843831931634206,0.17714046503194225,0.9997192882679896,0.9999999999999976,1913,1920
local_source_off,conditional_yield_loss_GS65_85_b0180_t_ha_per_unit_lai,within_setting_paired,0.041713341959375004,0.01808575141833075,0.0744499009382423,0.005219861533567912,0.06847344846486146,0.11018679042423647,0.9997192882679896,0.9999999999999976,1913,1920
local_source_off,conditional_yield_loss_GS31_85_b0180_t_ha_per_unit_lai,within_setting_paired,0.047157522633658015,0.019809718623412527,0.08553470432310237,0.0058919702719334305,0.07076604331150525,0.11792356594516325,0.9997192882679896,0.9999999999999976,1913,1920
local_source_off,any_top3_infection_before85,within_setting_paired,-0.0015337386827837963,-0.0025949409345006917,-0.00029236819701740254,0.000501730278423385,1.0,0.9984662613172164,0.9997192882679896,0.9999999999999976,1913,1920
local_source_off,any_top3_symptom_before85,within_setting_paired,-0.0019411023932223704,-0.0031798105369253153,-0.0011816556576547833,0.0005469689875180672,0.9994461550522581,0.9975050526590357,0.9997192882679896,0.9999999999999976,1913,1920
local_source_off,F1_infection_relative_anthesis_days,all_settings_common_paired,-5.685429251180884,-10.188193926060068,-1.9469828237467375,1.2119408197812338,-21.047982575800063,-26.733411826980944,0.9418763799748967,0.9752564203497269,1806,1868
local_source_off,F1_symptom_relative_anthesis_days,all_settings_common_paired,-4.291243228244021,-6.8606020090791455,-2.2719655447755143,0.45927319925031274,-6.308421580416158,-10.599664808660181,0.8831358841556396,0.9529677347385487,1712,1829
local_source_off,F2_infection_relative_anthesis_days,all_settings_common_paired,-8.954545227487484,-14.312292508898139,-4.203837351229307,1.896255420969456,-29.488838980602335,-38.44338420808982,0.9643837579356563,0.9838201704443138,1845,1886
local_source_off,F2_symptom_relative_anthesis_days,all_settings_common_paired,-6.1363297898362505,-10.015124375790926,-3.1465696796806233,0.7103266884006272,-12.733231356094974,-18.869561145931225,0.9308667762997853,0.9675708930712509,1781,1858
local_source_off,F3_infection_relative_anthesis_days,all_settings_common_paired,-16.662757605700616,-20.723623588587937,-12.472926135251114,3.2884037457844575,-40.32142612387565,-56.984183729576294,0.9787211443080999,0.9903733179430486,1872,1895
local_source_off,F3_symptom_relative_anthesis_days,all_settings_common_paired,-9.665724474024575,-14.776838958464968,-5.363070097194335,1.2809021154952425,-20.347157617891337,-30.012882091915895,0.9528537238580502,0.982330556079254,1833,1882
local_source_off,GS65_85_lost_had3,all_settings_common_paired,2.317407886631946,1.0047639676850415,4.136105607680132,0.2899923074204397,3.804080470270082,6.121488356902028,0.9997192882679895,0.9999999999999973,1913,1920
local_source_off,GS31_85_lost_had3,all_settings_common_paired,2.6198623685365576,1.1005399235229185,4.751928017950135,0.3273316817740796,3.931446850639182,6.551309219175738,0.9997192882679895,0.9999999999999973,1913,1920
local_source_off,GS65_85_functional_lost_fraction,all_settings_common_paired,0.06870214571560022,0.03221017242864301,0.12097804049543014,0.0081331366341884,0.10843831931634207,0.17714046503194228,0.9997192882679895,0.9999999999999973,1913,1920
local_source_off,conditional_yield_loss_GS65_85_b0180_t_ha_per_unit_lai,all_settings_common_paired,0.04171334195937502,0.018085751418330742,0.07444990093824236,0.005219861533567914,0.06847344846486147,0.11018679042423647,0.9997192882679895,0.9999999999999973,1913,1920
local_source_off,conditional_yield_loss_GS31_85_b0180_t_ha_per_unit_lai,all_settings_common_paired,0.04715752263365802,0.01980971862341253,0.08553470432310238,0.005891970271933432,0.07076604331150525,0.11792356594516329,0.9997192882679895,0.9999999999999973,1913,1920
local_source_off,any_top3_infection_before85,all_settings_common_paired,-0.0015337386827837963,-0.0025949409345006917,-0.00029236819701740265,0.000501730278423385,1.0,0.9984662613172163,0.9997192882679895,0.9999999999999973,1913,1920
local_source_off,any_top3_symptom_before85,all_settings_common_paired,-0.0019411023932223708,-0.0031798105369253153,-0.0011816556576547835,0.0005469689875180673,0.999446155052258,0.9975050526590357,0.9997192882679895,0.9999999999999973,1913,1920
rank_spacing80,F1_infection_relative_anthesis_days,within_setting_paired,-4.721531483927522,-9.22534480892445,-1.5015164620087016,1.1962422953470853,-19.181480868072576,-23.9030123520001,0.9892192698619803,0.9947494975235778,1895,1904
rank_spacing80,F1_symptom_relative_anthesis_days,within_setting_paired,-3.2827869577813966,-5.615419459052045,-1.5781007360892605,0.4810673072095205,-3.890367074360848,-7.173154032142246,0.9687616580519078,0.9871430759510066,1861,1892
rank_spacing80,F2_infection_relative_anthesis_days,within_setting_paired,-6.529689275972818,-11.492119224337602,-2.7464561407047854,1.585932090689409,-25.230447141885218,-31.76013641785804,0.9922899182780598,0.9975803611222551,1903,1911
rank_spacing80,F2_symptom_relative_anthesis_days,within_setting_paired,-4.343162958508073,-7.531682497183497,-2.061423370384414,0.6521471162541332,-8.843631284633972,-13.186794243142046,0.9818107043149882,0.9947216467151818,1883,1905
rank_spacing80,F3_infection_relative_anthesis_days,within_setting_paired,-9.49134513206012,-14.67702164338944,-5.342224943694146,2.5833609086705343,-32.487719991579695,-41.97906512363982,0.9959278141101262,0.9987497719675862,1906,1915
rank_spacing80,F3_symptom_relative_anthesis_days,within_setting_paired,-5.802930292759178,-9.899640046543048,-2.8490030722146726,0.8682725886024656,-14.504700994272307,-20.307631287031484,0.9911607167838921,0.9972880084109224,1899,1910
rank_spacing80,GS65_85_lost_had3,within_setting_paired,1.643012965459258,0.6309619475460785,3.0014505341328883,0.22518503603776766,3.244307742241691,4.887320707700948,0.9997192882679896,0.9999999999999976,1913,1920
rank_spacing80,GS31_85_lost_had3,within_setting_paired,1.8010086818723083,0.6790662008413453,3.3186692465804155,0.24460848598990578,3.3266754726151397,5.127684154487446,0.9997192882679896,0.9999999999999976,1913,1920
rank_spacing80,GS65_85_functional_lost_fraction,within_setting_paired,0.0491087468674401,0.02096698281593526,0.08826537165675018,0.006368007352073193,0.09217006453325699,0.14127881140069712,0.9997192882679896,0.9999999999999976,1913,1920
rank_spacing80,conditional_yield_loss_GS65_85_b0180_t_ha_per_unit_lai,within_setting_paired,0.029574233378266646,0.011357315055829412,0.05402610961439199,0.004053330648679817,0.058397539360350435,0.08797177273861707,0.9997192882679896,0.9999999999999976,1913,1920
rank_spacing80,conditional_yield_loss_GS31_85_b0180_t_ha_per_unit_lai,within_setting_paired,0.032418156273701544,0.012223191615144213,0.05973604643844746,0.004402952747818305,0.05988015850707251,0.09229831478077405,0.9997192882679896,0.9999999999999976,1913,1920
rank_spacing80,any_top3_infection_before85,within_setting_paired,-0.0026909569328455985,-0.0037925387679898052,-0.0011973250717001822,0.001008782289833789,1.0,0.9973090430671544,0.9997192882679896,0.9999999999999976,1913,1920
rank_spacing80,any_top3_symptom_before85,within_setting_paired,-0.002725904681432471,-0.00330035869925503,-0.002218189288255189,0.0009951952450390248,0.9984399895212345,0.995714084839802,0.9997192882679896,0.9999999999999976,1913,1920
rank_spacing80,F1_infection_relative_anthesis_days,all_settings_common_paired,-4.919661013315606,-9.4079649816579,-1.64479988994766,1.2178902355829113,-19.754129470352975,-24.67379048366858,0.9418763799748967,0.9752564203497269,1806,1868
rank_spacing80,F1_symptom_relative_anthesis_days,all_settings_common_paired,-3.3480293628654585,-5.68534257801389,-1.6121965652817005,0.49105328922741315,-4.800474883556302,-8.148504246421764,0.8831358841556396,0.9529677347385487,1712,1829
rank_spacing80,F2_infection_relative_anthesis_days,all_settings_common_paired,-6.714492841175503,-11.677923411978277,-2.9197764889485565,1.6271355256611277,-25.623037669986775,-32.33753051116229,0.9643837579356563,0.9838201704443138,1845,1886
rank_spacing80,F2_symptom_relative_anthesis_days,all_settings_common_paired,-4.545208731959406,-7.74440688177216,-2.20206707843607,0.6620002490928402,-9.445619404621992,-13.9908281365814,0.9308667762997853,0.9675708930712509,1781,1858
rank_spacing80,F3_infection_relative_anthesis_days,all_settings_common_paired,-9.65632230327484,-14.894652679572017,-5.468316059873785,2.633691128370908,-32.756678143413986,-42.413000446688834,0.9787211443080999,0.9903733179430486,1872,1895
rank_spacing80,F3_symptom_relative_anthesis_days,all_settings_common_paired,-6.017201909262037,-10.053549190607962,-3.0245359600621127,0.9052987204238518,-14.89238404725665,-20.90958595651869,0.9528537238580502,0.982330556079254,1833,1882
rank_spacing80,GS65_85_lost_had3,all_settings_common_paired,1.6430129654592587,0.6309619475460785,3.00145053413289,0.22518503603776768,3.244307742241691,4.88732070770095,0.9997192882679895,0.9999999999999973,1913,1920
rank_spacing80,GS31_85_lost_had3,all_settings_common_paired,1.8010086818723081,0.6790662008413453,3.318669246580415,0.24460848598990587,3.3266754726151397,5.127684154487448,0.9997192882679895,0.9999999999999973,1913,1920
rank_spacing80,GS65_85_functional_lost_fraction,all_settings_common_paired,0.04910874686744011,0.020966982815935266,0.0882653716567502,0.0063680073520731946,0.092170064533257,0.14127881140069712,0.9997192882679895,0.9999999999999973,1913,1920
rank_spacing80,conditional_yield_loss_GS65_85_b0180_t_ha_per_unit_lai,all_settings_common_paired,0.029574233378266656,0.011357315055829416,0.05402610961439201,0.004053330648679817,0.05839753936035044,0.08797177273861705,0.9997192882679895,0.9999999999999973,1913,1920
rank_spacing80,conditional_yield_loss_GS31_85_b0180_t_ha_per_unit_lai,all_settings_common_paired,0.03241815627370156,0.012223191615144215,0.0597360464384475,0.004402952747818305,0.059880158507072505,0.09229831478077406,0.9997192882679895,0.9999999999999973,1913,1920
rank_spacing80,any_top3_infection_before85,all_settings_common_paired,-0.002690956932845599,-0.0037925387679898057,-0.0011973250717001824,0.0010087822898337893,1.0,0.9973090430671544,0.9997192882679895,0.9999999999999973,1913,1920
rank_spacing80,any_top3_symptom_before85,all_settings_common_paired,-0.002725904681432472,-0.0033003586992550304,-0.00221818928825519,0.0009951952450390248,0.9984399895212345,0.995714084839802,0.9997192882679895,0.9999999999999973,1913,1920
rank_spacing160,F1_infection_relative_anthesis_days,within_setting_paired,-4.68443384671317,-8.845959471052755,-1.087195681857267,1.474535866138857,-24.707548277986533,-29.391982124699698,0.9965403703411877,0.9993623281986477,1907,1916
rank_spacing160,F1_symptom_relative_anthesis_days,within_setting_paired,-3.6522567085040776,-6.355685555464553,-1.6983309027246238,0.44152141942618855,-10.767226163870674,-14.41948287237475,0.9929135848742812,0.9972880084109224,1902,1910
rank_spacing160,F2_infection_relative_anthesis_days,within_setting_paired,-9.726729945901546,-13.715060407949519,-6.654714649254798,3.0315109611124216,-37.6641412446879,-47.39087119058944,0.9988707985058298,0.9999470336213132,1912,1918
rank_spacing160,F2_symptom_relative_anthesis_days,within_setting_paired,-6.22191538896634,-10.643506476541614,-3.004775706332729,0.9429434806738205,-20.537400046805043,-26.75931543577138,0.9982860930831643,0.9990699754873149,1911,1915
rank_spacing160,F3_infection_relative_anthesis_days,within_setting_paired,-18.13755477334284,-20.34049738547819,-14.64903981912542,3.9563140818661005,-63.929881978139775,-82.0674367514826,0.9991067320369281,0.9999470336213132,1912,1918
rank_spacing160,F3_symptom_relative_anthesis_days,within_setting_paired,-15.307965307118891,-21.304145640348302,-9.848276350523504,2.4239259032101916,-33.25109730679259,-48.559062613911486,0.9991067320369281,0.9996546809099804,1912,1917
rank_spacing160,GS65_85_lost_had3,within_setting_paired,2.8006460016398074,1.3890608320122153,4.67304047113046,0.35060561147228947,7.432350706070882,10.23299670771069,0.9997192882679896,0.9999999999999976,1913,1920
rank_spacing160,GS31_85_lost_had3,within_setting_paired,3.644417372592771,1.7236434508326737,6.264562715834094,0.453580861210632,7.890317889383994,11.534735261976765,0.9997192882679896,0.9999999999999976,1913,1920
rank_spacing160,GS65_85_functional_lost_fraction,within_setting_paired,0.08438872311368223,0.046004635170303086,0.1372246696708909,0.01011000716143038,0.21290514394694116,0.2972938670606235,0.9997192882679896,0.9999999999999976,1913,1920
rank_spacing160,conditional_yield_loss_GS65_85_b0180_t_ha_per_unit_lai,within_setting_paired,0.05041162802951652,0.025003094976219872,0.08411472848034827,0.006310901006501208,0.13378231270927587,0.18419394073879244,0.9997192882679896,0.9999999999999976,1913,1920
rank_spacing160,conditional_yield_loss_GS31_85_b0180_t_ha_per_unit_lai,within_setting_paired,0.06559951270666987,0.03102558211498814,0.11276212888501369,0.008164455501791375,0.1420257220089119,0.20762523471558178,0.9997192882679896,0.9999999999999976,1913,1920
rank_spacing160,any_top3_infection_before85,within_setting_paired,-0.0004831923379664976,-0.0008368487828350022,0.0,0.0002478736943515805,1.0,0.9995168076620335,0.9997192882679896,0.9999999999999976,1913,1920
rank_spacing160,any_top3_symptom_before85,within_setting_paired,-0.000580648403638965,-0.0008368487828350022,-0.00029236819701740254,0.00028914003889725294,1.0,0.999419351596361,0.9997192882679896,0.9999999999999976,1913,1920
rank_spacing160,F1_infection_relative_anthesis_days,all_settings_common_paired,-4.929727501150499,-9.137431470459466,-1.2851084922015308,1.5351470945282437,-25.142883054136107,-30.07261055528662,0.9418763799748967,0.9752564203497269,1806,1868
rank_spacing160,F1_symptom_relative_anthesis_days,all_settings_common_paired,-3.7622205136776263,-6.438187982262941,-1.730327557764515,0.47306202216256404,-11.67839579780731,-15.44061631148494,0.8831358841556396,0.9529677347385487,1712,1829
rank_spacing160,F2_infection_relative_anthesis_days,all_settings_common_paired,-9.991475827130921,-14.030283894277117,-6.871624706168561,3.109079944952018,-38.0326508440169,-48.02412667114782,0.9643837579356563,0.9838201704443138,1845,1886
rank_spacing160,F2_symptom_relative_anthesis_days,all_settings_common_paired,-6.444699021366951,-10.886088032936323,-3.17844317843967,1.0096222999977889,-21.221585891657806,-27.666284913024768,0.9308667762997853,0.9675708930712509,1781,1858
rank_spacing160,F3_infection_relative_anthesis_days,all_settings_common_paired,-18.46881514258447,-20.677445052205552,-14.916377017039629,4.016950791357787,-64.3504049780513,-82.81922012063579,0.9787211443080999,0.9903733179430486,1872,1895
rank_spacing160,F3_symptom_relative_anthesis_days,all_settings_common_paired,-15.763962538791917,-21.768368423233273,-10.127622015609623,2.5183860672156477,-33.690842232408635,-49.45480477120054,0.9528537238580502,0.982330556079254,1833,1882
rank_spacing160,GS65_85_lost_had3,all_settings_common_paired,2.800646001639809,1.3890608320122162,4.673040471130465,0.35060561147228947,7.432350706070882,10.232996707710692,0.9997192882679895,0.9999999999999973,1913,1920
rank_spacing160,GS31_85_lost_had3,all_settings_common_paired,3.644417372592773,1.7236434508326741,6.264562715834098,0.453580861210632,7.890317889383996,11.534735261976769,0.9997192882679895,0.9999999999999973,1913,1920
rank_spacing160,GS65_85_functional_lost_fraction,all_settings_common_paired,0.08438872311368228,0.04600463517030309,0.13722466967089098,0.010110007161430382,0.21290514394694124,0.2972938670606235,0.9997192882679895,0.9999999999999973,1913,1920
rank_spacing160,conditional_yield_loss_GS65_85_b0180_t_ha_per_unit_lai,all_settings_common_paired,0.05041162802951654,0.025003094976219886,0.08411472848034832,0.006310901006501209,0.1337823127092759,0.1841939407387924,0.9997192882679895,0.9999999999999973,1913,1920
rank_spacing160,conditional_yield_loss_GS31_85_b0180_t_ha_per_unit_lai,all_settings_common_paired,0.06559951270666987,0.03102558211498814,0.11276212888501368,0.008164455501791375,0.14202572200891195,0.20762523471558172,0.9997192882679895,0.9999999999999973,1913,1920
rank_spacing160,any_top3_infection_before85,all_settings_common_paired,-0.0004831923379664976,-0.0008368487828350024,0.0,0.0002478736943515805,1.0,0.9995168076620335,0.9997192882679895,0.9999999999999973,1913,1920
rank_spacing160,any_top3_symptom_before85,all_settings_common_paired,-0.0005806484036389651,-0.0008368487828350024,-0.00029236819701740265,0.00028914003889725294,1.0,0.999419351596361,0.9997192882679895,0.9999999999999973,1913,1920
stage_profile_early37,F1_infection_relative_anthesis_days,within_setting_paired,-8.590934765486784,-13.875707590456754,-4.116910834607717,1.9662896384076014,-30.62825979263827,-39.21919455812505,0.9959278141101262,0.9993623281986477,1906,1916
stage_profile_early37,F1_symptom_relative_anthesis_days,within_setting_paired,-5.246591012166441,-9.038480638716226,-2.5313617897745733,0.6262502920282161,-11.831953627619905,-17.078544639786344,0.9915140759824506,0.9969956556995896,1898,1909
stage_profile_early37,F2_infection_relative_anthesis_days,within_setting_paired,-16.594023862833904,-20.016242093250785,-12.806958111301899,3.019888473135537,-42.71112679959174,-59.30515066242565,0.9971250757638532,0.9996546809099804,1909,1917
stage_profile_early37,F2_symptom_relative_anthesis_days,within_setting_paired,-8.37402010927398,-13.723481303582876,-4.24163588061179,1.1716768079166824,-19.601994720958277,-27.97601483023226,0.9965403703411877,0.9990699754873149,1907,1915
stage_profile_early37,F3_infection_relative_anthesis_days,within_setting_paired,-24.37221073191787,-30.105199492658468,-18.596762582779956,4.023182216946156,-68.83613190690151,-93.20834263881937,0.9991067320369281,0.9999470336213132,1912,1918
stage_profile_early37,F3_symptom_relative_anthesis_days,within_setting_paired,-17.157242385646892,-25.205428633616297,-10.899528194525086,2.5716528845065594,-29.768747794187643,-46.925990179834535,0.9988143793255955,0.9990699754873149,1911,1916
stage_profile_early37,GS65_85_lost_had3,within_setting_paired,2.54855471438928,1.1513111826097688,4.44325464147953,0.31934423582853966,5.699727643935131,8.248282358324412,0.9997192882679896,0.9999999999999976,1913,1920
stage_profile_early37,GS31_85_lost_had3,within_setting_paired,3.13686755855113,1.361028550660829,5.59899208973609,0.3908141821638567,5.989980924297028,9.126848482848159,0.9997192882679896,0.9999999999999976,1913,1920
stage_profile_early37,GS65_85_functional_lost_fraction,within_setting_paired,0.07635021722181462,0.03785847425544546,0.13038605009835189,0.009078792103635134,0.16282958127435382,0.2391797984961684,0.9997192882679896,0.9999999999999976,1913,1920
stage_profile_early37,conditional_yield_loss_GS65_85_b0180_t_ha_per_unit_lai,within_setting_paired,0.04587398485900704,0.02072360128697584,0.07997858354663155,0.005748196244913714,0.10259509759083235,0.1484690824498394,0.9997192882679896,0.9999999999999976,1913,1920
stage_profile_early37,conditional_yield_loss_GS31_85_b0180_t_ha_per_unit_lai,within_setting_paired,0.056463616053920335,0.024498513911894913,0.10078185761524959,0.007034655278949421,0.1078196566373465,0.16428327269126683,0.9997192882679896,0.9999999999999976,1913,1920
stage_profile_early37,any_top3_infection_before85,within_setting_paired,-0.0004831923379664976,-0.0008368487828350022,0.0,0.0002478736943515805,1.0,0.9995168076620335,0.9997192882679896,0.9999999999999976,1913,1920
stage_profile_early37,any_top3_symptom_before85,within_setting_paired,-0.0009704897058322587,-0.0011292014941677662,-0.0008771045910522077,0.0005107874199021722,1.0,0.9990295102941676,0.9997192882679896,0.9999999999999976,1913,1920
stage_profile_early37,F1_infection_relative_anthesis_days,all_settings_common_paired,-8.918091153084694,-14.232898826701419,-4.370139820400963,2.0436222024909947,-31.257551065887156,-40.175642218971845,0.9418763799748967,0.9752564203497269,1806,1868
stage_profile_early37,F1_symptom_relative_anthesis_days,all_settings_common_paired,-5.463800223190521,-9.194554039791033,-2.674672015958213,0.6714162064046352,-12.84677795176511,-18.310578174955634,0.8831358841556396,0.9529677347385487,1712,1829
stage_profile_early37,F2_infection_relative_anthesis_days,all_settings_common_paired,-16.97081173049673,-20.420049258973478,-13.15843443250469,3.1153421596870863,-43.22626721356687,-60.197078944063605,0.9643837579356563,0.9838201704443138,1845,1886
stage_profile_early37,F2_symptom_relative_anthesis_days,all_settings_common_paired,-8.670035418715123,-14.069551574841274,-4.445823706214609,1.2444184301705343,-20.343383869858283,-29.013419288573417,0.9308667762997853,0.9675708930712509,1781,1858
stage_profile_early37,F3_infection_relative_anthesis_days,all_settings_common_paired,-24.784282286384244,-30.4757715384229,-18.98835179541143,4.079356767977296,-69.40375663528191,-94.18803892166613,0.9787211443080999,0.9903733179430486,1872,1895
stage_profile_early37,F3_symptom_relative_anthesis_days,all_settings_common_paired,-17.646747172857822,-25.685658232469684,-11.233644469420831,2.6610063665802244,-30.250953760927246,-47.897700933785075,0.9528537238580502,0.982330556079254,1833,1882
stage_profile_early37,GS65_85_lost_had3,all_settings_common_paired,2.5485547143892813,1.1513111826097688,4.443254641479536,0.31934423582853977,5.699727643935134,8.248282358324413,0.9997192882679895,0.9999999999999973,1913,1920
stage_profile_early37,GS31_85_lost_had3,all_settings_common_paired,3.13686755855113,1.3610285506608295,5.59899208973609,0.3908141821638568,5.989980924297029,9.12684848284816,0.9997192882679895,0.9999999999999973,1913,1920
stage_profile_early37,GS65_85_functional_lost_fraction,all_settings_common_paired,0.07635021722181463,0.03785847425544548,0.13038605009835194,0.009078792103635136,0.16282958127435382,0.23917979849616847,0.9997192882679895,0.9999999999999973,1913,1920
stage_profile_early37,conditional_yield_loss_GS65_85_b0180_t_ha_per_unit_lai,all_settings_common_paired,0.045873984859007046,0.020723601286975833,0.07997858354663158,0.005748196244913715,0.10259509759083242,0.14846908244983945,0.9997192882679895,0.9999999999999973,1913,1920
stage_profile_early37,conditional_yield_loss_GS31_85_b0180_t_ha_per_unit_lai,all_settings_common_paired,0.056463616053920355,0.024498513911894913,0.10078185761524963,0.007034655278949422,0.10781965663734654,0.16428327269126683,0.9997192882679895,0.9999999999999973,1913,1920
stage_profile_early37,any_top3_infection_before85,all_settings_common_paired,-0.0004831923379664976,-0.0008368487828350024,0.0,0.0002478736943515805,1.0,0.9995168076620335,0.9997192882679895,0.9999999999999973,1913,1920
stage_profile_early37,any_top3_symptom_before85,all_settings_common_paired,-0.000970489705832259,-0.0011292014941677664,-0.0008771045910522079,0.0005107874199021725,1.0,0.9990295102941676,0.9997192882679895,0.9999999999999973,1913,1920
stage_profile_late37,F1_infection_relative_anthesis_days,within_setting_paired,-1.3318036742826411,-3.7186775556081604,0.12236346935249567,0.579037378635916,-10.89226585312666,-12.224069527409299,0.9899510922384807,0.9950418502349105,1892,1905
stage_profile_late37,F1_symptom_relative_anthesis_days,within_setting_paired,-1.5154424341244488,-2.807735247838437,-0.7048600605659807,0.2840449043774479,-0.3059729156555007,-1.82141534977995,0.973731680372337,0.9900050378113848,1867,1893
stage_profile_late37,F2_infection_relative_anthesis_days,within_setting_paired,-3.226308225095743,-6.575488957308369,-0.5112725152542424,1.1302305723727055,-18.732498464994134,-21.958806690089876,0.9930217406545602,0.9975803611222551,1900,1911
stage_profile_late37,F2_symptom_relative_anthesis_days,within_setting_paired,-2.8235973865790798,-4.755091481812553,-1.4101365719657941,0.31413628811183225,-6.9066648790884875,-9.730262265667568,0.9869718635083611,0.9953342029462433,1890,1906
stage_profile_late37,F3_infection_relative_anthesis_days,within_setting_paired,-5.512114937468237,-9.818041679071165,-1.450909620634763,1.8648474327242537,-27.633633407169437,-33.145748344637674,0.9965403703411877,0.9993623281986477,1907,1916
stage_profile_late37,F3_symptom_relative_anthesis_days,within_setting_paired,-4.348084595420504,-7.684959235553886,-1.6744221854700978,0.62800877569835,-14.312233113252253,-18.660317708672757,0.9937782844655121,0.9975803611222551,1903,1911
stage_profile_late37,GS65_85_lost_had3,within_setting_paired,1.8070173872602748,0.8188341154075487,3.1229895616097743,0.24751742783578842,4.5702949435738764,6.377312330834152,0.9997192882679896,0.9999999999999976,1913,1920
stage_profile_late37,GS31_85_lost_had3,within_setting_paired,1.9730957370763311,0.8788511963062234,3.438483789966486,0.26819831949770717,4.6738813473686704,6.646977084445002,0.9997192882679896,0.9999999999999976,1913,1920
stage_profile_late37,GS65_85_functional_lost_fraction,within_setting_paired,0.054486419315181826,0.02737657749585948,0.09219270445633368,0.007040681457134349,0.13037695751560124,0.1848633768307831,0.9997192882679896,0.9999999999999976,1913,1920
stage_profile_late37,conditional_yield_loss_GS65_85_b0180_t_ha_per_unit_lai,within_setting_paired,0.032526312970684944,0.014739014077335874,0.05621381210897593,0.00445531370104419,0.08226530898432978,0.11479162195501473,0.9997192882679896,0.9999999999999976,1913,1920
stage_profile_late37,conditional_yield_loss_GS31_85_b0180_t_ha_per_unit_lai,within_setting_paired,0.03551572326737397,0.01581932153351202,0.061892708219396776,0.00482756975095873,0.08412986425263608,0.11964558752001003,0.9997192882679896,0.9999999999999976,1913,1920
stage_profile_late37,any_top3_infection_before85,within_setting_paired,-0.002282517963268976,-0.0031798105369253153,-0.0005847363940348051,0.0008599951774248616,1.0,0.9977174820367312,0.9997192882679896,0.9999999999999976,1913,1920
stage_profile_late37,any_top3_symptom_before85,within_setting_paired,-0.0029033914724358144,-0.004084973569202117,-0.0022584029883355324,0.0009331524798366883,0.9992419696419043,0.9963385781694685,0.9997192882679896,0.9999999999999976,1913,1920
stage_profile_late37,F1_infection_relative_anthesis_days,all_settings_common_paired,-1.4210887281574491,-3.80127270394634,0.014281710673671432,0.5870436678775315,-11.26068361171516,-12.681772339872618,0.9418763799748967,0.9752564203497269,1806,1868
stage_profile_late37,F1_symptom_relative_anthesis_days,all_settings_common_paired,-1.543488217410209,-2.8017838830529427,-0.7293441236679189,0.28604322224425965,-1.0810463069685634,-2.6245345243787734,0.8831358841556396,0.9529677347385487,1712,1829
stage_profile_late37,F2_infection_relative_anthesis_days,all_settings_common_paired,-3.3246850293682986,-6.7762936196088015,-0.5511865720327666,1.1696393525460111,-19.016830224853482,-22.34151525422179,0.9643837579356563,0.9838201704443138,1845,1886
stage_profile_late37,F2_symptom_relative_anthesis_days,all_settings_common_paired,-2.884100533523062,-4.7963615353701785,-1.4763059404785972,0.3396991275611943,-7.4865214235741,-10.370621957097162,0.9308667762997853,0.9675708930712509,1781,1858
stage_profile_late37,F3_infection_relative_anthesis_days,all_settings_common_paired,-5.64686373284755,-10.036075622382635,-1.5570392464392293,1.9043101861615657,-27.831966748288036,-33.478830481135596,0.9787211443080999,0.9903733179430486,1872,1895
stage_profile_late37,F3_symptom_relative_anthesis_days,all_settings_common_paired,-4.504924958724551,-7.832341009456581,-1.782003717867947,0.6639004022356552,-14.679897648098581,-19.184822606823133,0.9528537238580502,0.982330556079254,1833,1882
stage_profile_late37,GS65_85_lost_had3,all_settings_common_paired,1.8070173872602746,0.8188341154075488,3.122989561609773,0.24751742783578845,4.5702949435738764,6.377312330834155,0.9997192882679895,0.9999999999999973,1913,1920
stage_profile_late37,GS31_85_lost_had3,all_settings_common_paired,1.973095737076332,0.8788511963062237,3.438483789966488,0.2681983194977072,4.673881347368672,6.646977084445003,0.9997192882679895,0.9999999999999973,1913,1920
stage_profile_late37,GS65_85_functional_lost_fraction,all_settings_common_paired,0.05448641931518183,0.027376577495859478,0.09219270445633371,0.007040681457134349,0.13037695751560127,0.1848633768307831,0.9997192882679895,0.9999999999999973,1913,1920
stage_profile_late37,conditional_yield_loss_GS65_85_b0180_t_ha_per_unit_lai,all_settings_common_paired,0.032526312970684944,0.014739014077335874,0.05621381210897593,0.004455313701044191,0.08226530898432981,0.11479162195501469,0.9997192882679895,0.9999999999999973,1913,1920
stage_profile_late37,conditional_yield_loss_GS31_85_b0180_t_ha_per_unit_lai,all_settings_common_paired,0.035515723267373976,0.01581932153351203,0.06189270821939679,0.00482756975095873,0.08412986425263608,0.11964558752001009,0.9997192882679895,0.9999999999999973,1913,1920
stage_profile_late37,any_top3_infection_before85,all_settings_common_paired,-0.0022825179632689763,-0.0031798105369253153,-0.0005847363940348053,0.0008599951774248619,1.0,0.997717482036731,0.9997192882679895,0.9999999999999973,1913,1920
stage_profile_late37,any_top3_symptom_before85,all_settings_common_paired,-0.0029033914724358144,-0.004084973569202118,-0.002258402988335533,0.0009331524798366885,0.9992419696419041,0.9963385781694685,0.9997192882679895,0.9999999999999973,1913,1920
detection0p0001,F1_infection_relative_anthesis_days,within_setting_paired,-4.630254493258943,-8.553932580638323,-0.9322491536887717,2.1400861933723276,-27.788523254281102,-32.41877774754005,0.9991067320369281,0.9999999999999976,1912,1920
detection0p0001,F1_symptom_relative_anthesis_days,within_setting_paired,-3.5742475250520496,-7.0140189265787996,-0.928807247015852,0.8526070120937259,-17.547244442533948,-21.121491967586,0.9991067320369281,0.9999470336213132,1912,1919
detection0p0001,F2_infection_relative_anthesis_days,within_setting_paired,-7.724650088973437,-11.819801369869158,-3.9689081039740115,3.2004814617982875,-38.31358438116456,-46.038234470138,0.9997192882679896,0.9999999999999976,1913,1920
detection0p0001,F2_symptom_relative_anthesis_days,within_setting_paired,-5.84485468140171,-10.405126524214893,-2.329175849091743,1.470148338558131,-26.25056129228983,-32.09541597369154,0.9997192882679896,0.9999999999999976,1913,1920
detection0p0001,F3_infection_relative_anthesis_days,within_setting_paired,-12.872223483214912,-14.279227022678699,-10.404037739020412,3.255074843826178,-54.82718123214142,-67.69940471535634,0.9997192882679896,0.9999999999999976,1913,1920
detection0p0001,F3_symptom_relative_anthesis_days,within_setting_paired,-11.96498955128851,-16.35709142720521,-7.782361851047442,3.4400518477100506,-37.1177612861695,-49.082750837458,0.9997192882679896,0.9999999999999976,1913,1920
detection0p0001,GS65_85_lost_had3,within_setting_paired,2.6166076137285206,1.2833137691653584,4.392271713183388,0.3270977185745543,6.503483120180239,9.120090733908759,0.9997192882679896,0.9999999999999976,1913,1920
detection0p0001,GS31_85_lost_had3,within_setting_paired,3.190021107785464,1.5042923159304764,5.4784210288163555,0.3944584579267444,6.822275282532832,10.012296390318296,0.9997192882679896,0.9999999999999976,1913,1920
detection0p0001,GS65_85_functional_lost_fraction,within_setting_paired,0.07881286313260101,0.04233301773480039,0.12925583744840363,0.009387488653792771,0.1859815965179065,0.2647944596505075,0.9997192882679896,0.9999999999999976,1913,1920
detection0p0001,conditional_yield_loss_GS65_85_b0180_t_ha_per_unit_lai,within_setting_paired,0.04709893704711337,0.02309964784497644,0.079060890837301,0.005887758934341976,0.11706269616324427,0.16416163321035768,0.9997192882679896,0.9999999999999976,1913,1920
detection0p0001,conditional_yield_loss_GS31_85_b0180_t_ha_per_unit_lai,within_setting_paired,0.05742037994013834,0.027077261686748576,0.09861157851869441,0.007100252242681399,0.12280095508559097,0.18022133502572926,0.9997192882679896,0.9999999999999976,1913,1920
detection0p0001,any_top3_infection_before85,within_setting_paired,0.0,0.0,0.0,0.0,1.0,1.0,0.9997192882679896,0.9999999999999976,1913,1920
detection0p0001,any_top3_symptom_before85,within_setting_paired,0.0,0.0,0.0,0.0,1.0,1.0,0.9997192882679896,0.9999999999999976,1913,1920
detection0p0001,F1_infection_relative_anthesis_days,all_settings_common_paired,-4.9135758688342035,-8.846229650936987,-1.118156285228662,2.2244210748214797,-27.993091562044565,-32.90666743087877,0.9418763799748967,0.9752564203497269,1806,1868
detection0p0001,F1_symptom_relative_anthesis_days,all_settings_common_paired,-3.7999783710298947,-7.331158266865932,-1.108734847923497,0.8877296426952853,-18.146176941308095,-21.94615531233799,0.8831358841556396,0.9529677347385487,1712,1829
detection0p0001,F2_infection_relative_anthesis_days,all_settings_common_paired,-7.9660749402042486,-12.070711919445955,-4.122141469787594,3.280530495999738,-38.47820755462393,-46.444282494828165,0.9643837579356563,0.9838201704443138,1845,1886
detection0p0001,F2_symptom_relative_anthesis_days,all_settings_common_paired,-6.103560167231656,-10.71715411489004,-2.4743965969920905,1.5383046614377813,-26.693915356975364,-32.797475524207016,0.9308667762997853,0.9675708930712509,1781,1858
detection0p0001,F3_infection_relative_anthesis_days,all_settings_common_paired,-13.121167229124074,-14.501098614098247,-10.594091126772712,3.3084628008534507,-54.97555750036625,-68.0967247294903,0.9787211443080999,0.9903733179430486,1872,1895
detection0p0001,F3_symptom_relative_anthesis_days,all_settings_common_paired,-12.329133045641106,-16.735153936053457,-8.014599096754562,3.548400565514517,-37.3763965717977,-49.705529617438806,0.9528537238580502,0.982330556079254,1833,1882
detection0p0001,GS65_85_lost_had3,all_settings_common_paired,2.6166076137285206,1.2833137691653582,4.392271713183391,0.32709771857455433,6.503483120180239,9.12009073390876,0.9997192882679895,0.9999999999999973,1913,1920
detection0p0001,GS31_85_lost_had3,all_settings_common_paired,3.1900211077854643,1.5042923159304775,5.478421028816356,0.39445845792674444,6.822275282532835,10.012296390318298,0.9997192882679895,0.9999999999999973,1913,1920
detection0p0001,GS65_85_functional_lost_fraction,all_settings_common_paired,0.07881286313260105,0.0423330177348004,0.12925583744840372,0.009387488653792771,0.18598159651790658,0.2647944596505076,0.9997192882679895,0.9999999999999973,1913,1920
detection0p0001,conditional_yield_loss_GS65_85_b0180_t_ha_per_unit_lai,all_settings_common_paired,0.047098937047113376,0.023099647844976447,0.07906089083730104,0.005887758934341978,0.11706269616324433,0.16416163321035768,0.9997192882679895,0.9999999999999973,1913,1920
detection0p0001,conditional_yield_loss_GS31_85_b0180_t_ha_per_unit_lai,all_settings_common_paired,0.05742037994013834,0.027077261686748576,0.09861157851869438,0.0071002522426814,0.12280095508559098,0.18022133502572932,0.9997192882679895,0.9999999999999973,1913,1920
detection0p0001,any_top3_infection_before85,all_settings_common_paired,0.0,0.0,0.0,0.0,1.0,1.0,0.9997192882679895,0.9999999999999973,1913,1920
detection0p0001,any_top3_symptom_before85,all_settings_common_paired,0.0,0.0,0.0,0.0,1.0,1.0,0.9997192882679895,0.9999999999999973,1913,1920
detection0p01,F1_infection_relative_anthesis_days,within_setting_paired,-5.393094239537508,-9.331826805994838,-2.6148890710214627,0.7902861049629368,-12.272781606420251,-17.665875845957753,0.9421285233350665,0.9752564203497271,1807,1868
detection0p01,F1_symptom_relative_anthesis_days,within_setting_paired,-3.9885775258370155,-5.811497356990846,-2.4934027158008294,0.7189925057729868,2.558081185506696,-1.430496340330319,0.8844887921130231,0.9529677347385488,1714,1829
detection0p01,F2_infection_relative_anthesis_days,within_setting_paired,-8.078117281312675,-13.205440848411158,-4.580096346936057,1.085080620440056,-19.005343838577776,-27.083461119890455,0.9643837579356568,0.9838201704443141,1845,1886
detection0p01,F2_symptom_relative_anthesis_days,within_setting_paired,-5.723563526636663,-8.8541395013181,-3.5461991539003015,0.8574688216071391,-2.600324961486137,-8.323888488122801,0.9308667762997855,0.9675708930712511,1781,1858
detection0p01,F3_infection_relative_anthesis_days,within_setting_paired,-13.43586801990947,-19.822990251593975,-8.591768513652225,1.8865131108278377,-26.693805235183834,-40.12967325509331,0.9787211443081001,0.9903733179430487,1872,1895
detection0p01,F3_symptom_relative_anthesis_days,within_setting_paired,-8.369405194448584,-12.411138156405405,-5.307414109987833,1.108068345289899,-8.504504957422084,-16.87391015187067,0.9528537238580503,0.9823305560792543,1833,1882
detection0p01,GS65_85_lost_had3,within_setting_paired,2.6204089922779414,1.2870574852582668,4.3969173730737925,0.3279925487724922,6.481329795648345,9.101738787926285,0.9997192882679896,0.9999999999999976,1913,1920
detection0p01,GS31_85_lost_had3,within_setting_paired,3.1887708961973598,1.505933914626469,5.474787827977461,0.3959470753249293,6.7535046703730695,9.94227556657043,0.9997192882679896,0.9999999999999976,1913,1920
detection0p01,GS65_85_functional_lost_fraction,within_setting_paired,0.07894641018783886,0.04244389071819871,0.12944595829725877,0.00940529199374403,0.18531570463332117,0.2642621148211601,0.9997192882679896,0.9999999999999976,1913,1920
detection0p01,conditional_yield_loss_GS65_85_b0180_t_ha_per_unit_lai,within_setting_paired,0.047167361861002934,0.0231670347346488,0.07914451271532823,0.005903865877904857,0.1166639363216702,0.16383129818267314,0.9997192882679896,0.9999999999999976,1913,1920
detection0p01,conditional_yield_loss_GS31_85_b0180_t_ha_per_unit_lai,within_setting_paired,0.05739787613155247,0.02710681046327644,0.09854618090359428,0.007127047355848726,0.12156308406671527,0.1789609601982677,0.9997192882679896,0.9999999999999976,1913,1920
detection0p01,any_top3_infection_before85,within_setting_paired,-0.004874020569155479,-0.006452310607540478,-0.002231914225043998,0.0018943958422508826,0.9945173708052417,0.9896433502360863,0.9997192882679896,0.9999999999999976,1913,1920
detection0p01,any_top3_symptom_before85,within_setting_paired,-0.006885652646403371,-0.009428717721181049,-0.0026961299124871408,0.0031891341839947436,0.9884839145016956,0.9815982618552921,0.9997192882679896,0.9999999999999976,1913,1920
detection0p01,F1_infection_relative_anthesis_days,all_settings_common_paired,-5.390081022431076,-9.331826805994844,-2.6148890710214636,0.7901127138502224,-12.275708277940721,-17.6657893003718,0.9418763799748967,0.9752564203497269,1806,1868
detection0p01,F1_symptom_relative_anthesis_days,all_settings_common_paired,-3.9932437187867627,-5.811497356990845,-2.4934027158008307,0.717863753671209,2.5614702546285906,-1.4317734641581723,0.8831358841556396,0.9529677347385487,1712,1829
detection0p01,F2_infection_relative_anthesis_days,all_settings_common_paired,-8.078117281312679,-13.205440848411161,-4.58009634693606,1.0850806204400567,-19.00534383857779,-27.083461119890472,0.9643837579356563,0.9838201704443138,1845,1886
detection0p01,F2_symptom_relative_anthesis_days,all_settings_common_paired,-5.7235635266366645,-8.854139501318102,-3.546199153900302,0.8574688216071393,-2.6003249614861375,-8.323888488122803,0.9308667762997853,0.9675708930712509,1781,1858
detection0p01,F3_infection_relative_anthesis_days,all_settings_common_paired,-13.43586801990947,-19.82299025159398,-8.591768513652221,1.8865131108278381,-26.69380523518384,-40.12967325509331,0.9787211443080999,0.9903733179430486,1872,1895
detection0p01,F3_symptom_relative_anthesis_days,all_settings_common_paired,-8.369405194448584,-12.411138156405407,-5.307414109987831,1.1080683452898992,-8.504504957422085,-16.87391015187067,0.9528537238580502,0.982330556079254,1833,1882
detection0p01,GS65_85_lost_had3,all_settings_common_paired,2.6204089922779414,1.287057485258267,4.396917373073792,0.3279925487724922,6.481329795648342,9.101738787926285,0.9997192882679895,0.9999999999999973,1913,1920
detection0p01,GS31_85_lost_had3,all_settings_common_paired,3.18877089619736,1.5059339146264692,5.474787827977462,0.3959470753249294,6.753504670373072,9.942275566570432,0.9997192882679895,0.9999999999999973,1913,1920
detection0p01,GS65_85_functional_lost_fraction,all_settings_common_paired,0.07894641018783889,0.04244389071819872,0.12944595829725888,0.009405291993744033,0.18531570463332123,0.26426211482116013,0.9997192882679895,0.9999999999999973,1913,1920
detection0p01,conditional_yield_loss_GS65_85_b0180_t_ha_per_unit_lai,all_settings_common_paired,0.04716736186100295,0.02316703473464881,0.07914451271532823,0.005903865877904859,0.11666393632167021,0.16383129818267314,0.9997192882679895,0.9999999999999973,1913,1920
detection0p01,conditional_yield_loss_GS31_85_b0180_t_ha_per_unit_lai,all_settings_common_paired,0.057397876131552485,0.027106810463276444,0.09854618090359432,0.007127047355848727,0.1215630840667153,0.1789609601982677,0.9997192882679895,0.9999999999999973,1913,1920
detection0p01,any_top3_infection_before85,all_settings_common_paired,-0.00487402056915548,-0.00645231060754048,-0.002231914225043998,0.0018943958422508833,0.9945173708052417,0.9896433502360863,0.9997192882679895,0.9999999999999973,1913,1920
detection0p01,any_top3_symptom_before85,all_settings_common_paired,-0.006885652646403372,-0.00942871772118105,-0.0026961299124871416,0.0031891341839947436,0.9884839145016954,0.9815982618552921,0.9997192882679895,0.9999999999999973,1913,1920
reference_decline_end0p5,F1_infection_relative_anthesis_days,within_setting_paired,-4.805212540745319,-8.904077703265843,-1.1811105916979538,1.4137057762825374,-23.735894606668577,-28.541107147413896,0.9955881023503006,0.9993623281986477,1905,1916
reference_decline_end0p5,F1_symptom_relative_anthesis_days,within_setting_paired,-3.662050106075757,-6.237267958240005,-1.8166590448540358,0.426424878194657,-9.446662192956387,-13.108712299032142,0.9909597794096021,0.9969956556995896,1898,1909
reference_decline_end0p5,F2_infection_relative_anthesis_days,within_setting_paired,-7.846256015106637,-12.52734869537834,-3.8365579424742284,2.2746532008919735,-33.37823761039207,-41.224493625498724,0.9971250757638532,0.9993623281986477,1909,1916
reference_decline_end0p5,F2_symptom_relative_anthesis_days,within_setting_paired,-5.434860856852709,-9.435566314025229,-2.5101258583519104,0.7654935718298221,-16.924809500335893,-22.3596703571886,0.9959278141101262,0.9984852700646494,1906,1913
reference_decline_end0p5,F3_infection_relative_anthesis_days,within_setting_paired,-14.511458179661508,-17.169239869261,-10.936384712676702,3.1544213731537405,-46.68263975341652,-61.19409793307802,0.9991067320369281,0.9999470336213132,1912,1918
reference_decline_end0p5,F3_symptom_relative_anthesis_days,within_setting_paired,-9.302480357860084,-14.188248327966651,-5.148480972202277,1.5157355821621583,-25.787044249823783,-35.08952460768386,0.9988707985058298,0.9991067320369281,1912,1916
reference_decline_end0p5,GS65_85_lost_had3,within_setting_paired,1.9375315641669353,0.9501132858379493,3.264073750194227,0.23809739470327865,4.298264429630926,6.235795993797859,0.9997192882679896,0.9999999999999976,1913,1920
reference_decline_end0p5,GS31_85_lost_had3,within_setting_paired,2.5105962567544045,1.170968761805134,4.3496995048869715,0.3065517084556542,4.613192330371632,7.123788587126036,0.9997192882679896,0.9999999999999976,1913,1920
reference_decline_end0p5,GS65_85_functional_lost_fraction,within_setting_paired,0.07761071417040279,0.04133316594381248,0.12815227495513776,0.009069920235341406,0.16379514205551127,0.24140585622591404,0.9997192882679896,0.9999999999999976,1913,1920
reference_decline_end0p5,conditional_yield_loss_GS65_85_b0180_t_ha_per_unit_lai,within_setting_paired,0.034875568155004824,0.017102039145083084,0.058753327503496086,0.004285753104659016,0.07736875973335665,0.11224432788836149,0.9997192882679896,0.9999999999999976,1913,1920
reference_decline_end0p5,conditional_yield_loss_GS31_85_b0180_t_ha_per_unit_lai,within_setting_paired,0.04519073262157929,0.02107743771249241,0.07829459108796553,0.0055179307522017764,0.08303746194668937,0.12822819456826867,0.9997192882679896,0.9999999999999976,1913,1920
reference_decline_end0p5,any_top3_infection_before85,within_setting_paired,-0.0004831923379664976,-0.0008368487828350022,0.0,0.0002478736943515805,1.0,0.9995168076620335,0.9997192882679896,0.9999999999999976,1913,1920
reference_decline_end0p5,any_top3_symptom_before85,within_setting_paired,-0.000873011438761488,-0.0011292014941677662,-0.0006127282310644905,0.00043367168303464187,1.0,0.9991269885612385,0.9997192882679896,0.9999999999999976,1913,1920
reference_decline_end0p5,F1_infection_relative_anthesis_days,all_settings_common_paired,-5.033885112709259,-9.207282050522862,-1.3399544794712912,1.4704098649535553,-24.207981855119698,-29.241866967828955,0.9418763799748967,0.9752564203497269,1806,1868
reference_decline_end0p5,F1_symptom_relative_anthesis_days,all_settings_common_paired,-3.7968258704890245,-6.3228824812033535,-1.8881877619663099,0.45375140523945684,-10.396645151737937,-14.19347102222696,0.8831358841556396,0.9529677347385487,1712,1829
reference_decline_end0p5,F2_infection_relative_anthesis_days,all_settings_common_paired,-8.063981904754135,-12.802152961669961,-3.985457416223779,2.339865221898445,-33.73574183250367,-41.79972373725781,0.9643837579356563,0.9838201704443138,1845,1886
reference_decline_end0p5,F2_symptom_relative_anthesis_days,all_settings_common_paired,-5.62458545971576,-9.628955225224429,-2.641206111640067,0.8201103309276844,-17.592954156846577,-23.217539616562334,0.9308667762997853,0.9675708930712509,1781,1858
reference_decline_end0p5,F3_infection_relative_anthesis_days,all_settings_common_paired,-14.845337090707252,-17.47100066409679,-11.180187990955345,3.202918351290719,-46.94983051614732,-61.79516760685459,0.9787211443080999,0.9903733179430486,1872,1895
reference_decline_end0p5,F3_symptom_relative_anthesis_days,all_settings_common_paired,-9.62477414327487,-14.496576357308909,-5.356933230696887,1.5803819265468961,-26.207641304443268,-35.83241544771814,0.9528537238580502,0.982330556079254,1833,1882
reference_decline_end0p5,GS65_85_lost_had3,all_settings_common_paired,1.9375315641669353,0.9501132858379493,3.264073750194228,0.2380973947032787,4.298264429630927,6.235795993797861,0.9997192882679895,0.9999999999999973,1913,1920
reference_decline_end0p5,GS31_85_lost_had3,all_settings_common_paired,2.510596256754406,1.1709687618051345,4.349699504886975,0.30655170845565427,4.613192330371633,7.123788587126039,0.9997192882679895,0.9999999999999973,1913,1920
reference_decline_end0p5,GS65_85_functional_lost_fraction,all_settings_common_paired,0.07761071417040284,0.041333165943812505,0.12815227495513787,0.00906992023534141,0.1637951420555113,0.241405856225914,0.9997192882679895,0.9999999999999973,1913,1920
reference_decline_end0p5,conditional_yield_loss_GS65_85_b0180_t_ha_per_unit_lai,all_settings_common_paired,0.034875568155004845,0.017102039145083098,0.0587533275034961,0.0042857531046590165,0.07736875973335665,0.11224432788836149,0.9997192882679895,0.9999999999999973,1913,1920
reference_decline_end0p5,conditional_yield_loss_GS31_85_b0180_t_ha_per_unit_lai,all_settings_common_paired,0.04519073262157928,0.021077437712492406,0.0782945910879655,0.005517930752201777,0.08303746194668939,0.12822819456826864,0.9997192882679895,0.9999999999999973,1913,1920
reference_decline_end0p5,any_top3_infection_before85,all_settings_common_paired,-0.0004831923379664976,-0.0008368487828350024,0.0,0.0002478736943515805,1.0,0.9995168076620335,0.9997192882679895,0.9999999999999973,1913,1920
reference_decline_end0p5,any_top3_symptom_before85,all_settings_common_paired,-0.0008730114387614883,-0.0011292014941677664,-0.0006127282310644905,0.000433671683034642,1.0,0.9991269885612385,0.9997192882679895,0.9999999999999973,1913,1920
reference_decline_end0,F1_infection_relative_anthesis_days,within_setting_paired,-4.805212540745319,-8.904077703265843,-1.1811105916979538,1.4137057762825374,-23.735894606668577,-28.541107147413896,0.9955881023503006,0.9993623281986477,1905,1916
reference_decline_end0,F1_symptom_relative_anthesis_days,within_setting_paired,-3.662050106075757,-6.237267958240005,-1.8166590448540358,0.426424878194657,-9.446662192956387,-13.108712299032142,0.9909597794096021,0.9969956556995896,1898,1909
reference_decline_end0,F2_infection_relative_anthesis_days,within_setting_paired,-7.846256015106637,-12.52734869537834,-3.8365579424742284,2.2746532008919735,-33.37823761039207,-41.224493625498724,0.9971250757638532,0.9993623281986477,1909,1916
reference_decline_end0,F2_symptom_relative_anthesis_days,within_setting_paired,-5.434860856852709,-9.435566314025229,-2.5101258583519104,0.7654935718298221,-16.924809500335893,-22.3596703571886,0.9959278141101262,0.9984852700646494,1906,1913
reference_decline_end0,F3_infection_relative_anthesis_days,within_setting_paired,-14.511458179661508,-17.169239869261,-10.936384712676702,3.1544213731537405,-46.68263975341652,-61.19409793307802,0.9991067320369281,0.9999470336213132,1912,1918
reference_decline_end0,F3_symptom_relative_anthesis_days,within_setting_paired,-9.302480357860084,-14.188248327966651,-5.148480972202277,1.5157355821621583,-25.787044249823783,-35.08952460768386,0.9988707985058298,0.9991067320369281,1912,1916
reference_decline_end0,GS65_85_lost_had3,within_setting_paired,1.2584229091757322,0.6169203489127673,2.1358359611199513,0.14977471858910704,2.0932972463548194,3.351720155530552,0.9997192882679896,0.9999999999999976,1913,1920
reference_decline_end0,GS31_85_lost_had3,within_setting_paired,1.8314876017632018,0.8377758248799514,3.2214617158126977,0.21964176203194843,2.4082251470955267,4.239712748858728,0.9997192882679896,0.9999999999999976,1913,1920
reference_decline_end0,GS65_85_functional_lost_fraction,within_setting_paired,0.0752043210755705,0.03933400860894354,0.1259425405228957,0.00847105247679653,0.11943752305064144,0.19464184412621197,0.9997192882679896,0.9999999999999976,1913,1920
reference_decline_end0,conditional_yield_loss_GS65_85_b0180_t_ha_per_unit_lai,within_setting_paired,0.022651612365163176,0.011104566280429806,0.03844504730015913,0.002695944934603926,0.037679350434386756,0.060330962799549935,0.9997192882679896,0.9999999999999976,1913,1920
reference_decline_end0,conditional_yield_loss_GS31_85_b0180_t_ha_per_unit_lai,within_setting_paired,0.032966776831737626,0.015079964847839127,0.05798631088462856,0.003953551716575072,0.043348052647719466,0.0763148294794571,0.9997192882679896,0.9999999999999976,1913,1920
reference_decline_end0,any_top3_infection_before85,within_setting_paired,-0.0004831923379664976,-0.0008368487828350022,0.0,0.0002478736943515805,1.0,0.9995168076620335,0.9997192882679896,0.9999999999999976,1913,1920
reference_decline_end0,any_top3_symptom_before85,within_setting_paired,-0.000873011438761488,-0.0011292014941677662,-0.0006127282310644905,0.00043367168303464187,1.0,0.9991269885612385,0.9997192882679896,0.9999999999999976,1913,1920
reference_decline_end0,F1_infection_relative_anthesis_days,all_settings_common_paired,-5.033885112709259,-9.207282050522862,-1.3399544794712912,1.4704098649535553,-24.207981855119698,-29.241866967828955,0.9418763799748967,0.9752564203497269,1806,1868
reference_decline_end0,F1_symptom_relative_anthesis_days,all_settings_common_paired,-3.7968258704890245,-6.3228824812033535,-1.8881877619663099,0.45375140523945684,-10.396645151737937,-14.19347102222696,0.8831358841556396,0.9529677347385487,1712,1829
reference_decline_end0,F2_infection_relative_anthesis_days,all_settings_common_paired,-8.063981904754135,-12.802152961669961,-3.985457416223779,2.339865221898445,-33.73574183250367,-41.79972373725781,0.9643837579356563,0.9838201704443138,1845,1886
reference_decline_end0,F2_symptom_relative_anthesis_days,all_settings_common_paired,-5.62458545971576,-9.628955225224429,-2.641206111640067,0.8201103309276844,-17.592954156846577,-23.217539616562334,0.9308667762997853,0.9675708930712509,1781,1858
reference_decline_end0,F3_infection_relative_anthesis_days,all_settings_common_paired,-14.845337090707252,-17.47100066409679,-11.180187990955345,3.202918351290719,-46.94983051614732,-61.79516760685459,0.9787211443080999,0.9903733179430486,1872,1895
reference_decline_end0,F3_symptom_relative_anthesis_days,all_settings_common_paired,-9.62477414327487,-14.496576357308909,-5.356933230696887,1.5803819265468961,-26.207641304443268,-35.83241544771814,0.9528537238580502,0.982330556079254,1833,1882
reference_decline_end0,GS65_85_lost_had3,all_settings_common_paired,1.2584229091757326,0.6169203489127673,2.135835961119952,0.14977471858910704,2.0932972463548207,3.3517201555305527,0.9997192882679895,0.9999999999999973,1913,1920
reference_decline_end0,GS31_85_lost_had3,all_settings_common_paired,1.831487601763202,0.8377758248799513,3.221461715812698,0.21964176203194846,2.4082251470955267,4.23971274885873,0.9997192882679895,0.9999999999999973,1913,1920
reference_decline_end0,GS65_85_functional_lost_fraction,all_settings_common_paired,0.0752043210755705,0.03933400860894353,0.12594254052289572,0.008471052476796533,0.11943752305064152,0.19464184412621197,0.9997192882679895,0.9999999999999973,1913,1920
reference_decline_end0,conditional_yield_loss_GS65_85_b0180_t_ha_per_unit_lai,all_settings_common_paired,0.02265161236516318,0.011104566280429813,0.03844504730015913,0.002695944934603927,0.03767935043438676,0.06033096279954995,0.9997192882679895,0.9999999999999973,1913,1920
reference_decline_end0,conditional_yield_loss_GS31_85_b0180_t_ha_per_unit_lai,all_settings_common_paired,0.03296677683173763,0.01507996484783913,0.05798631088462856,0.003953551716575073,0.04334805264771948,0.07631482947945709,0.9997192882679895,0.9999999999999973,1913,1920
reference_decline_end0,any_top3_infection_before85,all_settings_common_paired,-0.0004831923379664976,-0.0008368487828350024,0.0,0.0002478736943515805,1.0,0.9995168076620335,0.9997192882679895,0.9999999999999973,1913,1920
reference_decline_end0,any_top3_symptom_before85,all_settings_common_paired,-0.0008730114387614883,-0.0011292014941677664,-0.0006127282310644905,0.000433671683034642,1.0,0.9991269885612385,0.9997192882679895,0.9999999999999973,1913,1920
functional_conversion0p5,F1_infection_relative_anthesis_days,within_setting_paired,-4.805212540745319,-8.904077703265843,-1.1811105916979538,1.4137057762825374,-23.735894606668577,-28.541107147413896,0.9955881023503006,0.9993623281986477,1905,1916
functional_conversion0p5,F1_symptom_relative_anthesis_days,within_setting_paired,-3.662050106075757,-6.237267958240005,-1.8166590448540358,0.426424878194657,-9.446662192956387,-13.108712299032142,0.9909597794096021,0.9969956556995896,1898,1909
functional_conversion0p5,F2_infection_relative_anthesis_days,within_setting_paired,-7.846256015106637,-12.52734869537834,-3.8365579424742284,2.2746532008919735,-33.37823761039207,-41.224493625498724,0.9971250757638532,0.9993623281986477,1909,1916
functional_conversion0p5,F2_symptom_relative_anthesis_days,within_setting_paired,-5.434860856852709,-9.435566314025229,-2.5101258583519104,0.7654935718298221,-16.924809500335893,-22.3596703571886,0.9959278141101262,0.9984852700646494,1906,1913
functional_conversion0p5,F3_infection_relative_anthesis_days,within_setting_paired,-14.511458179661508,-17.169239869261,-10.936384712676702,3.1544213731537405,-46.68263975341652,-61.19409793307802,0.9991067320369281,0.9999470336213132,1912,1918
functional_conversion0p5,F3_symptom_relative_anthesis_days,within_setting_paired,-9.302480357860084,-14.188248327966651,-5.148480972202277,1.5157355821621583,-25.787044249823783,-35.08952460768386,0.9988707985058298,0.9991067320369281,1912,1916
functional_conversion0p5,GS65_85_lost_had3,within_setting_paired,1.3083201095790693,0.6416531113815661,2.1961557696342515,0.16354910529872066,3.2516158064535152,4.559935916032584,0.9997192882679896,0.9999999999999976,1913,1920
functional_conversion0p5,GS31_85_lost_had3,within_setting_paired,1.594852455872804,0.752080849365158,2.738968646980625,0.19732610272159787,3.409079756823868,5.0039322126966725,0.9997192882679896,0.9999999999999976,1913,1920
functional_conversion0p5,GS65_85_functional_lost_fraction,within_setting_paired,0.039406955358909486,0.021166372305623477,0.06462857108562943,0.004693703099327597,0.09298697577897308,0.13239393113788253,0.9997192882679896,0.9999999999999976,1913,1920
functional_conversion0p5,conditional_yield_loss_GS65_85_b0180_t_ha_per_unit_lai,within_setting_paired,0.02354976197242324,0.011549756004868185,0.03953080385341652,0.0029438838953769727,0.05852908451616327,0.0820788464885865,0.9997192882679896,0.9999999999999976,1913,1920
functional_conversion0p5,conditional_yield_loss_GS31_85_b0180_t_ha_per_unit_lai,within_setting_paired,0.028707344205710462,0.013537455288572843,0.04930143564565124,0.0035518698489887613,0.06136343562282962,0.0900707798285401,0.9997192882679896,0.9999999999999976,1913,1920
functional_conversion0p5,any_top3_infection_before85,within_setting_paired,-0.0004831923379664976,-0.0008368487828350022,0.0,0.0002478736943515805,1.0,0.9995168076620335,0.9997192882679896,0.9999999999999976,1913,1920
functional_conversion0p5,any_top3_symptom_before85,within_setting_paired,-0.000873011438761488,-0.0011292014941677662,-0.0006127282310644905,0.00043367168303464187,1.0,0.9991269885612385,0.9997192882679896,0.9999999999999976,1913,1920
functional_conversion0p5,F1_infection_relative_anthesis_days,all_settings_common_paired,-5.033885112709259,-9.207282050522862,-1.3399544794712912,1.4704098649535553,-24.207981855119698,-29.241866967828955,0.9418763799748967,0.9752564203497269,1806,1868
functional_conversion0p5,F1_symptom_relative_anthesis_days,all_settings_common_paired,-3.7968258704890245,-6.3228824812033535,-1.8881877619663099,0.45375140523945684,-10.396645151737937,-14.19347102222696,0.8831358841556396,0.9529677347385487,1712,1829
functional_conversion0p5,F2_infection_relative_anthesis_days,all_settings_common_paired,-8.063981904754135,-12.802152961669961,-3.985457416223779,2.339865221898445,-33.73574183250367,-41.79972373725781,0.9643837579356563,0.9838201704443138,1845,1886
functional_conversion0p5,F2_symptom_relative_anthesis_days,all_settings_common_paired,-5.62458545971576,-9.628955225224429,-2.641206111640067,0.8201103309276844,-17.592954156846577,-23.217539616562334,0.9308667762997853,0.9675708930712509,1781,1858
functional_conversion0p5,F3_infection_relative_anthesis_days,all_settings_common_paired,-14.845337090707252,-17.47100066409679,-11.180187990955345,3.202918351290719,-46.94983051614732,-61.79516760685459,0.9787211443080999,0.9903733179430486,1872,1895
functional_conversion0p5,F3_symptom_relative_anthesis_days,all_settings_common_paired,-9.62477414327487,-14.496576357308909,-5.356933230696887,1.5803819265468961,-26.207641304443268,-35.83241544771814,0.9528537238580502,0.982330556079254,1833,1882
functional_conversion0p5,GS65_85_lost_had3,all_settings_common_paired,1.3083201095790693,0.6416531113815661,2.196155769634252,0.16354910529872074,3.251615806453516,4.559935916032584,0.9997192882679895,0.9999999999999973,1913,1920
functional_conversion0p5,GS31_85_lost_had3,all_settings_common_paired,1.5948524558728037,0.7520808493651581,2.7389686469806245,0.19732610272159792,3.409079756823868,5.003932212696674,0.9997192882679895,0.9999999999999973,1913,1920
functional_conversion0p5,GS65_85_functional_lost_fraction,all_settings_common_paired,0.03940695535890951,0.021166372305623495,0.06462857108562946,0.004693703099327598,0.09298697577897308,0.1323939311378826,0.9997192882679895,0.9999999999999973,1913,1920
functional_conversion0p5,conditional_yield_loss_GS65_85_b0180_t_ha_per_unit_lai,all_settings_common_paired,0.023549761972423245,0.01154975600486819,0.03953080385341653,0.0029438838953769727,0.05852908451616328,0.08207884648858652,0.9997192882679895,0.9999999999999973,1913,1920
functional_conversion0p5,conditional_yield_loss_GS31_85_b0180_t_ha_per_unit_lai,all_settings_common_paired,0.02870734420571047,0.013537455288572841,0.04930143564565125,0.0035518698489887617,0.06136343562282965,0.09007077982854013,0.9997192882679895,0.9999999999999973,1913,1920
functional_conversion0p5,any_top3_infection_before85,all_settings_common_paired,-0.0004831923379664976,-0.0008368487828350024,0.0,0.0002478736943515805,1.0,0.9995168076620335,0.9997192882679895,0.9999999999999973,1913,1920
functional_conversion0p5,any_top3_symptom_before85,all_settings_common_paired,-0.0008730114387614883,-0.0011292014941677664,-0.0006127282310644905,0.000433671683034642,1.0,0.9991269885612385,0.9997192882679895,0.9999999999999973,1913,1920
functional_conversion0p75,F1_infection_relative_anthesis_days,within_setting_paired,-4.805212540745319,-8.904077703265843,-1.1811105916979538,1.4137057762825374,-23.735894606668577,-28.541107147413896,0.9955881023503006,0.9993623281986477,1905,1916
functional_conversion0p75,F1_symptom_relative_anthesis_days,within_setting_paired,-3.662050106075757,-6.237267958240005,-1.8166590448540358,0.426424878194657,-9.446662192956387,-13.108712299032142,0.9909597794096021,0.9969956556995896,1898,1909
functional_conversion0p75,F2_infection_relative_anthesis_days,within_setting_paired,-7.846256015106637,-12.52734869537834,-3.8365579424742284,2.2746532008919735,-33.37823761039207,-41.224493625498724,0.9971250757638532,0.9993623281986477,1909,1916
functional_conversion0p75,F2_symptom_relative_anthesis_days,within_setting_paired,-5.434860856852709,-9.435566314025229,-2.5101258583519104,0.7654935718298221,-16.924809500335893,-22.3596703571886,0.9959278141101262,0.9984852700646494,1906,1913
functional_conversion0p75,F3_infection_relative_anthesis_days,within_setting_paired,-14.511458179661508,-17.169239869261,-10.936384712676702,3.1544213731537405,-46.68263975341652,-61.19409793307802,0.9991067320369281,0.9999470336213132,1912,1918
functional_conversion0p75,F3_symptom_relative_anthesis_days,within_setting_paired,-9.302480357860084,-14.188248327966651,-5.148480972202277,1.5157355821621583,-25.787044249823783,-35.08952460768386,0.9988707985058298,0.9991067320369281,1912,1916
functional_conversion0p75,GS65_85_lost_had3,within_setting_paired,1.962480164368604,0.962479667072349,3.2942336544513773,0.24532365794808103,4.877423709680274,6.839903874048876,0.9997192882679896,0.9999999999999976,1913,1920
functional_conversion0p75,GS31_85_lost_had3,within_setting_paired,2.392278683809206,1.1281212740477373,4.108452970470937,0.29598915408239684,5.1136196352358025,7.505898319045008,0.9997192882679896,0.9999999999999976,1913,1920
functional_conversion0p75,GS65_85_functional_lost_fraction,within_setting_paired,0.059110433038364225,0.03174955845843521,0.09694285662844414,0.007040554648991398,0.13948046366845962,0.19859089670682384,0.9997192882679896,0.9999999999999976,1913,1920
functional_conversion0p75,conditional_yield_loss_GS65_85_b0180_t_ha_per_unit_lai,within_setting_paired,0.03532464295863486,0.01732463400730228,0.05929620578012479,0.0044158258430654585,0.08779362677424492,0.12311826973287977,0.9997192882679896,0.9999999999999976,1913,1920
functional_conversion0p75,conditional_yield_loss_GS31_85_b0180_t_ha_per_unit_lai,within_setting_paired,0.04306101630856571,0.020306182932859265,0.07395215346847687,0.005327804773483142,0.09204515343424442,0.13510616974281017,0.9997192882679896,0.9999999999999976,1913,1920
functional_conversion0p75,any_top3_infection_before85,within_setting_paired,-0.0004831923379664976,-0.0008368487828350022,0.0,0.0002478736943515805,1.0,0.9995168076620335,0.9997192882679896,0.9999999999999976,1913,1920
functional_conversion0p75,any_top3_symptom_before85,within_setting_paired,-0.000873011438761488,-0.0011292014941677662,-0.0006127282310644905,0.00043367168303464187,1.0,0.9991269885612385,0.9997192882679896,0.9999999999999976,1913,1920
functional_conversion0p75,F1_infection_relative_anthesis_days,all_settings_common_paired,-5.033885112709259,-9.207282050522862,-1.3399544794712912,1.4704098649535553,-24.207981855119698,-29.241866967828955,0.9418763799748967,0.9752564203497269,1806,1868
functional_conversion0p75,F1_symptom_relative_anthesis_days,all_settings_common_paired,-3.7968258704890245,-6.3228824812033535,-1.8881877619663099,0.45375140523945684,-10.396645151737937,-14.19347102222696,0.8831358841556396,0.9529677347385487,1712,1829
functional_conversion0p75,F2_infection_relative_anthesis_days,all_settings_common_paired,-8.063981904754135,-12.802152961669961,-3.985457416223779,2.339865221898445,-33.73574183250367,-41.79972373725781,0.9643837579356563,0.9838201704443138,1845,1886
functional_conversion0p75,F2_symptom_relative_anthesis_days,all_settings_common_paired,-5.62458545971576,-9.628955225224429,-2.641206111640067,0.8201103309276844,-17.592954156846577,-23.217539616562334,0.9308667762997853,0.9675708930712509,1781,1858
functional_conversion0p75,F3_infection_relative_anthesis_days,all_settings_common_paired,-14.845337090707252,-17.47100066409679,-11.180187990955345,3.202918351290719,-46.94983051614732,-61.79516760685459,0.9787211443080999,0.9903733179430486,1872,1895
functional_conversion0p75,F3_symptom_relative_anthesis_days,all_settings_common_paired,-9.62477414327487,-14.496576357308909,-5.356933230696887,1.5803819265468961,-26.207641304443268,-35.83241544771814,0.9528537238580502,0.982330556079254,1833,1882
functional_conversion0p75,GS65_85_lost_had3,all_settings_common_paired,1.962480164368604,0.962479667072349,3.2942336544513773,0.2453236579480811,4.877423709680275,6.8399038740488765,0.9997192882679895,0.9999999999999973,1913,1920
functional_conversion0p75,GS31_85_lost_had3,all_settings_common_paired,2.392278683809207,1.1281212740477373,4.10845297047094,0.2959891540823969,5.113619635235804,7.505898319045013,0.9997192882679895,0.9999999999999973,1913,1920
functional_conversion0p75,GS65_85_functional_lost_fraction,all_settings_common_paired,0.05911043303836424,0.03174955845843524,0.09694285662844411,0.007040554648991401,0.13948046366845968,0.19859089670682384,0.9997192882679895,0.9999999999999973,1913,1920
functional_conversion0p75,conditional_yield_loss_GS65_85_b0180_t_ha_per_unit_lai,all_settings_common_paired,0.035324642958634876,0.01732463400730228,0.05929620578012481,0.004415825843065459,0.08779362677424489,0.12311826973287975,0.9997192882679895,0.9999999999999973,1913,1920
functional_conversion0p75,conditional_yield_loss_GS31_85_b0180_t_ha_per_unit_lai,all_settings_common_paired,0.04306101630856571,0.020306182932859268,0.07395215346847686,0.005327804773483144,0.09204515343424448,0.13510616974281017,0.9997192882679895,0.9999999999999973,1913,1920
functional_conversion0p75,any_top3_infection_before85,all_settings_common_paired,-0.0004831923379664976,-0.0008368487828350024,0.0,0.0002478736943515805,1.0,0.9995168076620335,0.9997192882679895,0.9999999999999973,1913,1920
functional_conversion0p75,any_top3_symptom_before85,all_settings_common_paired,-0.0008730114387614883,-0.0011292014941677664,-0.0006127282310644905,0.000433671683034642,1.0,0.9991269885612385,0.9997192882679895,0.9999999999999973,1913,1920
decline_end0_conversion0p5,F1_infection_relative_anthesis_days,within_setting_paired,-4.805212540745319,-8.904077703265843,-1.1811105916979538,1.4137057762825374,-23.735894606668577,-28.541107147413896,0.9955881023503006,0.9993623281986477,1905,1916
decline_end0_conversion0p5,F1_symptom_relative_anthesis_days,within_setting_paired,-3.662050106075757,-6.237267958240005,-1.8166590448540358,0.426424878194657,-9.446662192956387,-13.108712299032142,0.9909597794096021,0.9969956556995896,1898,1909
decline_end0_conversion0p5,F2_infection_relative_anthesis_days,within_setting_paired,-7.846256015106637,-12.52734869537834,-3.8365579424742284,2.2746532008919735,-33.37823761039207,-41.224493625498724,0.9971250757638532,0.9993623281986477,1909,1916
decline_end0_conversion0p5,F2_symptom_relative_anthesis_days,within_setting_paired,-5.434860856852709,-9.435566314025229,-2.5101258583519104,0.7654935718298221,-16.924809500335893,-22.3596703571886,0.9959278141101262,0.9984852700646494,1906,1913
decline_end0_conversion0p5,F3_infection_relative_anthesis_days,within_setting_paired,-14.511458179661508,-17.169239869261,-10.936384712676702,3.1544213731537405,-46.68263975341652,-61.19409793307802,0.9991067320369281,0.9999470336213132,1912,1918
decline_end0_conversion0p5,F3_symptom_relative_anthesis_days,within_setting_paired,-9.302480357860084,-14.188248327966651,-5.148480972202277,1.5157355821621583,-25.787044249823783,-35.08952460768386,0.9988707985058298,0.9991067320369281,1912,1916
decline_end0_conversion0p5,GS65_85_lost_had3,within_setting_paired,0.6292114545878661,0.30846017445638363,1.0679179805599757,0.07488735929455352,1.0466486231774097,1.675860077765276,0.9997192882679896,0.9999999999999976,1913,1920
decline_end0_conversion0p5,GS31_85_lost_had3,within_setting_paired,0.9157438008816009,0.4188879124399757,1.6107308579063488,0.10982088101597422,1.2041125735477634,2.119856374429364,0.9997192882679896,0.9999999999999976,1913,1920
decline_end0_conversion0p5,GS65_85_functional_lost_fraction,within_setting_paired,0.03760216053778525,0.01966700430447177,0.06297127026144785,0.004235526238398265,0.05971876152532072,0.09732092206310598,0.9997192882679896,0.9999999999999976,1913,1920
decline_end0_conversion0p5,conditional_yield_loss_GS65_85_b0180_t_ha_per_unit_lai,within_setting_paired,0.011325806182581588,0.005552283140214903,0.019222523650079565,0.001347972467301963,0.018839675217193378,0.030165481399774968,0.9997192882679896,0.9999999999999976,1913,1920
decline_end0_conversion0p5,conditional_yield_loss_GS31_85_b0180_t_ha_per_unit_lai,within_setting_paired,0.016483388415868813,0.007539982423919563,0.02899315544231428,0.001976775858287536,0.021674026323859733,0.03815741473972855,0.9997192882679896,0.9999999999999976,1913,1920
decline_end0_conversion0p5,any_top3_infection_before85,within_setting_paired,-0.0004831923379664976,-0.0008368487828350022,0.0,0.0002478736943515805,1.0,0.9995168076620335,0.9997192882679896,0.9999999999999976,1913,1920
decline_end0_conversion0p5,any_top3_symptom_before85,within_setting_paired,-0.000873011438761488,-0.0011292014941677662,-0.0006127282310644905,0.00043367168303464187,1.0,0.9991269885612385,0.9997192882679896,0.9999999999999976,1913,1920
decline_end0_conversion0p5,F1_infection_relative_anthesis_days,all_settings_common_paired,-5.033885112709259,-9.207282050522862,-1.3399544794712912,1.4704098649535553,-24.207981855119698,-29.241866967828955,0.9418763799748967,0.9752564203497269,1806,1868
decline_end0_conversion0p5,F1_symptom_relative_anthesis_days,all_settings_common_paired,-3.7968258704890245,-6.3228824812033535,-1.8881877619663099,0.45375140523945684,-10.396645151737937,-14.19347102222696,0.8831358841556396,0.9529677347385487,1712,1829
decline_end0_conversion0p5,F2_infection_relative_anthesis_days,all_settings_common_paired,-8.063981904754135,-12.802152961669961,-3.985457416223779,2.339865221898445,-33.73574183250367,-41.79972373725781,0.9643837579356563,0.9838201704443138,1845,1886
decline_end0_conversion0p5,F2_symptom_relative_anthesis_days,all_settings_common_paired,-5.62458545971576,-9.628955225224429,-2.641206111640067,0.8201103309276844,-17.592954156846577,-23.217539616562334,0.9308667762997853,0.9675708930712509,1781,1858
decline_end0_conversion0p5,F3_infection_relative_anthesis_days,all_settings_common_paired,-14.845337090707252,-17.47100066409679,-11.180187990955345,3.202918351290719,-46.94983051614732,-61.79516760685459,0.9787211443080999,0.9903733179430486,1872,1895
decline_end0_conversion0p5,F3_symptom_relative_anthesis_days,all_settings_common_paired,-9.62477414327487,-14.496576357308909,-5.356933230696887,1.5803819265468961,-26.207641304443268,-35.83241544771814,0.9528537238580502,0.982330556079254,1833,1882
decline_end0_conversion0p5,GS65_85_lost_had3,all_settings_common_paired,0.6292114545878663,0.30846017445638363,1.067917980559976,0.07488735929455352,1.0466486231774104,1.6758600777652763,0.9997192882679895,0.9999999999999973,1913,1920
decline_end0_conversion0p5,GS31_85_lost_had3,all_settings_common_paired,0.915743800881601,0.41888791243997564,1.610730857906349,0.10982088101597423,1.2041125735477634,2.119856374429365,0.9997192882679895,0.9999999999999973,1913,1920
decline_end0_conversion0p5,GS65_85_functional_lost_fraction,all_settings_common_paired,0.03760216053778525,0.019667004304471766,0.06297127026144786,0.004235526238398266,0.05971876152532076,0.09732092206310598,0.9997192882679895,0.9999999999999973,1913,1920
decline_end0_conversion0p5,conditional_yield_loss_GS65_85_b0180_t_ha_per_unit_lai,all_settings_common_paired,0.01132580618258159,0.005552283140214906,0.019222523650079565,0.0013479724673019634,0.01883967521719338,0.030165481399774974,0.9997192882679895,0.9999999999999973,1913,1920
decline_end0_conversion0p5,conditional_yield_loss_GS31_85_b0180_t_ha_per_unit_lai,all_settings_common_paired,0.016483388415868817,0.007539982423919565,0.02899315544231428,0.0019767758582875366,0.02167402632385974,0.03815741473972854,0.9997192882679895,0.9999999999999973,1913,1920
decline_end0_conversion0p5,any_top3_infection_before85,all_settings_common_paired,-0.0004831923379664976,-0.0008368487828350024,0.0,0.0002478736943515805,1.0,0.9995168076620335,0.9997192882679895,0.9999999999999973,1913,1920
decline_end0_conversion0p5,any_top3_symptom_before85,all_settings_common_paired,-0.0008730114387614883,-0.0011292014941677664,-0.0006127282310644905,0.000433671683034642,1.0,0.9991269885612385,0.9997192882679895,0.9999999999999973,1913,1920
