cohort,model,stage,observed,matched,mae_days,rmse_days,bias_days,penalized_mae_days
validation,T-P-V,10,12634,12634,5.981320381164551,10.543261528015137,1.93097984790802,5.981320381164551
validation,T-P-V,31,11255,11255,11.638116836547852,15.322178840637207,-0.512039065361023,11.638116836547852
validation,T-P-V,51,11646,11646,6.608277320861816,9.133044242858887,0.7286621928215027,6.608277320861816
validation,T-P-V,85,2585,2585,7.471566677093506,9.762598037719727,-0.43713733553886414,7.471566677093506
validation,lstm,10,12634,12634,4.395520025328478,6.692593114493744,-1.042504353332278,4.395520025328478
validation,lstm,31,11255,11255,11.232341181697024,14.821742526864112,-0.3603731674811195,11.232341181697024
validation,lstm,51,11646,11646,6.172333848531685,8.704988986062357,0.9628198523098059,6.172333848531685
validation,lstm,85,2585,2585,6.7825918762088975,8.880443817650816,-0.6928433268858801,6.7825918762088975
validation,tcn,10,12634,12634,4.387604875732151,6.689943402300017,-1.373041000474909,4.387604875732151
validation,tcn,31,11255,11255,11.226477121279432,14.821910372791596,-0.5083962683251888,11.226477121279432
validation,tcn,51,11646,11646,6.126738794435858,8.631154206912301,0.3323029366306028,6.126738794435858
validation,tcn,85,2585,2585,6.758607350096712,8.84242017685991,0.0011605415860735009,6.758607350096712
testing,T-P-V,10,13459,13459,6.033880710601807,10.2894287109375,1.9066795110702515,6.033880710601807
testing,T-P-V,31,12115,12115,11.587865829467773,15.263434410095215,-0.8370614647865295,11.587865829467773
testing,T-P-V,51,12546,12546,6.8440141677856445,9.540140151977539,0.4666826128959656,6.8440141677856445
testing,T-P-V,85,2754,2754,7.44625997543335,9.616182327270508,-0.26325345039367676,7.44625997543335
testing,lstm,10,13459,13459,4.428709413775169,6.574813644184489,-1.0892339698343116,4.428709413775169
testing,lstm,31,12115,12115,11.057201815930664,14.569406375899462,-0.7552620718118036,11.057201815930664
testing,lstm,51,12546,12546,6.41861948031245,9.099981343362506,0.7039693926351028,6.41861948031245
testing,lstm,85,2754,2754,6.883805374001453,8.98336233478611,-0.6550472040668119,6.883805374001453
testing,tcn,10,13459,13459,4.436882383535181,6.592351477381754,-1.3897020581023851,4.436882383535181
testing,tcn,31,12115,12115,11.062567065621131,14.55033814295352,-0.8847709451093686,11.062567065621131
testing,tcn,51,12546,12546,6.387613582018173,9.042317749457915,0.07914873266379722,6.387613582018173
testing,tcn,85,2754,2754,6.827523602033406,8.904663290795453,0.09840232389251997,6.827523602033406
