mixture_plot_id,environment_id,site_id,year,block,composition_id,control_group,constituent_1,constituent_2,control_1_ids,control_2_ids,control_1_n,control_2_n,control_1_mean_t_ha,control_2_mean_t_ha,yield_t_ha,baseline_t_ha,delta_t_ha,relative_percent,hindsight_best_delta_t_ha,density,inference_class,causal_contrast,current_source_lines,previous_source_lines,prot_mixture,prot_baseline,prot_delta,prot_control_ids,phl_mixture,phl_baseline,phl_delta,phl_control_ids
2019_1260_9,CH_1260_2019,1260,2019,1,111.15759|FALOTTA,40,111.15759,FALOTTA,CH_pub_lines_815|CH_pub_lines_816|CH_pub_lines_817,CH_pub_lines_2520|CH_pub_lines_2521|CH_pub_lines_2522,3,3,7.30333333333,6.94,6.31,7.12166666667,-0.811666666667,-11.3971448631,-0.993333333333,350,noncausal_matched_source_diagnostic,False,2,2,9.1,11,-1.9,CH_pub_lines_815;CH_pub_lines_2520,82,85.9333333333,-3.93333333333,CH_pub_lines_815|CH_pub_lines_816|CH_pub_lines_817;CH_pub_lines_2520|CH_pub_lines_2521|CH_pub_lines_2522
2019_1260_33,CH_1260_2019,1260,2019,2,111.15759|FALOTTA,40,111.15759,FALOTTA,CH_pub_lines_815|CH_pub_lines_816|CH_pub_lines_817,CH_pub_lines_2520|CH_pub_lines_2521|CH_pub_lines_2522,3,3,7.30333333333,6.94,7.52,7.12166666667,0.398333333333,5.59326000468,0.216666666667,350,noncausal_matched_source_diagnostic,False,3,3,9.1,11,-1.9,CH_pub_lines_815;CH_pub_lines_2520,82.2,85.9333333333,-3.73333333333,CH_pub_lines_815|CH_pub_lines_816|CH_pub_lines_817;CH_pub_lines_2520|CH_pub_lines_2521|CH_pub_lines_2522
2019_1260_72,CH_1260_2019,1260,2019,3,111.15759|FALOTTA,40,111.15759,FALOTTA,CH_pub_lines_815|CH_pub_lines_816|CH_pub_lines_817,CH_pub_lines_2520|CH_pub_lines_2521|CH_pub_lines_2522,3,3,7.30333333333,6.94,7.01,7.12166666667,-0.111666666667,-1.56798502223,-0.293333333333,350,noncausal_matched_source_diagnostic,False,4,4,9.1,11,-1.9,CH_pub_lines_815;CH_pub_lines_2520,82,85.9333333333,-3.93333333333,CH_pub_lines_815|CH_pub_lines_816|CH_pub_lines_817;CH_pub_lines_2520|CH_pub_lines_2521|CH_pub_lines_2522
2019_1567_19,CH_1567_2019,1567,2019,1,111.15759|FALOTTA,40,111.15759,FALOTTA,CH_pub_lines_821|CH_pub_lines_822|CH_pub_lines_823,CH_pub_lines_2526|CH_pub_lines_2527|CH_pub_lines_2528,3,3,7.57666666667,7.65333333333,7.83,7.615,0.215,2.82337491793,0.176666666667,350,noncausal_matched_source_diagnostic,False,5,5,11.8,11.35,0.45,CH_pub_lines_821;CH_pub_lines_2526,76.4,80.5,-4.1,CH_pub_lines_821|CH_pub_lines_822|CH_pub_lines_823;CH_pub_lines_2526|CH_pub_lines_2527|CH_pub_lines_2528
2019_1567_41,CH_1567_2019,1567,2019,2,111.15759|FALOTTA,40,111.15759,FALOTTA,CH_pub_lines_821|CH_pub_lines_822|CH_pub_lines_823,CH_pub_lines_2526|CH_pub_lines_2527|CH_pub_lines_2528,3,3,7.57666666667,7.65333333333,7.71,7.615,0.095,1.24753775443,0.0566666666667,350,noncausal_matched_source_diagnostic,False,6,6,11.8,11.35,0.45,CH_pub_lines_821;CH_pub_lines_2526,81.4,80.5,0.9,CH_pub_lines_821|CH_pub_lines_822|CH_pub_lines_823;CH_pub_lines_2526|CH_pub_lines_2527|CH_pub_lines_2528
2019_1567_63,CH_1567_2019,1567,2019,3,111.15759|FALOTTA,40,111.15759,FALOTTA,CH_pub_lines_821|CH_pub_lines_822|CH_pub_lines_823,CH_pub_lines_2526|CH_pub_lines_2527|CH_pub_lines_2528,3,3,7.57666666667,7.65333333333,8.03,7.615,0.415,5.44977019041,0.376666666667,350,noncausal_matched_source_diagnostic,False,7,7,11.8,11.35,0.45,CH_pub_lines_821;CH_pub_lines_2526,78,80.5,-2.5,CH_pub_lines_821|CH_pub_lines_822|CH_pub_lines_823;CH_pub_lines_2526|CH_pub_lines_2527|CH_pub_lines_2528
2019_8566_17,CH_8566_2019,8566,2019,1,111.15759|FALOTTA,40,111.15759,FALOTTA,CH_pub_lines_839|CH_pub_lines_840|CH_pub_lines_841,CH_pub_lines_2544|CH_pub_lines_2545|CH_pub_lines_2546,3,3,7.49666666667,7.51333333333,7.22,7.505,-0.285,-3.79746835443,-0.293333333333,400,noncausal_matched_source_diagnostic,False,14,14,13.6,14.25,-0.65,CH_pub_lines_839;CH_pub_lines_2544,76.6,79.3666666667,-2.76666666667,CH_pub_lines_839|CH_pub_lines_840|CH_pub_lines_841;CH_pub_lines_2544|CH_pub_lines_2545|CH_pub_lines_2546
2019_8566_28,CH_8566_2019,8566,2019,2,111.15759|FALOTTA,40,111.15759,FALOTTA,CH_pub_lines_839|CH_pub_lines_840|CH_pub_lines_841,CH_pub_lines_2544|CH_pub_lines_2545|CH_pub_lines_2546,3,3,7.49666666667,7.51333333333,7.28,7.505,-0.225,-2.99800133245,-0.233333333333,400,noncausal_matched_source_diagnostic,False,15,15,13.6,14.25,-0.65,CH_pub_lines_839;CH_pub_lines_2544,79.4,79.3666666667,0.0333333333333,CH_pub_lines_839|CH_pub_lines_840|CH_pub_lines_841;CH_pub_lines_2544|CH_pub_lines_2545|CH_pub_lines_2546
2019_8566_74,CH_8566_2019,8566,2019,3,111.15759|FALOTTA,40,111.15759,FALOTTA,CH_pub_lines_839|CH_pub_lines_840|CH_pub_lines_841,CH_pub_lines_2544|CH_pub_lines_2545|CH_pub_lines_2546,3,3,7.49666666667,7.51333333333,7.39,7.505,-0.115,-1.53231179214,-0.123333333333,400,noncausal_matched_source_diagnostic,False,16,16,13.6,14.25,-0.65,CH_pub_lines_839;CH_pub_lines_2544,77.6,79.3666666667,-1.76666666667,CH_pub_lines_839|CH_pub_lines_840|CH_pub_lines_841;CH_pub_lines_2544|CH_pub_lines_2545|CH_pub_lines_2546
2020_1260_13,CH_1260_2020,1260,2020,1,111.16224|111.16278,32,111.16224,111.16278,CH_pub_lines_930|CH_pub_lines_931|CH_pub_lines_932,CH_pub_lines_957|CH_pub_lines_958|CH_pub_lines_959,3,3,8.82333333333,9.48333333333,9.25,9.15333333333,0.0966666666667,1.0560815732,-0.233333333333,350,noncausal_matched_source_diagnostic,False,62,118,13,12.8,0.2,CH_pub_lines_930;CH_pub_lines_957,83.4,82.2166666667,1.18333333333,CH_pub_lines_930|CH_pub_lines_931|CH_pub_lines_932;CH_pub_lines_957|CH_pub_lines_958|CH_pub_lines_959
2020_1260_50,CH_1260_2020,1260,2020,2,111.16224|111.16278,32,111.16224,111.16278,CH_pub_lines_930|CH_pub_lines_931|CH_pub_lines_932,CH_pub_lines_957|CH_pub_lines_958|CH_pub_lines_959,3,3,8.82333333333,9.48333333333,7.15,9.15333333333,-2.00333333333,-21.8863801894,-2.33333333333,350,noncausal_matched_source_diagnostic,False,63,119,13,12.8,0.2,CH_pub_lines_930;CH_pub_lines_957,83.3,82.2166666667,1.08333333333,CH_pub_lines_930|CH_pub_lines_931|CH_pub_lines_932;CH_pub_lines_957|CH_pub_lines_958|CH_pub_lines_959
2020_1260_57,CH_1260_2020,1260,2020,3,111.16224|111.16278,32,111.16224,111.16278,CH_pub_lines_930|CH_pub_lines_931|CH_pub_lines_932,CH_pub_lines_957|CH_pub_lines_958|CH_pub_lines_959,3,3,8.82333333333,9.48333333333,7.93,9.15333333333,-1.22333333333,-13.3648943918,-1.55333333333,350,noncausal_matched_source_diagnostic,False,64,120,13,12.8,0.2,CH_pub_lines_930;CH_pub_lines_957,83.5,82.2166666667,1.28333333333,CH_pub_lines_930|CH_pub_lines_931|CH_pub_lines_932;CH_pub_lines_957|CH_pub_lines_958|CH_pub_lines_959
2020_1567_38,CH_1567_2020,1567,2020,2,111.16224|111.16278,32,111.16224,111.16278,CH_pub_lines_934,CH_pub_lines_961|CH_pub_lines_962,1,2,6.83,8.235,7.81,7.5325,0.2775,3.68403584467,-0.425,350,noncausal_matched_source_diagnostic,False,66,122,12.3,12.85,-0.55,CH_pub_lines_934;CH_pub_lines_961,76.6,77.35,-0.75,CH_pub_lines_934;CH_pub_lines_961|CH_pub_lines_962
2020_1567_67,CH_1567_2020,1567,2020,3,111.16224|111.16278,32,111.16224,111.16278,CH_pub_lines_934,CH_pub_lines_961|CH_pub_lines_962,1,2,6.83,8.235,7.94,7.5325,0.4075,5.40989047461,-0.295,350,noncausal_matched_source_diagnostic,False,67,123,12.3,12.85,-0.55,CH_pub_lines_934;CH_pub_lines_961,76.8,77.35,-0.55,CH_pub_lines_934;CH_pub_lines_961|CH_pub_lines_962
2020_3428_11,CH_3428_2020,3428,2020,1,111.16224|111.16278,32,111.16224,111.16278,CH_pub_lines_936|CH_pub_lines_937|CH_pub_lines_938,CH_pub_lines_963|CH_pub_lines_964|CH_pub_lines_965,3,3,7.78333333333,9.82666666667,9.38,8.805,0.575,6.53038046564,-0.446666666667,400,noncausal_matched_source_diagnostic,False,68,124,12.2,12.35,-0.15,CH_pub_lines_936;CH_pub_lines_963,79.8,81.3666666667,-1.56666666667,CH_pub_lines_936|CH_pub_lines_937|CH_pub_lines_938;CH_pub_lines_963|CH_pub_lines_964|CH_pub_lines_965
2020_3428_33,CH_3428_2020,3428,2020,2,111.16224|111.16278,32,111.16224,111.16278,CH_pub_lines_936|CH_pub_lines_937|CH_pub_lines_938,CH_pub_lines_963|CH_pub_lines_964|CH_pub_lines_965,3,3,7.78333333333,9.82666666667,9.37,8.805,0.565,6.41680863146,-0.456666666667,400,noncausal_matched_source_diagnostic,False,69,125,12.2,12.35,-0.15,CH_pub_lines_936;CH_pub_lines_963,79.3,81.3666666667,-2.06666666667,CH_pub_lines_936|CH_pub_lines_937|CH_pub_lines_938;CH_pub_lines_963|CH_pub_lines_964|CH_pub_lines_965
2020_3428_74,CH_3428_2020,3428,2020,3,111.16224|111.16278,32,111.16224,111.16278,CH_pub_lines_936|CH_pub_lines_937|CH_pub_lines_938,CH_pub_lines_963|CH_pub_lines_964|CH_pub_lines_965,3,3,7.78333333333,9.82666666667,9.06,8.805,0.255,2.89608177172,-0.766666666667,400,noncausal_matched_source_diagnostic,False,70,126,12.2,12.35,-0.15,CH_pub_lines_936;CH_pub_lines_963,79.3,81.3666666667,-2.06666666667,CH_pub_lines_936|CH_pub_lines_937|CH_pub_lines_938;CH_pub_lines_963|CH_pub_lines_964|CH_pub_lines_965
2020_8566_16,CH_8566_2020,8566,2020,1,111.16224|111.16278,32,111.16224,111.16278,CH_pub_lines_939|CH_pub_lines_940|CH_pub_lines_941,CH_pub_lines_966|CH_pub_lines_967|CH_pub_lines_968,3,3,8.85666666667,8.91,10.79,8.88333333333,1.90666666667,21.4634146341,1.88,400,noncausal_matched_source_diagnostic,False,74,130,11.8,12.1,-0.3,CH_pub_lines_939;CH_pub_lines_966,78.7,78.3166666667,0.383333333333,CH_pub_lines_939|CH_pub_lines_940|CH_pub_lines_941;CH_pub_lines_966|CH_pub_lines_967|CH_pub_lines_968
2020_8566_29,CH_8566_2020,8566,2020,2,111.16224|111.16278,32,111.16224,111.16278,CH_pub_lines_939|CH_pub_lines_940|CH_pub_lines_941,CH_pub_lines_966|CH_pub_lines_967|CH_pub_lines_968,3,3,8.85666666667,8.91,8.7,8.88333333333,-0.183333333333,-2.06378986867,-0.21,400,noncausal_matched_source_diagnostic,False,75,131,11.8,12.1,-0.3,CH_pub_lines_939;CH_pub_lines_966,77.7,78.3166666667,-0.616666666667,CH_pub_lines_939|CH_pub_lines_940|CH_pub_lines_941;CH_pub_lines_966|CH_pub_lines_967|CH_pub_lines_968
2020_8566_60,CH_8566_2020,8566,2020,3,111.16224|111.16278,32,111.16224,111.16278,CH_pub_lines_939|CH_pub_lines_940|CH_pub_lines_941,CH_pub_lines_966|CH_pub_lines_967|CH_pub_lines_968,3,3,8.85666666667,8.91,6.68,8.88333333333,-2.20333333333,-24.8030018762,-2.23,400,noncausal_matched_source_diagnostic,False,76,132,11.8,12.1,-0.3,CH_pub_lines_939;CH_pub_lines_966,78,78.3166666667,-0.316666666667,CH_pub_lines_939|CH_pub_lines_940|CH_pub_lines_941;CH_pub_lines_966|CH_pub_lines_967|CH_pub_lines_968
2020_1260_23,CH_1260_2020,1260,2020,1,ALPVAL|CADLIMO,1,ALPVAL,CADLIMO,CH_pub_lines_1060|CH_pub_lines_1061|CH_pub_lines_1062,CH_pub_lines_1684|CH_pub_lines_1685|CH_pub_lines_1686,3,3,10.1533333333,10.3633333333,8.45,10.2583333333,-1.80833333333,-17.6279447604,-1.91333333333,350,noncausal_matched_source_diagnostic,False,92,148,12.6,12.4,0.2,CH_pub_lines_1060;CH_pub_lines_1684,84.6,70.5833333333,14.0166666667,CH_pub_lines_1060|CH_pub_lines_1061|CH_pub_lines_1062;CH_pub_lines_1684|CH_pub_lines_1685|CH_pub_lines_1686
2020_1260_23,CH_1260_2020,1260,2020,1,ALPVAL|CADLIMO,42,ALPVAL,CADLIMO,CH_pub_lines_1137|CH_pub_lines_1138|CH_pub_lines_1139,CH_pub_lines_1792|CH_pub_lines_1793|CH_pub_lines_1794,3,3,8.66666666667,7.85,8.45,8.25833333333,0.191666666667,2.32088799193,-0.216666666667,350,noncausal_matched_source_diagnostic,False,92,148,12.6,13.5666666667,-0.966666666667,CH_pub_lines_1137|CH_pub_lines_1138|CH_pub_lines_1139;CH_pub_lines_1792|CH_pub_lines_1793|CH_pub_lines_1794,84.6,81.9666666667,2.63333333333,CH_pub_lines_1137|CH_pub_lines_1138|CH_pub_lines_1139;CH_pub_lines_1792|CH_pub_lines_1793|CH_pub_lines_1794
2020_1260_29,CH_1260_2020,1260,2020,2,ALPVAL|CADLIMO,1,ALPVAL,CADLIMO,CH_pub_lines_1060|CH_pub_lines_1061|CH_pub_lines_1062,CH_pub_lines_1684|CH_pub_lines_1685|CH_pub_lines_1686,3,3,10.1533333333,10.3633333333,7.92,10.2583333333,-2.33833333333,-22.7944760357,-2.44333333333,350,noncausal_matched_source_diagnostic,False,93,149,12.6,12.4,0.2,CH_pub_lines_1060;CH_pub_lines_1684,85,70.5833333333,14.4166666667,CH_pub_lines_1060|CH_pub_lines_1061|CH_pub_lines_1062;CH_pub_lines_1684|CH_pub_lines_1685|CH_pub_lines_1686
2020_1260_29,CH_1260_2020,1260,2020,2,ALPVAL|CADLIMO,42,ALPVAL,CADLIMO,CH_pub_lines_1137|CH_pub_lines_1138|CH_pub_lines_1139,CH_pub_lines_1792|CH_pub_lines_1793|CH_pub_lines_1794,3,3,8.66666666667,7.85,7.92,8.25833333333,-0.338333333333,-4.09687184662,-0.746666666667,350,noncausal_matched_source_diagnostic,False,93,149,12.6,13.5666666667,-0.966666666667,CH_pub_lines_1137|CH_pub_lines_1138|CH_pub_lines_1139;CH_pub_lines_1792|CH_pub_lines_1793|CH_pub_lines_1794,85,81.9666666667,3.03333333333,CH_pub_lines_1137|CH_pub_lines_1138|CH_pub_lines_1139;CH_pub_lines_1792|CH_pub_lines_1793|CH_pub_lines_1794
2020_1260_61,CH_1260_2020,1260,2020,3,ALPVAL|CADLIMO,1,ALPVAL,CADLIMO,CH_pub_lines_1060|CH_pub_lines_1061|CH_pub_lines_1062,CH_pub_lines_1684|CH_pub_lines_1685|CH_pub_lines_1686,3,3,10.1533333333,10.3633333333,6.8,10.2583333333,-3.45833333333,-33.7124289196,-3.56333333333,350,noncausal_matched_source_diagnostic,False,94,150,12.6,12.4,0.2,CH_pub_lines_1060;CH_pub_lines_1684,84.3,70.5833333333,13.7166666667,CH_pub_lines_1060|CH_pub_lines_1061|CH_pub_lines_1062;CH_pub_lines_1684|CH_pub_lines_1685|CH_pub_lines_1686
2020_1260_61,CH_1260_2020,1260,2020,3,ALPVAL|CADLIMO,42,ALPVAL,CADLIMO,CH_pub_lines_1137|CH_pub_lines_1138|CH_pub_lines_1139,CH_pub_lines_1792|CH_pub_lines_1793|CH_pub_lines_1794,3,3,8.66666666667,7.85,6.8,8.25833333333,-1.45833333333,-17.6589303734,-1.86666666667,350,noncausal_matched_source_diagnostic,False,94,150,12.6,13.5666666667,-0.966666666667,CH_pub_lines_1137|CH_pub_lines_1138|CH_pub_lines_1139;CH_pub_lines_1792|CH_pub_lines_1793|CH_pub_lines_1794,84.3,81.9666666667,2.33333333333,CH_pub_lines_1137|CH_pub_lines_1138|CH_pub_lines_1139;CH_pub_lines_1792|CH_pub_lines_1793|CH_pub_lines_1794
2020_1567_36,CH_1567_2020,1567,2020,2,ALPVAL|CADLIMO,1,ALPVAL,CADLIMO,CH_pub_lines_1063|CH_pub_lines_1066,CH_pub_lines_1687|CH_pub_lines_1690,2,2,6.45,7.205,7.69,6.8275,0.8625,12.6327352618,0.485,350,noncausal_matched_source_diagnostic,False,96,152,14,13.85,0.15,CH_pub_lines_1063;CH_pub_lines_1687,77.9,77.45,0.45,CH_pub_lines_1063|CH_pub_lines_1066;CH_pub_lines_1687|CH_pub_lines_1690
2020_1567_69,CH_1567_2020,1567,2020,3,ALPVAL|CADLIMO,1,ALPVAL,CADLIMO,CH_pub_lines_1063|CH_pub_lines_1066,CH_pub_lines_1687|CH_pub_lines_1690,2,2,6.45,7.205,6.9,6.8275,0.0725,1.06188209447,-0.305,350,noncausal_matched_source_diagnostic,False,97,153,14,13.85,0.15,CH_pub_lines_1063;CH_pub_lines_1687,79.1,77.45,1.65,CH_pub_lines_1063|CH_pub_lines_1066;CH_pub_lines_1687|CH_pub_lines_1690
2019_1260_23,CH_1260_2019,1260,2019,1,ALPVAL|FALOTTA,40,ALPVAL,FALOTTA,CH_pub_lines_1110|CH_pub_lines_1111|CH_pub_lines_1112,CH_pub_lines_2520|CH_pub_lines_2521|CH_pub_lines_2522,3,3,7.33333333333,6.94,5.7,7.13666666667,-1.43666666667,-20.1307800093,-1.63333333333,350,noncausal_matched_source_diagnostic,False,107,191,9.8,11.05,-1.25,CH_pub_lines_1110;CH_pub_lines_2520,81.9,85.2666666667,-3.36666666667,CH_pub_lines_1110|CH_pub_lines_1111|CH_pub_lines_1112;CH_pub_lines_2520|CH_pub_lines_2521|CH_pub_lines_2522
2019_1260_46,CH_1260_2019,1260,2019,2,ALPVAL|FALOTTA,40,ALPVAL,FALOTTA,CH_pub_lines_1110|CH_pub_lines_1111|CH_pub_lines_1112,CH_pub_lines_2520|CH_pub_lines_2521|CH_pub_lines_2522,3,3,7.33333333333,6.94,6.72,7.13666666667,-0.416666666667,-5.83839327417,-0.613333333333,350,noncausal_matched_source_diagnostic,False,108,192,9.8,11.05,-1.25,CH_pub_lines_1110;CH_pub_lines_2520,82.6,85.2666666667,-2.66666666667,CH_pub_lines_1110|CH_pub_lines_1111|CH_pub_lines_1112;CH_pub_lines_2520|CH_pub_lines_2521|CH_pub_lines_2522
2019_1260_55,CH_1260_2019,1260,2019,3,ALPVAL|FALOTTA,40,ALPVAL,FALOTTA,CH_pub_lines_1110|CH_pub_lines_1111|CH_pub_lines_1112,CH_pub_lines_2520|CH_pub_lines_2521|CH_pub_lines_2522,3,3,7.33333333333,6.94,6.89,7.13666666667,-0.246666666667,-3.45632881831,-0.443333333333,350,noncausal_matched_source_diagnostic,False,109,193,9.8,11.05,-1.25,CH_pub_lines_1110;CH_pub_lines_2520,82.9,85.2666666667,-2.36666666667,CH_pub_lines_1110|CH_pub_lines_1111|CH_pub_lines_1112;CH_pub_lines_2520|CH_pub_lines_2521|CH_pub_lines_2522
2019_1567_11,CH_1567_2019,1567,2019,1,ALPVAL|FALOTTA,40,ALPVAL,FALOTTA,CH_pub_lines_1116|CH_pub_lines_1117|CH_pub_lines_1118,CH_pub_lines_2526|CH_pub_lines_2527|CH_pub_lines_2528,3,3,7.54333333333,7.65333333333,7.51,7.59833333333,-0.0883333333333,-1.16253564378,-0.143333333333,350,noncausal_matched_source_diagnostic,False,110,194,12.5,11.4,1.1,CH_pub_lines_1116;CH_pub_lines_2526,81.7,80.5666666667,1.13333333333,CH_pub_lines_1116|CH_pub_lines_1117|CH_pub_lines_1118;CH_pub_lines_2526|CH_pub_lines_2527|CH_pub_lines_2528
2019_1567_57,CH_1567_2019,1567,2019,3,ALPVAL|FALOTTA,40,ALPVAL,FALOTTA,CH_pub_lines_1116|CH_pub_lines_1117|CH_pub_lines_1118,CH_pub_lines_2526|CH_pub_lines_2527|CH_pub_lines_2528,3,3,7.54333333333,7.65333333333,8.34,7.59833333333,0.741666666667,9.76091248081,0.686666666667,350,noncausal_matched_source_diagnostic,False,112,196,12.5,11.4,1.1,CH_pub_lines_1116;CH_pub_lines_2526,80.7,80.5666666667,0.133333333333,CH_pub_lines_1116|CH_pub_lines_1117|CH_pub_lines_1118;CH_pub_lines_2526|CH_pub_lines_2527|CH_pub_lines_2528
2019_8566_24,CH_8566_2019,8566,2019,1,ALPVAL|FALOTTA,40,ALPVAL,FALOTTA,CH_pub_lines_1134|CH_pub_lines_1135|CH_pub_lines_1136,CH_pub_lines_2544|CH_pub_lines_2545|CH_pub_lines_2546,3,3,8.03333333333,7.51333333333,7.66,7.77333333333,-0.113333333333,-1.45797598628,-0.373333333333,400,noncausal_matched_source_diagnostic,False,119,203,15.4,14.7,0.7,CH_pub_lines_1134;CH_pub_lines_2544,80.3,79.7166666667,0.583333333333,CH_pub_lines_1134|CH_pub_lines_1135|CH_pub_lines_1136;CH_pub_lines_2544|CH_pub_lines_2545|CH_pub_lines_2546
2019_8566_49,CH_8566_2019,8566,2019,2,ALPVAL|FALOTTA,40,ALPVAL,FALOTTA,CH_pub_lines_1134|CH_pub_lines_1135|CH_pub_lines_1136,CH_pub_lines_2544|CH_pub_lines_2545|CH_pub_lines_2546,3,3,8.03333333333,7.51333333333,7.69,7.77333333333,-0.0833333333333,-1.07204116638,-0.343333333333,400,noncausal_matched_source_diagnostic,False,120,204,15.4,14.7,0.7,CH_pub_lines_1134;CH_pub_lines_2544,80.8,79.7166666667,1.08333333333,CH_pub_lines_1134|CH_pub_lines_1135|CH_pub_lines_1136;CH_pub_lines_2544|CH_pub_lines_2545|CH_pub_lines_2546
2019_8566_55,CH_8566_2019,8566,2019,3,ALPVAL|FALOTTA,40,ALPVAL,FALOTTA,CH_pub_lines_1134|CH_pub_lines_1135|CH_pub_lines_1136,CH_pub_lines_2544|CH_pub_lines_2545|CH_pub_lines_2546,3,3,8.03333333333,7.51333333333,7.37,7.77333333333,-0.403333333333,-5.18867924528,-0.663333333333,400,noncausal_matched_source_diagnostic,False,121,205,15.4,14.7,0.7,CH_pub_lines_1134;CH_pub_lines_2544,79.5,79.7166666667,-0.216666666667,CH_pub_lines_1134|CH_pub_lines_1135|CH_pub_lines_1136;CH_pub_lines_2544|CH_pub_lines_2545|CH_pub_lines_2546
2020_1260_5,CH_1260_2020,1260,2020,1,ALPVAL|FALOTTA,1,ALPVAL,FALOTTA,CH_pub_lines_1060|CH_pub_lines_1061|CH_pub_lines_1062,CH_pub_lines_2470|CH_pub_lines_2471|CH_pub_lines_2472,3,3,10.1533333333,10.78,7.87,10.4666666667,-2.59666666667,-24.8089171975,-2.91,350,noncausal_matched_source_diagnostic,False,122,206,12.8,12.95,-0.15,CH_pub_lines_1060;CH_pub_lines_2470,83.9,67.0333333333,16.8666666667,CH_pub_lines_1060|CH_pub_lines_1061|CH_pub_lines_1062;CH_pub_lines_2470|CH_pub_lines_2471|CH_pub_lines_2472
2020_1260_5,CH_1260_2020,1260,2020,1,ALPVAL|FALOTTA,42,ALPVAL,FALOTTA,CH_pub_lines_1137|CH_pub_lines_1138|CH_pub_lines_1139,CH_pub_lines_2547|CH_pub_lines_2548|CH_pub_lines_2549,3,3,8.66666666667,7.66666666667,7.87,8.16666666667,-0.296666666667,-3.63265306122,-0.796666666667,350,noncausal_matched_source_diagnostic,False,122,206,12.8,13.9,-1.1,CH_pub_lines_1137|CH_pub_lines_1138|CH_pub_lines_1139;CH_pub_lines_2547|CH_pub_lines_2548|CH_pub_lines_2549,83.9,81.9333333333,1.96666666667,CH_pub_lines_1137|CH_pub_lines_1138|CH_pub_lines_1139;CH_pub_lines_2547|CH_pub_lines_2548|CH_pub_lines_2549
2020_1260_39,CH_1260_2020,1260,2020,2,ALPVAL|FALOTTA,1,ALPVAL,FALOTTA,CH_pub_lines_1060|CH_pub_lines_1061|CH_pub_lines_1062,CH_pub_lines_2470|CH_pub_lines_2471|CH_pub_lines_2472,3,3,10.1533333333,10.78,6.91,10.4666666667,-3.55666666667,-33.9808917197,-3.87,350,noncausal_matched_source_diagnostic,False,123,207,12.8,12.95,-0.15,CH_pub_lines_1060;CH_pub_lines_2470,84.2,67.0333333333,17.1666666667,CH_pub_lines_1060|CH_pub_lines_1061|CH_pub_lines_1062;CH_pub_lines_2470|CH_pub_lines_2471|CH_pub_lines_2472
2020_1260_39,CH_1260_2020,1260,2020,2,ALPVAL|FALOTTA,42,ALPVAL,FALOTTA,CH_pub_lines_1137|CH_pub_lines_1138|CH_pub_lines_1139,CH_pub_lines_2547|CH_pub_lines_2548|CH_pub_lines_2549,3,3,8.66666666667,7.66666666667,6.91,8.16666666667,-1.25666666667,-15.387755102,-1.75666666667,350,noncausal_matched_source_diagnostic,False,123,207,12.8,13.9,-1.1,CH_pub_lines_1137|CH_pub_lines_1138|CH_pub_lines_1139;CH_pub_lines_2547|CH_pub_lines_2548|CH_pub_lines_2549,84.2,81.9333333333,2.26666666667,CH_pub_lines_1137|CH_pub_lines_1138|CH_pub_lines_1139;CH_pub_lines_2547|CH_pub_lines_2548|CH_pub_lines_2549
2020_1260_71,CH_1260_2020,1260,2020,3,ALPVAL|FALOTTA,1,ALPVAL,FALOTTA,CH_pub_lines_1060|CH_pub_lines_1061|CH_pub_lines_1062,CH_pub_lines_2470|CH_pub_lines_2471|CH_pub_lines_2472,3,3,10.1533333333,10.78,6.74,10.4666666667,-3.72666666667,-35.6050955414,-4.04,350,noncausal_matched_source_diagnostic,False,124,208,12.8,12.95,-0.15,CH_pub_lines_1060;CH_pub_lines_2470,83.8,67.0333333333,16.7666666667,CH_pub_lines_1060|CH_pub_lines_1061|CH_pub_lines_1062;CH_pub_lines_2470|CH_pub_lines_2471|CH_pub_lines_2472
2020_1260_71,CH_1260_2020,1260,2020,3,ALPVAL|FALOTTA,42,ALPVAL,FALOTTA,CH_pub_lines_1137|CH_pub_lines_1138|CH_pub_lines_1139,CH_pub_lines_2547|CH_pub_lines_2548|CH_pub_lines_2549,3,3,8.66666666667,7.66666666667,6.74,8.16666666667,-1.42666666667,-17.4693877551,-1.92666666667,350,noncausal_matched_source_diagnostic,False,124,208,12.8,13.9,-1.1,CH_pub_lines_1137|CH_pub_lines_1138|CH_pub_lines_1139;CH_pub_lines_2547|CH_pub_lines_2548|CH_pub_lines_2549,83.8,81.9333333333,1.86666666667,CH_pub_lines_1137|CH_pub_lines_1138|CH_pub_lines_1139;CH_pub_lines_2547|CH_pub_lines_2548|CH_pub_lines_2549
2020_1567_40,CH_1567_2020,1567,2020,2,ALPVAL|FALOTTA,1,ALPVAL,FALOTTA,CH_pub_lines_1063|CH_pub_lines_1066,CH_pub_lines_2473|CH_pub_lines_2476,2,2,6.45,6.33,6.17,6.39,-0.22,-3.44287949922,-0.28,350,noncausal_matched_source_diagnostic,False,126,210,14.3,13.65,0.65,CH_pub_lines_1063;CH_pub_lines_2473,78.4,78.475,-0.075,CH_pub_lines_1063|CH_pub_lines_1066;CH_pub_lines_2473|CH_pub_lines_2476
2020_1567_58,CH_1567_2020,1567,2020,3,ALPVAL|FALOTTA,1,ALPVAL,FALOTTA,CH_pub_lines_1063|CH_pub_lines_1066,CH_pub_lines_2473|CH_pub_lines_2476,2,2,6.45,6.33,6.15,6.39,-0.24,-3.7558685446,-0.3,350,noncausal_matched_source_diagnostic,False,127,211,14.3,13.65,0.65,CH_pub_lines_1063;CH_pub_lines_2473,77.8,78.475,-0.675,CH_pub_lines_1063|CH_pub_lines_1066;CH_pub_lines_2473|CH_pub_lines_2476
2019_1260_10,CH_1260_2019,1260,2019,1,ALPVAL|SCHILTHORN,40,ALPVAL,SCHILTHORN,CH_pub_lines_1110|CH_pub_lines_1111|CH_pub_lines_1112,CH_pub_lines_3827|CH_pub_lines_3828|CH_pub_lines_3829,3,3,7.33333333333,6.81333333333,5.64,7.07333333333,-1.43333333333,-20.2639019793,-1.69333333333,350,noncausal_matched_source_diagnostic,False,137,249,9.5,11.5,-2,CH_pub_lines_1110;CH_pub_lines_3827,80.6,84.9,-4.3,CH_pub_lines_1110|CH_pub_lines_1111|CH_pub_lines_1112;CH_pub_lines_3827|CH_pub_lines_3828|CH_pub_lines_3829
2019_1260_43,CH_1260_2019,1260,2019,2,ALPVAL|SCHILTHORN,40,ALPVAL,SCHILTHORN,CH_pub_lines_1110|CH_pub_lines_1111|CH_pub_lines_1112,CH_pub_lines_3827|CH_pub_lines_3828|CH_pub_lines_3829,3,3,7.33333333333,6.81333333333,6.63,7.07333333333,-0.443333333333,-6.26767200754,-0.703333333333,350,noncausal_matched_source_diagnostic,False,138,250,9.5,11.5,-2,CH_pub_lines_1110;CH_pub_lines_3827,81.8,84.9,-3.1,CH_pub_lines_1110|CH_pub_lines_1111|CH_pub_lines_1112;CH_pub_lines_3827|CH_pub_lines_3828|CH_pub_lines_3829
2019_1260_54,CH_1260_2019,1260,2019,3,ALPVAL|SCHILTHORN,40,ALPVAL,SCHILTHORN,CH_pub_lines_1110|CH_pub_lines_1111|CH_pub_lines_1112,CH_pub_lines_3827|CH_pub_lines_3828|CH_pub_lines_3829,3,3,7.33333333333,6.81333333333,5.82,7.07333333333,-1.25333333333,-17.7191328935,-1.51333333333,350,noncausal_matched_source_diagnostic,False,139,251,9.5,11.5,-2,CH_pub_lines_1110;CH_pub_lines_3827,82.1,84.9,-2.8,CH_pub_lines_1110|CH_pub_lines_1111|CH_pub_lines_1112;CH_pub_lines_3827|CH_pub_lines_3828|CH_pub_lines_3829
2019_1567_1,CH_1567_2019,1567,2019,1,ALPVAL|SCHILTHORN,40,ALPVAL,SCHILTHORN,CH_pub_lines_1116|CH_pub_lines_1117|CH_pub_lines_1118,CH_pub_lines_3833|CH_pub_lines_3834|CH_pub_lines_3835,3,3,7.54333333333,6.82666666667,6.93,7.185,-0.255,-3.5490605428,-0.613333333333,350,noncausal_matched_source_diagnostic,False,140,252,12.3,12,0.3,CH_pub_lines_1116;CH_pub_lines_3833,80.7,79.3333333333,1.36666666667,CH_pub_lines_1116|CH_pub_lines_1117|CH_pub_lines_1118;CH_pub_lines_3833|CH_pub_lines_3834|CH_pub_lines_3835
2019_1567_38,CH_1567_2019,1567,2019,2,ALPVAL|SCHILTHORN,40,ALPVAL,SCHILTHORN,CH_pub_lines_1116|CH_pub_lines_1117|CH_pub_lines_1118,CH_pub_lines_3833|CH_pub_lines_3834|CH_pub_lines_3835,3,3,7.54333333333,6.82666666667,7.53,7.185,0.345,4.80167014614,-0.0133333333333,350,noncausal_matched_source_diagnostic,False,141,253,12.3,12,0.3,CH_pub_lines_1116;CH_pub_lines_3833,80.5,79.3333333333,1.16666666667,CH_pub_lines_1116|CH_pub_lines_1117|CH_pub_lines_1118;CH_pub_lines_3833|CH_pub_lines_3834|CH_pub_lines_3835
2019_1567_74,CH_1567_2019,1567,2019,3,ALPVAL|SCHILTHORN,40,ALPVAL,SCHILTHORN,CH_pub_lines_1116|CH_pub_lines_1117|CH_pub_lines_1118,CH_pub_lines_3833|CH_pub_lines_3834|CH_pub_lines_3835,3,3,7.54333333333,6.82666666667,7.63,7.185,0.445,6.19345859429,0.0866666666667,350,noncausal_matched_source_diagnostic,False,142,254,12.3,12,0.3,CH_pub_lines_1116;CH_pub_lines_3833,80.3,79.3333333333,0.966666666667,CH_pub_lines_1116|CH_pub_lines_1117|CH_pub_lines_1118;CH_pub_lines_3833|CH_pub_lines_3834|CH_pub_lines_3835
2019_8566_7,CH_8566_2019,8566,2019,1,ALPVAL|SCHILTHORN,40,ALPVAL,SCHILTHORN,CH_pub_lines_1134|CH_pub_lines_1135|CH_pub_lines_1136,CH_pub_lines_3851|CH_pub_lines_3852|CH_pub_lines_3853,3,3,8.03333333333,7.30666666667,7.23,7.67,-0.44,-5.73663624511,-0.803333333333,400,noncausal_matched_source_diagnostic,False,149,261,14.8,14.2,0.6,CH_pub_lines_1134;CH_pub_lines_3851,81.4,78.2666666667,3.13333333333,CH_pub_lines_1134|CH_pub_lines_1135|CH_pub_lines_1136;CH_pub_lines_3851|CH_pub_lines_3852|CH_pub_lines_3853
2019_8566_26,CH_8566_2019,8566,2019,2,ALPVAL|SCHILTHORN,40,ALPVAL,SCHILTHORN,CH_pub_lines_1134|CH_pub_lines_1135|CH_pub_lines_1136,CH_pub_lines_3851|CH_pub_lines_3852|CH_pub_lines_3853,3,3,8.03333333333,7.30666666667,7.11,7.67,-0.56,-7.30117340287,-0.923333333333,400,noncausal_matched_source_diagnostic,False,150,262,14.8,14.2,0.6,CH_pub_lines_1134;CH_pub_lines_3851,81.3,78.2666666667,3.03333333333,CH_pub_lines_1134|CH_pub_lines_1135|CH_pub_lines_1136;CH_pub_lines_3851|CH_pub_lines_3852|CH_pub_lines_3853
2019_8566_73,CH_8566_2019,8566,2019,3,ALPVAL|SCHILTHORN,40,ALPVAL,SCHILTHORN,CH_pub_lines_1134|CH_pub_lines_1135|CH_pub_lines_1136,CH_pub_lines_3851|CH_pub_lines_3852|CH_pub_lines_3853,3,3,8.03333333333,7.30666666667,7.84,7.67,0.17,2.21642764016,-0.193333333333,400,noncausal_matched_source_diagnostic,False,151,263,14.8,14.2,0.6,CH_pub_lines_1134;CH_pub_lines_3851,79.2,78.2666666667,0.933333333333,CH_pub_lines_1134|CH_pub_lines_1135|CH_pub_lines_1136;CH_pub_lines_3851|CH_pub_lines_3852|CH_pub_lines_3853
2019_1260_3,CH_1260_2019,1260,2019,1,AXEN|SCHILTHORN,40,AXEN,SCHILTHORN,CH_pub_lines_1221|CH_pub_lines_1222|CH_pub_lines_1223,CH_pub_lines_3827|CH_pub_lines_3828|CH_pub_lines_3829,3,3,6.65666666667,6.81333333333,6.1,6.735,-0.635,-9.428359317,-0.713333333333,350,noncausal_matched_source_diagnostic,False,197,365,9.4,12.7,-3.3,CH_pub_lines_1221;CH_pub_lines_3827,83,86.35,-3.35,CH_pub_lines_1221|CH_pub_lines_1222|CH_pub_lines_1223;CH_pub_lines_3827|CH_pub_lines_3828|CH_pub_lines_3829
2019_1260_50,CH_1260_2019,1260,2019,2,AXEN|SCHILTHORN,40,AXEN,SCHILTHORN,CH_pub_lines_1221|CH_pub_lines_1222|CH_pub_lines_1223,CH_pub_lines_3827|CH_pub_lines_3828|CH_pub_lines_3829,3,3,6.65666666667,6.81333333333,6.12,6.735,-0.615,-9.13140311804,-0.693333333333,350,noncausal_matched_source_diagnostic,False,198,366,9.4,12.7,-3.3,CH_pub_lines_1221;CH_pub_lines_3827,81.9,86.35,-4.45,CH_pub_lines_1221|CH_pub_lines_1222|CH_pub_lines_1223;CH_pub_lines_3827|CH_pub_lines_3828|CH_pub_lines_3829
2019_1260_56,CH_1260_2019,1260,2019,3,AXEN|SCHILTHORN,40,AXEN,SCHILTHORN,CH_pub_lines_1221|CH_pub_lines_1222|CH_pub_lines_1223,CH_pub_lines_3827|CH_pub_lines_3828|CH_pub_lines_3829,3,3,6.65666666667,6.81333333333,6.55,6.735,-0.185,-2.74684484039,-0.263333333333,350,noncausal_matched_source_diagnostic,False,199,367,9.4,12.7,-3.3,CH_pub_lines_1221;CH_pub_lines_3827,83.2,86.35,-3.15,CH_pub_lines_1221|CH_pub_lines_1222|CH_pub_lines_1223;CH_pub_lines_3827|CH_pub_lines_3828|CH_pub_lines_3829
2019_1567_9,CH_1567_2019,1567,2019,1,AXEN|SCHILTHORN,40,AXEN,SCHILTHORN,CH_pub_lines_1227|CH_pub_lines_1228|CH_pub_lines_1229,CH_pub_lines_3833|CH_pub_lines_3834|CH_pub_lines_3835,3,3,7.48,6.82666666667,7.17,7.15333333333,0.0166666666667,0.232991612302,-0.31,350,noncausal_matched_source_diagnostic,False,200,368,12.5,12.35,0.15,CH_pub_lines_1227;CH_pub_lines_3833,81.9,81.0333333333,0.866666666667,CH_pub_lines_1227|CH_pub_lines_1228|CH_pub_lines_1229;CH_pub_lines_3833|CH_pub_lines_3834|CH_pub_lines_3835
2019_1567_45,CH_1567_2019,1567,2019,2,AXEN|SCHILTHORN,40,AXEN,SCHILTHORN,CH_pub_lines_1227|CH_pub_lines_1228|CH_pub_lines_1229,CH_pub_lines_3833|CH_pub_lines_3834|CH_pub_lines_3835,3,3,7.48,6.82666666667,7.38,7.15333333333,0.226666666667,3.16868592731,-0.1,350,noncausal_matched_source_diagnostic,False,201,369,12.5,12.35,0.15,CH_pub_lines_1227;CH_pub_lines_3833,81.3,81.0333333333,0.266666666667,CH_pub_lines_1227|CH_pub_lines_1228|CH_pub_lines_1229;CH_pub_lines_3833|CH_pub_lines_3834|CH_pub_lines_3835
2019_1567_73,CH_1567_2019,1567,2019,3,AXEN|SCHILTHORN,40,AXEN,SCHILTHORN,CH_pub_lines_1227|CH_pub_lines_1228|CH_pub_lines_1229,CH_pub_lines_3833|CH_pub_lines_3834|CH_pub_lines_3835,3,3,7.48,6.82666666667,8.04,7.15333333333,0.886666666667,12.3951537745,0.56,350,noncausal_matched_source_diagnostic,False,202,370,12.5,12.35,0.15,CH_pub_lines_1227;CH_pub_lines_3833,82.2,81.0333333333,1.16666666667,CH_pub_lines_1227|CH_pub_lines_1228|CH_pub_lines_1229;CH_pub_lines_3833|CH_pub_lines_3834|CH_pub_lines_3835
2019_8566_12,CH_8566_2019,8566,2019,1,AXEN|SCHILTHORN,40,AXEN,SCHILTHORN,CH_pub_lines_1245|CH_pub_lines_1246|CH_pub_lines_1247,CH_pub_lines_3851|CH_pub_lines_3852|CH_pub_lines_3853,3,3,7.76666666667,7.30666666667,7.51,7.53666666667,-0.0266666666667,-0.353825740823,-0.256666666667,400,noncausal_matched_source_diagnostic,False,209,377,14.9,14.2,0.7,CH_pub_lines_1245;CH_pub_lines_3851,82,79.4833333333,2.51666666667,CH_pub_lines_1245|CH_pub_lines_1246|CH_pub_lines_1247;CH_pub_lines_3851|CH_pub_lines_3852|CH_pub_lines_3853
2019_8566_27,CH_8566_2019,8566,2019,2,AXEN|SCHILTHORN,40,AXEN,SCHILTHORN,CH_pub_lines_1245|CH_pub_lines_1246|CH_pub_lines_1247,CH_pub_lines_3851|CH_pub_lines_3852|CH_pub_lines_3853,3,3,7.76666666667,7.30666666667,7.34,7.53666666667,-0.196666666667,-2.60946483857,-0.426666666667,400,noncausal_matched_source_diagnostic,False,210,378,14.9,14.2,0.7,CH_pub_lines_1245;CH_pub_lines_3851,82.7,79.4833333333,3.21666666667,CH_pub_lines_1245|CH_pub_lines_1246|CH_pub_lines_1247;CH_pub_lines_3851|CH_pub_lines_3852|CH_pub_lines_3853
2019_8566_69,CH_8566_2019,8566,2019,3,AXEN|SCHILTHORN,40,AXEN,SCHILTHORN,CH_pub_lines_1245|CH_pub_lines_1246|CH_pub_lines_1247,CH_pub_lines_3851|CH_pub_lines_3852|CH_pub_lines_3853,3,3,7.76666666667,7.30666666667,7.78,7.53666666667,0.243333333333,3.22865988501,0.0133333333333,400,noncausal_matched_source_diagnostic,False,211,379,14.9,14.2,0.7,CH_pub_lines_1245;CH_pub_lines_3851,81.2,79.4833333333,1.71666666667,CH_pub_lines_1245|CH_pub_lines_1246|CH_pub_lines_1247;CH_pub_lines_3851|CH_pub_lines_3852|CH_pub_lines_3853
2019_1260_6,CH_1260_2019,1260,2019,1,BARETTA|MONTALBANO,1,MONTALBANO,BARETTA,CH_pub_lines_2830|CH_pub_lines_2831|CH_pub_lines_2832,CH_pub_lines_1278|CH_pub_lines_1279|CH_pub_lines_1280,3,3,6.56333333333,6.47666666667,5.81,6.52,-0.71,-10.8895705521,-0.753333333333,350,noncausal_matched_source_diagnostic,False,272,524,10.5,9.4,1.1,CH_pub_lines_2830|CH_pub_lines_2831|CH_pub_lines_2832;CH_pub_lines_1278|CH_pub_lines_1279|CH_pub_lines_1280,80.4,82.7333333333,-2.33333333333,CH_pub_lines_2830|CH_pub_lines_2831|CH_pub_lines_2832;CH_pub_lines_1278|CH_pub_lines_1279|CH_pub_lines_1280
2019_1260_6,CH_1260_2019,1260,2019,1,BARETTA|MONTALBANO,31,MONTALBANO,BARETTA,CH_pub_lines_2882|CH_pub_lines_2883|CH_pub_lines_2884,CH_pub_lines_1318|CH_pub_lines_1319|CH_pub_lines_1320,3,3,6.59,5.88666666667,5.81,6.23833333333,-0.428333333333,-6.86615014694,-0.78,350,noncausal_matched_source_diagnostic,False,272,524,10.5,12.85,-2.35,CH_pub_lines_2882;CH_pub_lines_1318,80.4,84.4666666667,-4.06666666667,CH_pub_lines_2882|CH_pub_lines_2883|CH_pub_lines_2884;CH_pub_lines_1318|CH_pub_lines_1319|CH_pub_lines_1320
2019_1260_6,CH_1260_2019,1260,2019,1,BARETTA|MONTALBANO,42,MONTALBANO,BARETTA,CH_pub_lines_3086|CH_pub_lines_3087|CH_pub_lines_3088,CH_pub_lines_1393|CH_pub_lines_1394|CH_pub_lines_1395,3,3,6.72666666667,7.43666666667,5.81,7.08166666667,-1.27166666667,-17.9571663921,-1.62666666667,350,noncausal_matched_source_diagnostic,False,272,524,10.5,9.93333333333,0.566666666667,CH_pub_lines_3086|CH_pub_lines_3087|CH_pub_lines_3088;CH_pub_lines_1393|CH_pub_lines_1394|CH_pub_lines_1395,80.4,81.7833333333,-1.38333333333,CH_pub_lines_3086|CH_pub_lines_3087|CH_pub_lines_3088;CH_pub_lines_1393|CH_pub_lines_1394|CH_pub_lines_1395
2019_1260_38,CH_1260_2019,1260,2019,2,BARETTA|MONTALBANO,1,MONTALBANO,BARETTA,CH_pub_lines_2830|CH_pub_lines_2831|CH_pub_lines_2832,CH_pub_lines_1278|CH_pub_lines_1279|CH_pub_lines_1280,3,3,6.56333333333,6.47666666667,6.45,6.52,-0.07,-1.0736196319,-0.113333333333,350,noncausal_matched_source_diagnostic,False,273,525,10.5,9.4,1.1,CH_pub_lines_2830|CH_pub_lines_2831|CH_pub_lines_2832;CH_pub_lines_1278|CH_pub_lines_1279|CH_pub_lines_1280,81.6,82.7333333333,-1.13333333333,CH_pub_lines_2830|CH_pub_lines_2831|CH_pub_lines_2832;CH_pub_lines_1278|CH_pub_lines_1279|CH_pub_lines_1280
2019_1260_38,CH_1260_2019,1260,2019,2,BARETTA|MONTALBANO,31,MONTALBANO,BARETTA,CH_pub_lines_2882|CH_pub_lines_2883|CH_pub_lines_2884,CH_pub_lines_1318|CH_pub_lines_1319|CH_pub_lines_1320,3,3,6.59,5.88666666667,6.45,6.23833333333,0.211666666667,3.39300026717,-0.14,350,noncausal_matched_source_diagnostic,False,273,525,10.5,12.85,-2.35,CH_pub_lines_2882;CH_pub_lines_1318,81.6,84.4666666667,-2.86666666667,CH_pub_lines_2882|CH_pub_lines_2883|CH_pub_lines_2884;CH_pub_lines_1318|CH_pub_lines_1319|CH_pub_lines_1320
2019_1260_38,CH_1260_2019,1260,2019,2,BARETTA|MONTALBANO,42,MONTALBANO,BARETTA,CH_pub_lines_3086|CH_pub_lines_3087|CH_pub_lines_3088,CH_pub_lines_1393|CH_pub_lines_1394|CH_pub_lines_1395,3,3,6.72666666667,7.43666666667,6.45,7.08166666667,-0.631666666667,-8.91974582255,-0.986666666667,350,noncausal_matched_source_diagnostic,False,273,525,10.5,9.93333333333,0.566666666667,CH_pub_lines_3086|CH_pub_lines_3087|CH_pub_lines_3088;CH_pub_lines_1393|CH_pub_lines_1394|CH_pub_lines_1395,81.6,81.7833333333,-0.183333333333,CH_pub_lines_3086|CH_pub_lines_3087|CH_pub_lines_3088;CH_pub_lines_1393|CH_pub_lines_1394|CH_pub_lines_1395
2019_1260_69,CH_1260_2019,1260,2019,3,BARETTA|MONTALBANO,1,MONTALBANO,BARETTA,CH_pub_lines_2830|CH_pub_lines_2831|CH_pub_lines_2832,CH_pub_lines_1278|CH_pub_lines_1279|CH_pub_lines_1280,3,3,6.56333333333,6.47666666667,6.69,6.52,0.17,2.60736196319,0.126666666667,350,noncausal_matched_source_diagnostic,False,274,526,10.5,9.4,1.1,CH_pub_lines_2830|CH_pub_lines_2831|CH_pub_lines_2832;CH_pub_lines_1278|CH_pub_lines_1279|CH_pub_lines_1280,81.6,82.7333333333,-1.13333333333,CH_pub_lines_2830|CH_pub_lines_2831|CH_pub_lines_2832;CH_pub_lines_1278|CH_pub_lines_1279|CH_pub_lines_1280
2019_1260_69,CH_1260_2019,1260,2019,3,BARETTA|MONTALBANO,31,MONTALBANO,BARETTA,CH_pub_lines_2882|CH_pub_lines_2883|CH_pub_lines_2884,CH_pub_lines_1318|CH_pub_lines_1319|CH_pub_lines_1320,3,3,6.59,5.88666666667,6.69,6.23833333333,0.451666666667,7.24018167246,0.1,350,noncausal_matched_source_diagnostic,False,274,526,10.5,12.85,-2.35,CH_pub_lines_2882;CH_pub_lines_1318,81.6,84.4666666667,-2.86666666667,CH_pub_lines_2882|CH_pub_lines_2883|CH_pub_lines_2884;CH_pub_lines_1318|CH_pub_lines_1319|CH_pub_lines_1320
2019_1260_69,CH_1260_2019,1260,2019,3,BARETTA|MONTALBANO,42,MONTALBANO,BARETTA,CH_pub_lines_3086|CH_pub_lines_3087|CH_pub_lines_3088,CH_pub_lines_1393|CH_pub_lines_1394|CH_pub_lines_1395,3,3,6.72666666667,7.43666666667,6.69,7.08166666667,-0.391666666667,-5.53071310897,-0.746666666667,350,noncausal_matched_source_diagnostic,False,274,526,10.5,9.93333333333,0.566666666667,CH_pub_lines_3086|CH_pub_lines_3087|CH_pub_lines_3088;CH_pub_lines_1393|CH_pub_lines_1394|CH_pub_lines_1395,81.6,81.7833333333,-0.183333333333,CH_pub_lines_3086|CH_pub_lines_3087|CH_pub_lines_3088;CH_pub_lines_1393|CH_pub_lines_1394|CH_pub_lines_1395
2019_1567_7,CH_1567_2019,1567,2019,1,BARETTA|MONTALBANO,1,MONTALBANO,BARETTA,CH_pub_lines_2833|CH_pub_lines_2834|CH_pub_lines_2835|CH_pub_lines_2836,CH_pub_lines_1281|CH_pub_lines_1282|CH_pub_lines_1283|CH_pub_lines_1284,4,4,8.175,7.925,7.2,8.05,-0.85,-10.5590062112,-0.975,350,noncausal_matched_source_diagnostic,False,275,527,12.6,14.25,-1.65,CH_pub_lines_2833;CH_pub_lines_1281,78.8,78.7375,0.0625,CH_pub_lines_2833|CH_pub_lines_2834|CH_pub_lines_2835|CH_pub_lines_2836;CH_pub_lines_1281|CH_pub_lines_1282|CH_pub_lines_1283|CH_pub_lines_1284
2019_1567_7,CH_1567_2019,1567,2019,1,BARETTA|MONTALBANO,31,MONTALBANO,BARETTA,CH_pub_lines_2885|CH_pub_lines_2886|CH_pub_lines_2887,CH_pub_lines_1321|CH_pub_lines_1322|CH_pub_lines_1323,3,3,7.78333333333,7.37333333333,7.2,7.57833333333,-0.378333333333,-4.99230261711,-0.583333333333,350,noncausal_matched_source_diagnostic,False,275,527,12.6,12.4,0.2,CH_pub_lines_2885;CH_pub_lines_1321,78.8,78.2,0.6,CH_pub_lines_2885|CH_pub_lines_2886|CH_pub_lines_2887;CH_pub_lines_1321|CH_pub_lines_1322|CH_pub_lines_1323
2019_1567_50,CH_1567_2019,1567,2019,2,BARETTA|MONTALBANO,1,MONTALBANO,BARETTA,CH_pub_lines_2833|CH_pub_lines_2834|CH_pub_lines_2835|CH_pub_lines_2836,CH_pub_lines_1281|CH_pub_lines_1282|CH_pub_lines_1283|CH_pub_lines_1284,4,4,8.175,7.925,7.37,8.05,-0.68,-8.44720496894,-0.805,350,noncausal_matched_source_diagnostic,False,276,528,12.6,14.25,-1.65,CH_pub_lines_2833;CH_pub_lines_1281,78.7,78.7375,-0.0375,CH_pub_lines_2833|CH_pub_lines_2834|CH_pub_lines_2835|CH_pub_lines_2836;CH_pub_lines_1281|CH_pub_lines_1282|CH_pub_lines_1283|CH_pub_lines_1284
2019_1567_50,CH_1567_2019,1567,2019,2,BARETTA|MONTALBANO,31,MONTALBANO,BARETTA,CH_pub_lines_2885|CH_pub_lines_2886|CH_pub_lines_2887,CH_pub_lines_1321|CH_pub_lines_1322|CH_pub_lines_1323,3,3,7.78333333333,7.37333333333,7.37,7.57833333333,-0.208333333333,-2.74906531779,-0.413333333333,350,noncausal_matched_source_diagnostic,False,276,528,12.6,12.4,0.2,CH_pub_lines_2885;CH_pub_lines_1321,78.7,78.2,0.5,CH_pub_lines_2885|CH_pub_lines_2886|CH_pub_lines_2887;CH_pub_lines_1321|CH_pub_lines_1322|CH_pub_lines_1323
2019_1567_53,CH_1567_2019,1567,2019,3,BARETTA|MONTALBANO,1,MONTALBANO,BARETTA,CH_pub_lines_2833|CH_pub_lines_2834|CH_pub_lines_2835|CH_pub_lines_2836,CH_pub_lines_1281|CH_pub_lines_1282|CH_pub_lines_1283|CH_pub_lines_1284,4,4,8.175,7.925,7.34,8.05,-0.71,-8.8198757764,-0.835,350,noncausal_matched_source_diagnostic,False,277,529,12.6,14.25,-1.65,CH_pub_lines_2833;CH_pub_lines_1281,78.1,78.7375,-0.6375,CH_pub_lines_2833|CH_pub_lines_2834|CH_pub_lines_2835|CH_pub_lines_2836;CH_pub_lines_1281|CH_pub_lines_1282|CH_pub_lines_1283|CH_pub_lines_1284
2019_1567_53,CH_1567_2019,1567,2019,3,BARETTA|MONTALBANO,31,MONTALBANO,BARETTA,CH_pub_lines_2885|CH_pub_lines_2886|CH_pub_lines_2887,CH_pub_lines_1321|CH_pub_lines_1322|CH_pub_lines_1323,3,3,7.78333333333,7.37333333333,7.34,7.57833333333,-0.238333333333,-3.14493072355,-0.443333333333,350,noncausal_matched_source_diagnostic,False,277,529,12.6,12.4,0.2,CH_pub_lines_2885;CH_pub_lines_1321,78.1,78.2,-0.1,CH_pub_lines_2885|CH_pub_lines_2886|CH_pub_lines_2887;CH_pub_lines_1321|CH_pub_lines_1322|CH_pub_lines_1323
2019_3428_7,CH_3428_2019,3428,2019,1,BARETTA|MONTALBANO,31,MONTALBANO,BARETTA,CH_pub_lines_2891|CH_pub_lines_2892|CH_pub_lines_2893,CH_pub_lines_1327|CH_pub_lines_1328|CH_pub_lines_1329,3,3,7.58333333333,7.62333333333,8.18,7.60333333333,0.576666666667,7.58439281017,0.556666666667,400,noncausal_matched_source_diagnostic,False,278,530,15.2,14.8,0.4,CH_pub_lines_2891;CH_pub_lines_1327,78.3,78.4666666667,-0.166666666667,CH_pub_lines_2891|CH_pub_lines_2892|CH_pub_lines_2893;CH_pub_lines_1327|CH_pub_lines_1328|CH_pub_lines_1329
2019_3428_29,CH_3428_2019,3428,2019,2,BARETTA|MONTALBANO,31,MONTALBANO,BARETTA,CH_pub_lines_2891|CH_pub_lines_2892|CH_pub_lines_2893,CH_pub_lines_1327|CH_pub_lines_1328|CH_pub_lines_1329,3,3,7.58333333333,7.62333333333,7.8,7.60333333333,0.196666666667,2.58658483121,0.176666666667,400,noncausal_matched_source_diagnostic,False,279,531,15.2,14.8,0.4,CH_pub_lines_2891;CH_pub_lines_1327,78.5,78.4666666667,0.0333333333333,CH_pub_lines_2891|CH_pub_lines_2892|CH_pub_lines_2893;CH_pub_lines_1327|CH_pub_lines_1328|CH_pub_lines_1329
2019_3428_70,CH_3428_2019,3428,2019,3,BARETTA|MONTALBANO,31,MONTALBANO,BARETTA,CH_pub_lines_2891|CH_pub_lines_2892|CH_pub_lines_2893,CH_pub_lines_1327|CH_pub_lines_1328|CH_pub_lines_1329,3,3,7.58333333333,7.62333333333,7.99,7.60333333333,0.386666666667,5.08548882069,0.366666666667,400,noncausal_matched_source_diagnostic,False,280,532,15.2,14.8,0.4,CH_pub_lines_2891;CH_pub_lines_1327,78.6,78.4666666667,0.133333333333,CH_pub_lines_2891|CH_pub_lines_2892|CH_pub_lines_2893;CH_pub_lines_1327|CH_pub_lines_1328|CH_pub_lines_1329
2019_8566_5,CH_8566_2019,8566,2019,1,BARETTA|MONTALBANO,31,MONTALBANO,BARETTA,CH_pub_lines_2894|CH_pub_lines_2895|CH_pub_lines_2896,CH_pub_lines_1330|CH_pub_lines_1331|CH_pub_lines_1332,3,3,6.84,6.40333333333,7.45,6.62166666667,0.828333333333,12.5094387113,0.61,400,noncausal_matched_source_diagnostic,False,284,536,15.4,12.1,3.3,CH_pub_lines_2894;CH_pub_lines_1330,77.6,69.3,8.3,CH_pub_lines_2894|CH_pub_lines_2895|CH_pub_lines_2896;CH_pub_lines_1330|CH_pub_lines_1331|CH_pub_lines_1332
2019_8566_45,CH_8566_2019,8566,2019,2,BARETTA|MONTALBANO,31,MONTALBANO,BARETTA,CH_pub_lines_2894|CH_pub_lines_2895|CH_pub_lines_2896,CH_pub_lines_1330|CH_pub_lines_1331|CH_pub_lines_1332,3,3,6.84,6.40333333333,7.26,6.62166666667,0.638333333333,9.64007047571,0.42,400,noncausal_matched_source_diagnostic,False,285,537,15.4,12.1,3.3,CH_pub_lines_2894;CH_pub_lines_1330,77.9,69.3,8.6,CH_pub_lines_2894|CH_pub_lines_2895|CH_pub_lines_2896;CH_pub_lines_1330|CH_pub_lines_1331|CH_pub_lines_1332
2019_8566_71,CH_8566_2019,8566,2019,3,BARETTA|MONTALBANO,31,MONTALBANO,BARETTA,CH_pub_lines_2894|CH_pub_lines_2895|CH_pub_lines_2896,CH_pub_lines_1330|CH_pub_lines_1331|CH_pub_lines_1332,3,3,6.84,6.40333333333,7.94,6.62166666667,1.31833333333,19.9093883715,1.1,400,noncausal_matched_source_diagnostic,False,286,538,15.4,12.1,3.3,CH_pub_lines_2894;CH_pub_lines_1330,76.2,69.3,6.9,CH_pub_lines_2894|CH_pub_lines_2895|CH_pub_lines_2896;CH_pub_lines_1330|CH_pub_lines_1331|CH_pub_lines_1332
2020_1260_22,CH_1260_2020,1260,2020,1,BARETTA|MONTALBANO,1,MONTALBANO,BARETTA,CH_pub_lines_2852|CH_pub_lines_2853|CH_pub_lines_2854,CH_pub_lines_1297|CH_pub_lines_1298|CH_pub_lines_1299,3,3,8.34,9.51,7.66,8.925,-1.265,-14.1736694678,-1.85,350,noncausal_matched_source_diagnostic,False,287,539,13,12.9,0.1,CH_pub_lines_2852;CH_pub_lines_1297,84.4,72.5833333333,11.8166666667,CH_pub_lines_2852|CH_pub_lines_2853|CH_pub_lines_2854;CH_pub_lines_1297|CH_pub_lines_1298|CH_pub_lines_1299
2020_1260_22,CH_1260_2020,1260,2020,1,BARETTA|MONTALBANO,42,MONTALBANO,BARETTA,CH_pub_lines_3116|CH_pub_lines_3117|CH_pub_lines_3118,CH_pub_lines_1447|CH_pub_lines_1448|CH_pub_lines_1449,3,3,8.89333333333,8.67333333333,7.66,8.78333333333,-1.12333333333,-12.789373814,-1.23333333333,350,noncausal_matched_source_diagnostic,False,287,539,13,14.2,-1.2,CH_pub_lines_3116|CH_pub_lines_3117|CH_pub_lines_3118;CH_pub_lines_1447|CH_pub_lines_1448|CH_pub_lines_1449,84.4,82.6333333333,1.76666666667,CH_pub_lines_3116|CH_pub_lines_3117|CH_pub_lines_3118;CH_pub_lines_1447|CH_pub_lines_1448|CH_pub_lines_1449
2020_1260_22,CH_1260_2020,1260,2020,1,BARETTA|MONTALBANO,43,MONTALBANO,BARETTA,CH_pub_lines_3200|CH_pub_lines_3201|CH_pub_lines_3202,CH_pub_lines_1477|CH_pub_lines_1478|CH_pub_lines_1479,3,3,8.11333333333,7.41333333333,7.66,7.76333333333,-0.103333333333,-1.33104336625,-0.453333333333,350,noncausal_matched_source_diagnostic,False,287,539,13,12.9833333333,0.0166666666667,CH_pub_lines_3200|CH_pub_lines_3201|CH_pub_lines_3202;CH_pub_lines_1477|CH_pub_lines_1478|CH_pub_lines_1479,84.4,78.4333333333,5.96666666667,CH_pub_lines_3200|CH_pub_lines_3201|CH_pub_lines_3202;CH_pub_lines_1477|CH_pub_lines_1478|CH_pub_lines_1479
2020_1260_45,CH_1260_2020,1260,2020,2,BARETTA|MONTALBANO,1,MONTALBANO,BARETTA,CH_pub_lines_2852|CH_pub_lines_2853|CH_pub_lines_2854,CH_pub_lines_1297|CH_pub_lines_1298|CH_pub_lines_1299,3,3,8.34,9.51,7.41,8.925,-1.515,-16.974789916,-2.1,350,noncausal_matched_source_diagnostic,False,288,540,13,12.9,0.1,CH_pub_lines_2852;CH_pub_lines_1297,84.4,72.5833333333,11.8166666667,CH_pub_lines_2852|CH_pub_lines_2853|CH_pub_lines_2854;CH_pub_lines_1297|CH_pub_lines_1298|CH_pub_lines_1299
2020_1260_45,CH_1260_2020,1260,2020,2,BARETTA|MONTALBANO,42,MONTALBANO,BARETTA,CH_pub_lines_3116|CH_pub_lines_3117|CH_pub_lines_3118,CH_pub_lines_1447|CH_pub_lines_1448|CH_pub_lines_1449,3,3,8.89333333333,8.67333333333,7.41,8.78333333333,-1.37333333333,-15.6356736243,-1.48333333333,350,noncausal_matched_source_diagnostic,False,288,540,13,14.2,-1.2,CH_pub_lines_3116|CH_pub_lines_3117|CH_pub_lines_3118;CH_pub_lines_1447|CH_pub_lines_1448|CH_pub_lines_1449,84.4,82.6333333333,1.76666666667,CH_pub_lines_3116|CH_pub_lines_3117|CH_pub_lines_3118;CH_pub_lines_1447|CH_pub_lines_1448|CH_pub_lines_1449
2020_1260_45,CH_1260_2020,1260,2020,2,BARETTA|MONTALBANO,43,MONTALBANO,BARETTA,CH_pub_lines_3200|CH_pub_lines_3201|CH_pub_lines_3202,CH_pub_lines_1477|CH_pub_lines_1478|CH_pub_lines_1479,3,3,8.11333333333,7.41333333333,7.41,7.76333333333,-0.353333333333,-4.55130957492,-0.703333333333,350,noncausal_matched_source_diagnostic,False,288,540,13,12.9833333333,0.0166666666667,CH_pub_lines_3200|CH_pub_lines_3201|CH_pub_lines_3202;CH_pub_lines_1477|CH_pub_lines_1478|CH_pub_lines_1479,84.4,78.4333333333,5.96666666667,CH_pub_lines_3200|CH_pub_lines_3201|CH_pub_lines_3202;CH_pub_lines_1477|CH_pub_lines_1478|CH_pub_lines_1479
2020_1260_59,CH_1260_2020,1260,2020,3,BARETTA|MONTALBANO,1,MONTALBANO,BARETTA,CH_pub_lines_2852|CH_pub_lines_2853|CH_pub_lines_2854,CH_pub_lines_1297|CH_pub_lines_1298|CH_pub_lines_1299,3,3,8.34,9.51,7.32,8.925,-1.605,-17.9831932773,-2.19,350,noncausal_matched_source_diagnostic,False,289,541,13,12.9,0.1,CH_pub_lines_2852;CH_pub_lines_1297,84.3,72.5833333333,11.7166666667,CH_pub_lines_2852|CH_pub_lines_2853|CH_pub_lines_2854;CH_pub_lines_1297|CH_pub_lines_1298|CH_pub_lines_1299
2020_1260_59,CH_1260_2020,1260,2020,3,BARETTA|MONTALBANO,42,MONTALBANO,BARETTA,CH_pub_lines_3116|CH_pub_lines_3117|CH_pub_lines_3118,CH_pub_lines_1447|CH_pub_lines_1448|CH_pub_lines_1449,3,3,8.89333333333,8.67333333333,7.32,8.78333333333,-1.46333333333,-16.660341556,-1.57333333333,350,noncausal_matched_source_diagnostic,False,289,541,13,14.2,-1.2,CH_pub_lines_3116|CH_pub_lines_3117|CH_pub_lines_3118;CH_pub_lines_1447|CH_pub_lines_1448|CH_pub_lines_1449,84.3,82.6333333333,1.66666666667,CH_pub_lines_3116|CH_pub_lines_3117|CH_pub_lines_3118;CH_pub_lines_1447|CH_pub_lines_1448|CH_pub_lines_1449
2020_1260_59,CH_1260_2020,1260,2020,3,BARETTA|MONTALBANO,43,MONTALBANO,BARETTA,CH_pub_lines_3200|CH_pub_lines_3201|CH_pub_lines_3202,CH_pub_lines_1477|CH_pub_lines_1478|CH_pub_lines_1479,3,3,8.11333333333,7.41333333333,7.32,7.76333333333,-0.443333333333,-5.71060541005,-0.793333333333,350,noncausal_matched_source_diagnostic,False,289,541,13,12.9833333333,0.0166666666667,CH_pub_lines_3200|CH_pub_lines_3201|CH_pub_lines_3202;CH_pub_lines_1477|CH_pub_lines_1478|CH_pub_lines_1479,84.3,78.4333333333,5.86666666667,CH_pub_lines_3200|CH_pub_lines_3201|CH_pub_lines_3202;CH_pub_lines_1477|CH_pub_lines_1478|CH_pub_lines_1479
2020_1567_30,CH_1567_2020,1567,2020,2,BARETTA|MONTALBANO,1,MONTALBANO,BARETTA,CH_pub_lines_2855,CH_pub_lines_1300|CH_pub_lines_1303,1,2,7.43,6.575,6.62,7.0025,-0.3825,-5.4623348804,-0.81,350,noncausal_matched_source_diagnostic,False,291,543,14.9,14.5,0.4,CH_pub_lines_2855;CH_pub_lines_1300,76.6,75.675,0.925,CH_pub_lines_2855;CH_pub_lines_1300|CH_pub_lines_1303
2020_1567_57,CH_1567_2020,1567,2020,3,BARETTA|MONTALBANO,1,MONTALBANO,BARETTA,CH_pub_lines_2855,CH_pub_lines_1300|CH_pub_lines_1303,1,2,7.43,6.575,6.01,7.0025,-0.9925,-14.1735094609,-1.42,350,noncausal_matched_source_diagnostic,False,292,544,14.9,14.5,0.4,CH_pub_lines_2855;CH_pub_lines_1300,77.7,75.675,2.025,CH_pub_lines_2855;CH_pub_lines_1300|CH_pub_lines_1303
2020_1260_14,CH_1260_2020,1260,2020,1,BRAGA|PILATUS,40,BRAGA,PILATUS,CH_pub_lines_1639|CH_pub_lines_1640|CH_pub_lines_1641,CH_pub_lines_3608|CH_pub_lines_3609|CH_pub_lines_3610,3,3,8.1,7.93666666667,8,8.01833333333,-0.0183333333333,-0.228642693827,-0.1,350,noncausal_matched_source_diagnostic,False,345,597,11.7,11.7,0,CH_pub_lines_1639;CH_pub_lines_3608,86.6,85.9166666667,0.683333333333,CH_pub_lines_1639|CH_pub_lines_1640|CH_pub_lines_1641;CH_pub_lines_3608|CH_pub_lines_3609|CH_pub_lines_3610
2020_1260_41,CH_1260_2020,1260,2020,2,BRAGA|PILATUS,40,BRAGA,PILATUS,CH_pub_lines_1639|CH_pub_lines_1640|CH_pub_lines_1641,CH_pub_lines_3608|CH_pub_lines_3609|CH_pub_lines_3610,3,3,8.1,7.93666666667,8.04,8.01833333333,0.0216666666667,0.270214092704,-0.06,350,noncausal_matched_source_diagnostic,False,346,598,11.7,11.7,0,CH_pub_lines_1639;CH_pub_lines_3608,86.6,85.9166666667,0.683333333333,CH_pub_lines_1639|CH_pub_lines_1640|CH_pub_lines_1641;CH_pub_lines_3608|CH_pub_lines_3609|CH_pub_lines_3610
2020_1260_55,CH_1260_2020,1260,2020,3,BRAGA|PILATUS,40,BRAGA,PILATUS,CH_pub_lines_1639|CH_pub_lines_1640|CH_pub_lines_1641,CH_pub_lines_3608|CH_pub_lines_3609|CH_pub_lines_3610,3,3,8.1,7.93666666667,6.42,8.01833333333,-1.59833333333,-19.9334857618,-1.68,350,noncausal_matched_source_diagnostic,False,347,599,11.7,11.7,0,CH_pub_lines_1639;CH_pub_lines_3608,86,85.9166666667,0.0833333333333,CH_pub_lines_1639|CH_pub_lines_1640|CH_pub_lines_1641;CH_pub_lines_3608|CH_pub_lines_3609|CH_pub_lines_3610
2020_1567_41,CH_1567_2020,1567,2020,2,BRAGA|PILATUS,40,BRAGA,PILATUS,CH_pub_lines_1645|CH_pub_lines_1646,CH_pub_lines_3614|CH_pub_lines_3615,2,2,6.01,7.205,6.41,6.6075,-0.1975,-2.98902762013,-0.795,350,noncausal_matched_source_diagnostic,False,349,601,13.2,13,0.2,CH_pub_lines_1645;CH_pub_lines_3614,80.8,80.275,0.525,CH_pub_lines_1645|CH_pub_lines_1646;CH_pub_lines_3614|CH_pub_lines_3615
2020_1567_54,CH_1567_2020,1567,2020,3,BRAGA|PILATUS,40,BRAGA,PILATUS,CH_pub_lines_1645|CH_pub_lines_1646,CH_pub_lines_3614|CH_pub_lines_3615,2,2,6.01,7.205,6.35,6.6075,-0.2575,-3.89708664397,-0.855,350,noncausal_matched_source_diagnostic,False,350,602,13.2,13,0.2,CH_pub_lines_1645;CH_pub_lines_3614,79.9,80.275,-0.375,CH_pub_lines_1645|CH_pub_lines_1646;CH_pub_lines_3614|CH_pub_lines_3615
2020_8566_21,CH_8566_2020,8566,2020,1,BRAGA|PILATUS,40,BRAGA,PILATUS,CH_pub_lines_1662|CH_pub_lines_1663|CH_pub_lines_1664,CH_pub_lines_3631|CH_pub_lines_3632|CH_pub_lines_3633,3,3,9.36333333333,9.63666666667,10.14,9.5,0.64,6.73684210526,0.503333333333,400,noncausal_matched_source_diagnostic,False,357,609,12.7,11.95,0.75,CH_pub_lines_1662|CH_pub_lines_1663|CH_pub_lines_1664;CH_pub_lines_3631|CH_pub_lines_3632|CH_pub_lines_3633,82.3,80.85,1.45,CH_pub_lines_1662|CH_pub_lines_1663|CH_pub_lines_1664;CH_pub_lines_3631|CH_pub_lines_3632|CH_pub_lines_3633
2020_8566_43,CH_8566_2020,8566,2020,2,BRAGA|PILATUS,40,BRAGA,PILATUS,CH_pub_lines_1662|CH_pub_lines_1663|CH_pub_lines_1664,CH_pub_lines_3631|CH_pub_lines_3632|CH_pub_lines_3633,3,3,9.36333333333,9.63666666667,7.84,9.5,-1.66,-17.4736842105,-1.79666666667,400,noncausal_matched_source_diagnostic,False,358,610,12.7,11.95,0.75,CH_pub_lines_1662|CH_pub_lines_1663|CH_pub_lines_1664;CH_pub_lines_3631|CH_pub_lines_3632|CH_pub_lines_3633,80,80.85,-0.85,CH_pub_lines_1662|CH_pub_lines_1663|CH_pub_lines_1664;CH_pub_lines_3631|CH_pub_lines_3632|CH_pub_lines_3633
2020_8566_55,CH_8566_2020,8566,2020,3,BRAGA|PILATUS,40,BRAGA,PILATUS,CH_pub_lines_1662|CH_pub_lines_1663|CH_pub_lines_1664,CH_pub_lines_3631|CH_pub_lines_3632|CH_pub_lines_3633,3,3,9.36333333333,9.63666666667,9.16,9.5,-0.34,-3.57894736842,-0.476666666667,400,noncausal_matched_source_diagnostic,False,359,611,12.7,11.95,0.75,CH_pub_lines_1662|CH_pub_lines_1663|CH_pub_lines_1664;CH_pub_lines_3631|CH_pub_lines_3632|CH_pub_lines_3633,82.1,80.85,1.25,CH_pub_lines_1662|CH_pub_lines_1663|CH_pub_lines_1664;CH_pub_lines_3631|CH_pub_lines_3632|CH_pub_lines_3633
2020_1260_8,CH_1260_2020,1260,2020,1,111.16278|COLMETTA,32,COLMETTA,111.16278,CH_pub_lines_2148|CH_pub_lines_2149|CH_pub_lines_2150,CH_pub_lines_957|CH_pub_lines_958|CH_pub_lines_959,3,3,10.07,9.48333333333,9.61,9.77666666667,-0.166666666667,-1.70473917491,-0.46,350,noncausal_matched_source_diagnostic,False,405,713,11.8,11.85,-0.05,CH_pub_lines_2148;CH_pub_lines_957,82.5,80.4,2.1,CH_pub_lines_2148|CH_pub_lines_2149|CH_pub_lines_2150;CH_pub_lines_957|CH_pub_lines_958|CH_pub_lines_959
2020_1260_27,CH_1260_2020,1260,2020,2,111.16278|COLMETTA,32,COLMETTA,111.16278,CH_pub_lines_2148|CH_pub_lines_2149|CH_pub_lines_2150,CH_pub_lines_957|CH_pub_lines_958|CH_pub_lines_959,3,3,10.07,9.48333333333,9.32,9.77666666667,-0.456666666667,-4.67098533924,-0.75,350,noncausal_matched_source_diagnostic,False,406,714,11.8,11.85,-0.05,CH_pub_lines_2148;CH_pub_lines_957,82.4,80.4,2,CH_pub_lines_2148|CH_pub_lines_2149|CH_pub_lines_2150;CH_pub_lines_957|CH_pub_lines_958|CH_pub_lines_959
2020_1260_69,CH_1260_2020,1260,2020,3,111.16278|COLMETTA,32,COLMETTA,111.16278,CH_pub_lines_2148|CH_pub_lines_2149|CH_pub_lines_2150,CH_pub_lines_957|CH_pub_lines_958|CH_pub_lines_959,3,3,10.07,9.48333333333,8.59,9.77666666667,-1.18666666667,-12.1377429253,-1.48,350,noncausal_matched_source_diagnostic,False,407,715,11.8,11.85,-0.05,CH_pub_lines_2148;CH_pub_lines_957,82.6,80.4,2.2,CH_pub_lines_2148|CH_pub_lines_2149|CH_pub_lines_2150;CH_pub_lines_957|CH_pub_lines_958|CH_pub_lines_959
2020_1567_47,CH_1567_2020,1567,2020,2,111.16278|COLMETTA,32,COLMETTA,111.16278,CH_pub_lines_2152|CH_pub_lines_2153,CH_pub_lines_961|CH_pub_lines_962,2,2,8.5,8.235,8.97,8.3675,0.6025,7.20047804004,0.47,350,noncausal_matched_source_diagnostic,False,409,717,12.1,11.55,0.55,CH_pub_lines_2152;CH_pub_lines_961,77.1,76.125,0.975,CH_pub_lines_2152|CH_pub_lines_2153;CH_pub_lines_961|CH_pub_lines_962
2020_1567_65,CH_1567_2020,1567,2020,3,111.16278|COLMETTA,32,COLMETTA,111.16278,CH_pub_lines_2152|CH_pub_lines_2153,CH_pub_lines_961|CH_pub_lines_962,2,2,8.5,8.235,6.64,8.3675,-1.7275,-20.6453540484,-1.86,350,noncausal_matched_source_diagnostic,False,410,718,12.1,11.55,0.55,CH_pub_lines_2152;CH_pub_lines_961,74.1,76.125,-2.025,CH_pub_lines_2152|CH_pub_lines_2153;CH_pub_lines_961|CH_pub_lines_962
2020_3428_25,CH_3428_2020,3428,2020,1,111.16278|COLMETTA,32,COLMETTA,111.16278,CH_pub_lines_2154|CH_pub_lines_2155|CH_pub_lines_2156,CH_pub_lines_963|CH_pub_lines_964|CH_pub_lines_965,3,3,9.43333333333,9.82666666667,10.37,9.63,0.74,7.68431983385,0.543333333333,400,noncausal_matched_source_diagnostic,False,411,719,11.8,12.1,-0.3,CH_pub_lines_2154;CH_pub_lines_963,79.1,80.1,-1,CH_pub_lines_2154|CH_pub_lines_2155|CH_pub_lines_2156;CH_pub_lines_963|CH_pub_lines_964|CH_pub_lines_965
2020_3428_36,CH_3428_2020,3428,2020,2,111.16278|COLMETTA,32,COLMETTA,111.16278,CH_pub_lines_2154|CH_pub_lines_2155|CH_pub_lines_2156,CH_pub_lines_963|CH_pub_lines_964|CH_pub_lines_965,3,3,9.43333333333,9.82666666667,9.7,9.63,0.07,0.726895119418,-0.126666666667,400,noncausal_matched_source_diagnostic,False,412,720,11.8,12.1,-0.3,CH_pub_lines_2154;CH_pub_lines_963,79.1,80.1,-1,CH_pub_lines_2154|CH_pub_lines_2155|CH_pub_lines_2156;CH_pub_lines_963|CH_pub_lines_964|CH_pub_lines_965
2020_3428_69,CH_3428_2020,3428,2020,3,111.16278|COLMETTA,32,COLMETTA,111.16278,CH_pub_lines_2154|CH_pub_lines_2155|CH_pub_lines_2156,CH_pub_lines_963|CH_pub_lines_964|CH_pub_lines_965,3,3,9.43333333333,9.82666666667,9.63,9.63,-1.7763568394e-15,-1.84460730987e-14,-0.196666666667,400,noncausal_matched_source_diagnostic,False,413,721,11.8,12.1,-0.3,CH_pub_lines_2154;CH_pub_lines_963,78.9,80.1,-1.2,CH_pub_lines_2154|CH_pub_lines_2155|CH_pub_lines_2156;CH_pub_lines_963|CH_pub_lines_964|CH_pub_lines_965
2020_8566_7,CH_8566_2020,8566,2020,1,111.16278|COLMETTA,32,COLMETTA,111.16278,CH_pub_lines_2157|CH_pub_lines_2158|CH_pub_lines_2159,CH_pub_lines_966|CH_pub_lines_967|CH_pub_lines_968,3,3,9.05333333333,8.91,9.52,8.98166666667,0.538333333333,5.99369085174,0.466666666667,400,noncausal_matched_source_diagnostic,False,417,725,11.4,10.9,0.5,CH_pub_lines_2157;CH_pub_lines_966,78.3,77.2833333333,1.01666666667,CH_pub_lines_2157|CH_pub_lines_2158|CH_pub_lines_2159;CH_pub_lines_966|CH_pub_lines_967|CH_pub_lines_968
2020_8566_44,CH_8566_2020,8566,2020,2,111.16278|COLMETTA,32,COLMETTA,111.16278,CH_pub_lines_2157|CH_pub_lines_2158|CH_pub_lines_2159,CH_pub_lines_966|CH_pub_lines_967|CH_pub_lines_968,3,3,9.05333333333,8.91,9.14,8.98166666667,0.158333333333,1.76285025051,0.0866666666667,400,noncausal_matched_source_diagnostic,False,418,726,11.4,10.9,0.5,CH_pub_lines_2157;CH_pub_lines_966,77.2,77.2833333333,-0.0833333333333,CH_pub_lines_2157|CH_pub_lines_2158|CH_pub_lines_2159;CH_pub_lines_966|CH_pub_lines_967|CH_pub_lines_968
2020_8566_65,CH_8566_2020,8566,2020,3,111.16278|COLMETTA,32,COLMETTA,111.16278,CH_pub_lines_2157|CH_pub_lines_2158|CH_pub_lines_2159,CH_pub_lines_966|CH_pub_lines_967|CH_pub_lines_968,3,3,9.05333333333,8.91,8.44,8.98166666667,-0.541666666667,-6.03080348859,-0.613333333333,400,noncausal_matched_source_diagnostic,False,419,727,11.4,10.9,0.5,CH_pub_lines_2157;CH_pub_lines_966,77.7,77.2833333333,0.416666666667,CH_pub_lines_2157|CH_pub_lines_2158|CH_pub_lines_2159;CH_pub_lines_966|CH_pub_lines_967|CH_pub_lines_968
2019_1260_7,CH_1260_2019,1260,2019,1,CAMPANILE|DIAVEL,1,DIAVEL,CAMPANILE,CH_pub_lines_2280|CH_pub_lines_2281|CH_pub_lines_2282,CH_pub_lines_1900|CH_pub_lines_1901|CH_pub_lines_1902,3,3,6.03333333333,6.84,5.62,6.43666666667,-0.816666666667,-12.6877265665,-1.22,350,noncausal_matched_source_diagnostic,False,450,786,10.2,9.95,0.25,CH_pub_lines_2280|CH_pub_lines_2281|CH_pub_lines_2282;CH_pub_lines_1900|CH_pub_lines_1901|CH_pub_lines_1902,80.7,84.4333333333,-3.73333333333,CH_pub_lines_2280|CH_pub_lines_2281|CH_pub_lines_2282;CH_pub_lines_1900|CH_pub_lines_1901|CH_pub_lines_1902
2019_1260_7,CH_1260_2019,1260,2019,1,CAMPANILE|DIAVEL,42,DIAVEL,CAMPANILE,CH_pub_lines_2377|CH_pub_lines_2378|CH_pub_lines_2379,CH_pub_lines_1996|CH_pub_lines_1997|CH_pub_lines_1998,3,3,6.10333333333,6.69333333333,5.62,6.39833333333,-0.778333333333,-12.1646262047,-1.07333333333,350,noncausal_matched_source_diagnostic,False,450,786,10.2,10.8833333333,-0.683333333333,CH_pub_lines_2377|CH_pub_lines_2378|CH_pub_lines_2379;CH_pub_lines_1996|CH_pub_lines_1997|CH_pub_lines_1998,80.7,82.85,-2.15,CH_pub_lines_2377|CH_pub_lines_2378;CH_pub_lines_1996|CH_pub_lines_1997|CH_pub_lines_1998
2019_1260_28,CH_1260_2019,1260,2019,2,CAMPANILE|DIAVEL,1,DIAVEL,CAMPANILE,CH_pub_lines_2280|CH_pub_lines_2281|CH_pub_lines_2282,CH_pub_lines_1900|CH_pub_lines_1901|CH_pub_lines_1902,3,3,6.03333333333,6.84,6.58,6.43666666667,0.143333333333,2.22682547903,-0.26,350,noncausal_matched_source_diagnostic,False,451,787,10.2,9.95,0.25,CH_pub_lines_2280|CH_pub_lines_2281|CH_pub_lines_2282;CH_pub_lines_1900|CH_pub_lines_1901|CH_pub_lines_1902,82,84.4333333333,-2.43333333333,CH_pub_lines_2280|CH_pub_lines_2281|CH_pub_lines_2282;CH_pub_lines_1900|CH_pub_lines_1901|CH_pub_lines_1902
2019_1260_28,CH_1260_2019,1260,2019,2,CAMPANILE|DIAVEL,42,DIAVEL,CAMPANILE,CH_pub_lines_2377|CH_pub_lines_2378|CH_pub_lines_2379,CH_pub_lines_1996|CH_pub_lines_1997|CH_pub_lines_1998,3,3,6.10333333333,6.69333333333,6.58,6.39833333333,0.181666666667,2.83928106278,-0.113333333333,350,noncausal_matched_source_diagnostic,False,451,787,10.2,10.8833333333,-0.683333333333,CH_pub_lines_2377|CH_pub_lines_2378|CH_pub_lines_2379;CH_pub_lines_1996|CH_pub_lines_1997|CH_pub_lines_1998,82,82.85,-0.85,CH_pub_lines_2377|CH_pub_lines_2378;CH_pub_lines_1996|CH_pub_lines_1997|CH_pub_lines_1998
2019_1260_74,CH_1260_2019,1260,2019,3,CAMPANILE|DIAVEL,1,DIAVEL,CAMPANILE,CH_pub_lines_2280|CH_pub_lines_2281|CH_pub_lines_2282,CH_pub_lines_1900|CH_pub_lines_1901|CH_pub_lines_1902,3,3,6.03333333333,6.84,6.57,6.43666666667,0.133333333333,2.07146556189,-0.27,350,noncausal_matched_source_diagnostic,False,452,788,10.2,9.95,0.25,CH_pub_lines_2280|CH_pub_lines_2281|CH_pub_lines_2282;CH_pub_lines_1900|CH_pub_lines_1901|CH_pub_lines_1902,82.3,84.4333333333,-2.13333333333,CH_pub_lines_2280|CH_pub_lines_2281|CH_pub_lines_2282;CH_pub_lines_1900|CH_pub_lines_1901|CH_pub_lines_1902
2019_1260_74,CH_1260_2019,1260,2019,3,CAMPANILE|DIAVEL,42,DIAVEL,CAMPANILE,CH_pub_lines_2377|CH_pub_lines_2378|CH_pub_lines_2379,CH_pub_lines_1996|CH_pub_lines_1997|CH_pub_lines_1998,3,3,6.10333333333,6.69333333333,6.57,6.39833333333,0.171666666667,2.68299036207,-0.123333333333,350,noncausal_matched_source_diagnostic,False,452,788,10.2,10.8833333333,-0.683333333333,CH_pub_lines_2377|CH_pub_lines_2378|CH_pub_lines_2379;CH_pub_lines_1996|CH_pub_lines_1997|CH_pub_lines_1998,82.3,82.85,-0.55,CH_pub_lines_2377|CH_pub_lines_2378;CH_pub_lines_1996|CH_pub_lines_1997|CH_pub_lines_1998
2019_1567_17,CH_1567_2019,1567,2019,1,CAMPANILE|DIAVEL,1,DIAVEL,CAMPANILE,CH_pub_lines_2283|CH_pub_lines_2284|CH_pub_lines_2285|CH_pub_lines_2286,CH_pub_lines_1903|CH_pub_lines_1904|CH_pub_lines_1905|CH_pub_lines_1906,4,4,7.2425,7.9175,7.13,7.58,-0.45,-5.93667546174,-0.7875,350,noncausal_matched_source_diagnostic,False,453,789,12.5,14.05,-1.55,CH_pub_lines_2283;CH_pub_lines_1903,79.9,79.175,0.725,CH_pub_lines_2283|CH_pub_lines_2284|CH_pub_lines_2285|CH_pub_lines_2286;CH_pub_lines_1903|CH_pub_lines_1904|CH_pub_lines_1905|CH_pub_lines_1906
2019_1567_46,CH_1567_2019,1567,2019,2,CAMPANILE|DIAVEL,1,DIAVEL,CAMPANILE,CH_pub_lines_2283|CH_pub_lines_2284|CH_pub_lines_2285|CH_pub_lines_2286,CH_pub_lines_1903|CH_pub_lines_1904|CH_pub_lines_1905|CH_pub_lines_1906,4,4,7.2425,7.9175,7.39,7.58,-0.19,-2.50659630607,-0.5275,350,noncausal_matched_source_diagnostic,False,454,790,12.5,14.05,-1.55,CH_pub_lines_2283;CH_pub_lines_1903,79.7,79.175,0.525,CH_pub_lines_2283|CH_pub_lines_2284|CH_pub_lines_2285|CH_pub_lines_2286;CH_pub_lines_1903|CH_pub_lines_1904|CH_pub_lines_1905|CH_pub_lines_1906
2019_1567_65,CH_1567_2019,1567,2019,3,CAMPANILE|DIAVEL,1,DIAVEL,CAMPANILE,CH_pub_lines_2283|CH_pub_lines_2284|CH_pub_lines_2285|CH_pub_lines_2286,CH_pub_lines_1903|CH_pub_lines_1904|CH_pub_lines_1905|CH_pub_lines_1906,4,4,7.2425,7.9175,7.65,7.58,0.07,0.923482849604,-0.2675,350,noncausal_matched_source_diagnostic,False,455,791,12.5,14.05,-1.55,CH_pub_lines_2283;CH_pub_lines_1903,79.6,79.175,0.425,CH_pub_lines_2283|CH_pub_lines_2284|CH_pub_lines_2285|CH_pub_lines_2286;CH_pub_lines_1903|CH_pub_lines_1904|CH_pub_lines_1905|CH_pub_lines_1906
2020_1260_18,CH_1260_2020,1260,2020,1,CAMPANILE|FALOTTA,1,FALOTTA,CAMPANILE,CH_pub_lines_2470|CH_pub_lines_2471|CH_pub_lines_2472,CH_pub_lines_1919|CH_pub_lines_1920|CH_pub_lines_1921,3,3,10.78,12.5633333333,7.81,11.6716666667,-3.86166666667,-33.0858203627,-4.75333333333,350,noncausal_matched_source_diagnostic,False,480,844,12.4,12.95,-0.55,CH_pub_lines_2470;CH_pub_lines_1919,85.9,74.0833333333,11.8166666667,CH_pub_lines_2470|CH_pub_lines_2471|CH_pub_lines_2472;CH_pub_lines_1919|CH_pub_lines_1920|CH_pub_lines_1921
2020_1260_18,CH_1260_2020,1260,2020,1,CAMPANILE|FALOTTA,42,FALOTTA,CAMPANILE,CH_pub_lines_2547|CH_pub_lines_2548|CH_pub_lines_2549,CH_pub_lines_2026|CH_pub_lines_2027|CH_pub_lines_2028,3,3,7.66666666667,9.26666666667,7.81,8.46666666667,-0.656666666667,-7.75590551181,-1.45666666667,350,noncausal_matched_source_diagnostic,False,480,844,12.4,13.75,-1.35,CH_pub_lines_2547|CH_pub_lines_2548|CH_pub_lines_2549;CH_pub_lines_2026|CH_pub_lines_2027|CH_pub_lines_2028,85.9,83.8833333333,2.01666666667,CH_pub_lines_2547|CH_pub_lines_2548|CH_pub_lines_2549;CH_pub_lines_2026|CH_pub_lines_2027|CH_pub_lines_2028
2020_1260_36,CH_1260_2020,1260,2020,2,CAMPANILE|FALOTTA,1,FALOTTA,CAMPANILE,CH_pub_lines_2470|CH_pub_lines_2471|CH_pub_lines_2472,CH_pub_lines_1919|CH_pub_lines_1920|CH_pub_lines_1921,3,3,10.78,12.5633333333,7.95,11.6716666667,-3.72166666667,-31.8863344281,-4.61333333333,350,noncausal_matched_source_diagnostic,False,481,845,12.4,12.95,-0.55,CH_pub_lines_2470;CH_pub_lines_1919,86,74.0833333333,11.9166666667,CH_pub_lines_2470|CH_pub_lines_2471|CH_pub_lines_2472;CH_pub_lines_1919|CH_pub_lines_1920|CH_pub_lines_1921
2020_1260_36,CH_1260_2020,1260,2020,2,CAMPANILE|FALOTTA,42,FALOTTA,CAMPANILE,CH_pub_lines_2547|CH_pub_lines_2548|CH_pub_lines_2549,CH_pub_lines_2026|CH_pub_lines_2027|CH_pub_lines_2028,3,3,7.66666666667,9.26666666667,7.95,8.46666666667,-0.516666666667,-6.10236220472,-1.31666666667,350,noncausal_matched_source_diagnostic,False,481,845,12.4,13.75,-1.35,CH_pub_lines_2547|CH_pub_lines_2548|CH_pub_lines_2549;CH_pub_lines_2026|CH_pub_lines_2027|CH_pub_lines_2028,86,83.8833333333,2.11666666667,CH_pub_lines_2547|CH_pub_lines_2548|CH_pub_lines_2549;CH_pub_lines_2026|CH_pub_lines_2027|CH_pub_lines_2028
2020_1260_72,CH_1260_2020,1260,2020,3,CAMPANILE|FALOTTA,1,FALOTTA,CAMPANILE,CH_pub_lines_2470|CH_pub_lines_2471|CH_pub_lines_2472,CH_pub_lines_1919|CH_pub_lines_1920|CH_pub_lines_1921,3,3,10.78,12.5633333333,7.94,11.6716666667,-3.73166666667,-31.9720119949,-4.62333333333,350,noncausal_matched_source_diagnostic,False,482,846,12.4,12.95,-0.55,CH_pub_lines_2470;CH_pub_lines_1919,85.2,74.0833333333,11.1166666667,CH_pub_lines_2470|CH_pub_lines_2471|CH_pub_lines_2472;CH_pub_lines_1919|CH_pub_lines_1920|CH_pub_lines_1921
2020_1260_72,CH_1260_2020,1260,2020,3,CAMPANILE|FALOTTA,42,FALOTTA,CAMPANILE,CH_pub_lines_2547|CH_pub_lines_2548|CH_pub_lines_2549,CH_pub_lines_2026|CH_pub_lines_2027|CH_pub_lines_2028,3,3,7.66666666667,9.26666666667,7.94,8.46666666667,-0.526666666667,-6.22047244094,-1.32666666667,350,noncausal_matched_source_diagnostic,False,482,846,12.4,13.75,-1.35,CH_pub_lines_2547|CH_pub_lines_2548|CH_pub_lines_2549;CH_pub_lines_2026|CH_pub_lines_2027|CH_pub_lines_2028,85.2,83.8833333333,1.31666666667,CH_pub_lines_2547|CH_pub_lines_2548|CH_pub_lines_2549;CH_pub_lines_2026|CH_pub_lines_2027|CH_pub_lines_2028
2020_1567_26,CH_1567_2020,1567,2020,2,CAMPANILE|FALOTTA,1,FALOTTA,CAMPANILE,CH_pub_lines_2473|CH_pub_lines_2476,CH_pub_lines_1922,2,1,6.33,6.02,6.1,6.175,-0.075,-1.21457489879,-0.23,350,noncausal_matched_source_diagnostic,False,484,848,14.1,13.7,0.4,CH_pub_lines_2473;CH_pub_lines_1922,80.1,79.325,0.775,CH_pub_lines_2473|CH_pub_lines_2476;CH_pub_lines_1922
2020_1567_75,CH_1567_2020,1567,2020,3,CAMPANILE|FALOTTA,1,FALOTTA,CAMPANILE,CH_pub_lines_2473|CH_pub_lines_2476,CH_pub_lines_1922,2,1,6.33,6.02,6.1,6.175,-0.075,-1.21457489879,-0.23,350,noncausal_matched_source_diagnostic,False,485,849,14.1,13.7,0.4,CH_pub_lines_2473;CH_pub_lines_1922,77.2,79.325,-2.125,CH_pub_lines_2473|CH_pub_lines_2476;CH_pub_lines_1922
2020_1260_21,CH_1260_2020,1260,2020,1,BONAVAU|FORTERESSE,1,FORTERESSE,BONAVAU,CH_pub_lines_2625|CH_pub_lines_2626|CH_pub_lines_2627,CH_pub_lines_1510|CH_pub_lines_1511|CH_pub_lines_1512,3,3,12.3766666667,10,9.55,11.1883333333,-1.63833333333,-14.6432295546,-2.82666666667,350,noncausal_matched_source_diagnostic,False,510,930,11.8,12.55,-0.75,CH_pub_lines_2625;CH_pub_lines_1510,85.6,75.1666666667,10.4333333333,CH_pub_lines_2625|CH_pub_lines_2626|CH_pub_lines_2627;CH_pub_lines_1510|CH_pub_lines_1511|CH_pub_lines_1512
2020_1260_21,CH_1260_2020,1260,2020,1,BONAVAU|FORTERESSE,42,FORTERESSE,BONAVAU,CH_pub_lines_2703|CH_pub_lines_2704|CH_pub_lines_2705,CH_pub_lines_1588|CH_pub_lines_1589|CH_pub_lines_1590,3,3,8.80666666667,8.03666666667,9.55,8.42166666667,1.12833333333,13.3979813972,0.743333333333,350,noncausal_matched_source_diagnostic,False,510,930,11.8,13.7,-1.9,CH_pub_lines_2703|CH_pub_lines_2704|CH_pub_lines_2705;CH_pub_lines_1588|CH_pub_lines_1589|CH_pub_lines_1590,85.6,84,1.6,CH_pub_lines_2703|CH_pub_lines_2704|CH_pub_lines_2705;CH_pub_lines_1588|CH_pub_lines_1589|CH_pub_lines_1590
2020_1260_35,CH_1260_2020,1260,2020,2,BONAVAU|FORTERESSE,1,FORTERESSE,BONAVAU,CH_pub_lines_2625|CH_pub_lines_2626|CH_pub_lines_2627,CH_pub_lines_1510|CH_pub_lines_1511|CH_pub_lines_1512,3,3,12.3766666667,10,8.39,11.1883333333,-2.79833333333,-25.0111723522,-3.98666666667,350,noncausal_matched_source_diagnostic,False,511,931,11.8,12.55,-0.75,CH_pub_lines_2625;CH_pub_lines_1510,86.1,75.1666666667,10.9333333333,CH_pub_lines_2625|CH_pub_lines_2626|CH_pub_lines_2627;CH_pub_lines_1510|CH_pub_lines_1511|CH_pub_lines_1512
2020_1260_35,CH_1260_2020,1260,2020,2,BONAVAU|FORTERESSE,42,FORTERESSE,BONAVAU,CH_pub_lines_2703|CH_pub_lines_2704|CH_pub_lines_2705,CH_pub_lines_1588|CH_pub_lines_1589|CH_pub_lines_1590,3,3,8.80666666667,8.03666666667,8.39,8.42166666667,-0.0316666666667,-0.376014248961,-0.416666666667,350,noncausal_matched_source_diagnostic,False,511,931,11.8,13.7,-1.9,CH_pub_lines_2703|CH_pub_lines_2704|CH_pub_lines_2705;CH_pub_lines_1588|CH_pub_lines_1589|CH_pub_lines_1590,86.1,84,2.1,CH_pub_lines_2703|CH_pub_lines_2704|CH_pub_lines_2705;CH_pub_lines_1588|CH_pub_lines_1589|CH_pub_lines_1590
2020_1260_68,CH_1260_2020,1260,2020,3,BONAVAU|FORTERESSE,1,FORTERESSE,BONAVAU,CH_pub_lines_2625|CH_pub_lines_2626|CH_pub_lines_2627,CH_pub_lines_1510|CH_pub_lines_1511|CH_pub_lines_1512,3,3,12.3766666667,10,7.97,11.1883333333,-3.21833333333,-28.7650826754,-4.40666666667,350,noncausal_matched_source_diagnostic,False,512,932,11.8,12.55,-0.75,CH_pub_lines_2625;CH_pub_lines_1510,85.5,75.1666666667,10.3333333333,CH_pub_lines_2625|CH_pub_lines_2626|CH_pub_lines_2627;CH_pub_lines_1510|CH_pub_lines_1511|CH_pub_lines_1512
2020_1260_68,CH_1260_2020,1260,2020,3,BONAVAU|FORTERESSE,42,FORTERESSE,BONAVAU,CH_pub_lines_2703|CH_pub_lines_2704|CH_pub_lines_2705,CH_pub_lines_1588|CH_pub_lines_1589|CH_pub_lines_1590,3,3,8.80666666667,8.03666666667,7.97,8.42166666667,-0.451666666667,-5.3631506036,-0.836666666667,350,noncausal_matched_source_diagnostic,False,512,932,11.8,13.7,-1.9,CH_pub_lines_2703|CH_pub_lines_2704|CH_pub_lines_2705;CH_pub_lines_1588|CH_pub_lines_1589|CH_pub_lines_1590,85.5,84,1.5,CH_pub_lines_2703|CH_pub_lines_2704|CH_pub_lines_2705;CH_pub_lines_1588|CH_pub_lines_1589|CH_pub_lines_1590
2020_1567_42,CH_1567_2020,1567,2020,2,BONAVAU|FORTERESSE,1,FORTERESSE,BONAVAU,CH_pub_lines_2628|CH_pub_lines_2631,CH_pub_lines_1513|CH_pub_lines_1516,2,2,7.515,6.22,7.65,6.8675,0.7825,11.3942482708,0.135,350,noncausal_matched_source_diagnostic,False,514,934,13.6,13.75,-0.15,CH_pub_lines_2628;CH_pub_lines_1513,80,77.8,2.2,CH_pub_lines_2628|CH_pub_lines_2631;CH_pub_lines_1513|CH_pub_lines_1516
2020_1567_63,CH_1567_2020,1567,2020,3,BONAVAU|FORTERESSE,1,FORTERESSE,BONAVAU,CH_pub_lines_2628|CH_pub_lines_2631,CH_pub_lines_1513|CH_pub_lines_1516,2,2,7.515,6.22,7.72,6.8675,0.8525,12.4135420459,0.205,350,noncausal_matched_source_diagnostic,False,515,935,13.6,13.75,-0.15,CH_pub_lines_2628;CH_pub_lines_1513,79.1,77.8,1.3,CH_pub_lines_2628|CH_pub_lines_2631;CH_pub_lines_1513|CH_pub_lines_1516
2019_1260_15,CH_1260_2019,1260,2019,1,ALPVAL|MOSSETTE,40,MOSSETTE,ALPVAL,CH_pub_lines_3563|CH_pub_lines_3564|CH_pub_lines_3565,CH_pub_lines_1110|CH_pub_lines_1111|CH_pub_lines_1112,3,3,5.26333333333,7.33333333333,5.46,6.29833333333,-0.838333333333,-13.3103995766,-1.87333333333,350,noncausal_matched_source_diagnostic,False,570,1018,10.4,12.6,-2.2,CH_pub_lines_3563;CH_pub_lines_1110,82.1,84.9333333333,-2.83333333333,CH_pub_lines_3563|CH_pub_lines_3564|CH_pub_lines_3565;CH_pub_lines_1110|CH_pub_lines_1111|CH_pub_lines_1112
2019_1260_42,CH_1260_2019,1260,2019,2,ALPVAL|MOSSETTE,40,MOSSETTE,ALPVAL,CH_pub_lines_3563|CH_pub_lines_3564|CH_pub_lines_3565,CH_pub_lines_1110|CH_pub_lines_1111|CH_pub_lines_1112,3,3,5.26333333333,7.33333333333,5.69,6.29833333333,-0.608333333333,-9.65863985181,-1.64333333333,350,noncausal_matched_source_diagnostic,False,571,1019,10.4,12.6,-2.2,CH_pub_lines_3563;CH_pub_lines_1110,81.4,84.9333333333,-3.53333333333,CH_pub_lines_3563|CH_pub_lines_3564|CH_pub_lines_3565;CH_pub_lines_1110|CH_pub_lines_1111|CH_pub_lines_1112
2019_1260_51,CH_1260_2019,1260,2019,3,ALPVAL|MOSSETTE,40,MOSSETTE,ALPVAL,CH_pub_lines_3563|CH_pub_lines_3564|CH_pub_lines_3565,CH_pub_lines_1110|CH_pub_lines_1111|CH_pub_lines_1112,3,3,5.26333333333,7.33333333333,6.23,6.29833333333,-0.0683333333333,-1.08494310664,-1.10333333333,350,noncausal_matched_source_diagnostic,False,572,1020,10.4,12.6,-2.2,CH_pub_lines_3563;CH_pub_lines_1110,80.1,84.9333333333,-4.83333333333,CH_pub_lines_3563|CH_pub_lines_3564|CH_pub_lines_3565;CH_pub_lines_1110|CH_pub_lines_1111|CH_pub_lines_1112
2019_1567_24,CH_1567_2019,1567,2019,1,ALPVAL|MOSSETTE,40,MOSSETTE,ALPVAL,CH_pub_lines_3569|CH_pub_lines_3570|CH_pub_lines_3571,CH_pub_lines_1116|CH_pub_lines_1117|CH_pub_lines_1118,3,3,6.50666666667,7.54333333333,6.83,7.025,-0.195,-2.77580071174,-0.713333333333,350,noncausal_matched_source_diagnostic,False,573,1021,13.3,12.3,1,CH_pub_lines_3569;CH_pub_lines_1116,81.7,79.7166666667,1.98333333333,CH_pub_lines_3569|CH_pub_lines_3570|CH_pub_lines_3571;CH_pub_lines_1116|CH_pub_lines_1117|CH_pub_lines_1118
2019_1567_42,CH_1567_2019,1567,2019,2,ALPVAL|MOSSETTE,40,MOSSETTE,ALPVAL,CH_pub_lines_3569|CH_pub_lines_3570|CH_pub_lines_3571,CH_pub_lines_1116|CH_pub_lines_1117|CH_pub_lines_1118,3,3,6.50666666667,7.54333333333,6.78,7.025,-0.245,-3.48754448399,-0.763333333333,350,noncausal_matched_source_diagnostic,False,574,1022,13.3,12.3,1,CH_pub_lines_3569;CH_pub_lines_1116,81.7,79.7166666667,1.98333333333,CH_pub_lines_3569|CH_pub_lines_3570|CH_pub_lines_3571;CH_pub_lines_1116|CH_pub_lines_1117|CH_pub_lines_1118
2019_1567_66,CH_1567_2019,1567,2019,3,ALPVAL|MOSSETTE,40,MOSSETTE,ALPVAL,CH_pub_lines_3569|CH_pub_lines_3570|CH_pub_lines_3571,CH_pub_lines_1116|CH_pub_lines_1117|CH_pub_lines_1118,3,3,6.50666666667,7.54333333333,6.93,7.025,-0.095,-1.35231316726,-0.613333333333,350,noncausal_matched_source_diagnostic,False,575,1023,13.3,12.3,1,CH_pub_lines_3569;CH_pub_lines_1116,80.9,79.7166666667,1.18333333333,CH_pub_lines_3569|CH_pub_lines_3570|CH_pub_lines_3571;CH_pub_lines_1116|CH_pub_lines_1117|CH_pub_lines_1118
2019_8566_16,CH_8566_2019,8566,2019,1,ALPVAL|MOSSETTE,40,MOSSETTE,ALPVAL,CH_pub_lines_3587|CH_pub_lines_3588|CH_pub_lines_3589,CH_pub_lines_1134|CH_pub_lines_1135|CH_pub_lines_1136,3,3,7.21666666667,8.03333333333,6.98,7.625,-0.645,-8.45901639344,-1.05333333333,400,noncausal_matched_source_diagnostic,False,582,1030,14.7,14.7,0,CH_pub_lines_3587;CH_pub_lines_1134,81.8,80.4166666667,1.38333333333,CH_pub_lines_3587|CH_pub_lines_3588|CH_pub_lines_3589;CH_pub_lines_1134|CH_pub_lines_1135|CH_pub_lines_1136
2019_8566_38,CH_8566_2019,8566,2019,2,ALPVAL|MOSSETTE,40,MOSSETTE,ALPVAL,CH_pub_lines_3587|CH_pub_lines_3588|CH_pub_lines_3589,CH_pub_lines_1134|CH_pub_lines_1135|CH_pub_lines_1136,3,3,7.21666666667,8.03333333333,7.5,7.625,-0.125,-1.6393442623,-0.533333333333,400,noncausal_matched_source_diagnostic,False,583,1031,14.7,14.7,0,CH_pub_lines_3587;CH_pub_lines_1134,81.9,80.4166666667,1.48333333333,CH_pub_lines_3587|CH_pub_lines_3588|CH_pub_lines_3589;CH_pub_lines_1134|CH_pub_lines_1135|CH_pub_lines_1136
2019_8566_57,CH_8566_2019,8566,2019,3,ALPVAL|MOSSETTE,40,MOSSETTE,ALPVAL,CH_pub_lines_3587|CH_pub_lines_3588|CH_pub_lines_3589,CH_pub_lines_1134|CH_pub_lines_1135|CH_pub_lines_1136,3,3,7.21666666667,8.03333333333,7.57,7.625,-0.055,-0.72131147541,-0.463333333333,400,noncausal_matched_source_diagnostic,False,584,1032,14.7,14.7,0,CH_pub_lines_3587;CH_pub_lines_1134,81.7,80.4166666667,1.28333333333,CH_pub_lines_3587|CH_pub_lines_3588|CH_pub_lines_3589;CH_pub_lines_1134|CH_pub_lines_1135|CH_pub_lines_1136
