mixture_plot_id,environment_id,complete_constituent_controls_in_mixture_trial
2019_1260_9,CH_1260_2019,False
2019_1260_33,CH_1260_2019,False
2019_1260_72,CH_1260_2019,False
2019_1567_19,CH_1567_2019,False
2019_1567_41,CH_1567_2019,False
2019_1567_63,CH_1567_2019,False
2019_3428_23,CH_3428_2019,False
2019_3428_45,CH_3428_2019,False
2019_3428_59,CH_3428_2019,False
2019_8046_6,CH_8046_2019,False
2019_8046_31,CH_8046_2019,False
2019_8046_62,CH_8046_2019,False
2019_8566_17,CH_8566_2019,False
2019_8566_28,CH_8566_2019,False
2019_8566_74,CH_8566_2019,False
2020_1260_10,CH_1260_2020,False
2020_1260_46,CH_1260_2020,False
2020_1260_54,CH_1260_2020,False
2020_1567_27,CH_1567_2020,False
2020_1567_64,CH_1567_2020,False
2020_3428_16,CH_3428_2020,False
2020_3428_32,CH_3428_2020,False
2020_3428_64,CH_3428_2020,False
2020_8046_5,CH_8046_2020,False
2020_8046_34,CH_8046_2020,False
2020_8046_61,CH_8046_2020,False
2020_8566_6,CH_8566_2020,False
2020_8566_37,CH_8566_2020,False
2020_8566_73,CH_8566_2020,False
2019_1260_18,CH_1260_2019,False
2019_1260_49,CH_1260_2019,False
2019_1260_65,CH_1260_2019,False
2019_1567_21,CH_1567_2019,False
2019_1567_37,CH_1567_2019,False
2019_1567_68,CH_1567_2019,False
2019_3428_9,CH_3428_2019,False
2019_3428_49,CH_3428_2019,False
2019_3428_61,CH_3428_2019,False
2019_8046_19,CH_8046_2019,False
2019_8046_49,CH_8046_2019,False
2019_8046_61,CH_8046_2019,False
2019_8566_15,CH_8566_2019,False
2019_8566_42,CH_8566_2019,False
2019_8566_58,CH_8566_2019,False
2020_1260_20,CH_1260_2020,False
2020_1260_31,CH_1260_2020,False
2020_1260_62,CH_1260_2020,False
2020_1567_35,CH_1567_2020,False
2020_1567_53,CH_1567_2020,False
2020_3428_17,CH_3428_2020,False
2020_3428_49,CH_3428_2020,False
2020_3428_60,CH_3428_2020,False
2020_8046_3,CH_8046_2020,False
2020_8046_50,CH_8046_2020,False
2020_8046_59,CH_8046_2020,False
2020_8566_22,CH_8566_2020,False
2020_8566_35,CH_8566_2020,False
2020_8566_68,CH_8566_2020,False
2020_1260_13,CH_1260_2020,False
2020_1260_50,CH_1260_2020,False
2020_1260_57,CH_1260_2020,False
2020_1567_38,CH_1567_2020,False
2020_1567_67,CH_1567_2020,False
2020_3428_11,CH_3428_2020,False
2020_3428_33,CH_3428_2020,False
2020_3428_74,CH_3428_2020,False
2020_8046_8,CH_8046_2020,False
2020_8046_27,CH_8046_2020,False
2020_8046_71,CH_8046_2020,False
2020_8566_16,CH_8566_2020,False
2020_8566_29,CH_8566_2020,False
2020_8566_60,CH_8566_2020,False
2019_1260_16,CH_1260_2019,False
2019_1260_39,CH_1260_2019,False
2019_1260_53,CH_1260_2019,False
2019_1567_14,CH_1567_2019,False
2019_1567_44,CH_1567_2019,False
2019_1567_55,CH_1567_2019,False
2019_3428_16,CH_3428_2019,False
2019_3428_32,CH_3428_2019,False
2019_3428_73,CH_3428_2019,False
2019_8046_3,CH_8046_2019,False
2019_8046_38,CH_8046_2019,False
2019_8046_74,CH_8046_2019,False
2019_8566_4,CH_8566_2019,False
2019_8566_50,CH_8566_2019,False
2019_8566_56,CH_8566_2019,False
2020_1260_23,CH_1260_2020,False
2020_1260_29,CH_1260_2020,False
2020_1260_61,CH_1260_2020,False
2020_1567_36,CH_1567_2020,False
2020_1567_69,CH_1567_2020,False
2020_3428_22,CH_3428_2020,False
2020_3428_35,CH_3428_2020,False
2020_3428_63,CH_3428_2020,False
2020_8046_15,CH_8046_2020,False
2020_8046_47,CH_8046_2020,False
2020_8046_58,CH_8046_2020,False
2020_8566_11,CH_8566_2020,False
2020_8566_50,CH_8566_2020,False
2020_8566_59,CH_8566_2020,False
2019_1260_23,CH_1260_2019,False
2019_1260_46,CH_1260_2019,False
2019_1260_55,CH_1260_2019,False
2019_1567_11,CH_1567_2019,False
2019_1567_57,CH_1567_2019,False
2019_3428_15,CH_3428_2019,False
2019_3428_38,CH_3428_2019,False
2019_3428_71,CH_3428_2019,False
2019_8046_20,CH_8046_2019,False
2019_8046_29,CH_8046_2019,False
2019_8046_63,CH_8046_2019,False
2019_8566_24,CH_8566_2019,False
2019_8566_49,CH_8566_2019,False
2019_8566_55,CH_8566_2019,False
2020_1260_5,CH_1260_2020,False
2020_1260_39,CH_1260_2020,False
2020_1260_71,CH_1260_2020,False
2020_1567_40,CH_1567_2020,False
2020_1567_58,CH_1567_2020,False
2020_3428_19,CH_3428_2020,False
2020_3428_30,CH_3428_2020,False
2020_3428_72,CH_3428_2020,False
2020_8046_22,CH_8046_2020,False
2020_8046_44,CH_8046_2020,False
2020_8046_56,CH_8046_2020,False
2020_8566_17,CH_8566_2020,False
2020_8566_28,CH_8566_2020,False
2020_8566_64,CH_8566_2020,False
2019_1260_10,CH_1260_2019,False
2019_1260_43,CH_1260_2019,False
2019_1260_54,CH_1260_2019,False
2019_1567_1,CH_1567_2019,False
2019_1567_38,CH_1567_2019,False
2019_1567_74,CH_1567_2019,False
2019_3428_11,CH_3428_2019,False
2019_3428_33,CH_3428_2019,False
2019_3428_52,CH_3428_2019,False
2019_8046_1,CH_8046_2019,False
2019_8046_33,CH_8046_2019,False
2019_8046_57,CH_8046_2019,False
2019_8566_7,CH_8566_2019,False
2019_8566_26,CH_8566_2019,False
2019_8566_73,CH_8566_2019,False
2020_1260_11,CH_1260_2020,False
2020_1260_44,CH_1260_2020,False
2020_1260_52,CH_1260_2020,False
2020_1567_50,CH_1567_2020,False
2020_1567_61,CH_1567_2020,False
2020_3428_3,CH_3428_2020,False
2020_3428_45,CH_3428_2020,False
2020_3428_59,CH_3428_2020,False
2020_8046_9,CH_8046_2020,False
2020_8046_28,CH_8046_2020,False
2020_8046_72,CH_8046_2020,False
2020_8566_9,CH_8566_2020,False
2020_8566_30,CH_8566_2020,False
2020_8566_72,CH_8566_2020,False
2019_1260_21,CH_1260_2019,False
2019_1260_36,CH_1260_2019,False
2019_1260_58,CH_1260_2019,False
2019_1567_13,CH_1567_2019,False
2019_1567_29,CH_1567_2019,False
2019_1567_70,CH_1567_2019,False
2019_3428_20,CH_3428_2019,False
2019_3428_37,CH_3428_2019,False
2019_3428_56,CH_3428_2019,False
2019_8046_15,CH_8046_2019,False
2019_8046_27,CH_8046_2019,False
2019_8046_58,CH_8046_2019,False
2019_8566_8,CH_8566_2019,False
2019_8566_31,CH_8566_2019,False
2019_8566_62,CH_8566_2019,False
2020_1260_9,CH_1260_2020,False
2020_1260_43,CH_1260_2020,False
2020_1260_75,CH_1260_2020,False
2020_1567_31,CH_1567_2020,False
2020_1567_52,CH_1567_2020,False
2020_3428_20,CH_3428_2020,False
2020_3428_39,CH_3428_2020,False
2020_3428_58,CH_3428_2020,False
2020_8046_2,CH_8046_2020,False
2020_8046_36,CH_8046_2020,False
2020_8046_74,CH_8046_2020,False
2020_8566_8,CH_8566_2020,False
2020_8566_49,CH_8566_2020,False
2020_8566_61,CH_8566_2020,False
2019_1260_3,CH_1260_2019,False
2019_1260_50,CH_1260_2019,False
2019_1260_56,CH_1260_2019,False
2019_1567_9,CH_1567_2019,False
2019_1567_45,CH_1567_2019,False
2019_1567_73,CH_1567_2019,False
2019_3428_25,CH_3428_2019,False
2019_3428_40,CH_3428_2019,False
2019_3428_57,CH_3428_2019,False
2019_8046_7,CH_8046_2019,False
2019_8046_41,CH_8046_2019,False
2019_8046_54,CH_8046_2019,False
2019_8566_12,CH_8566_2019,False
2019_8566_27,CH_8566_2019,False
2019_8566_69,CH_8566_2019,False
2020_1260_25,CH_1260_2020,False
2020_1260_38,CH_1260_2020,False
2020_1260_67,CH_1260_2020,False
2020_1567_46,CH_1567_2020,False
2020_1567_55,CH_1567_2020,False
2020_3428_15,CH_3428_2020,False
2020_3428_28,CH_3428_2020,False
2020_3428_67,CH_3428_2020,False
2020_8046_21,CH_8046_2020,False
2020_8046_32,CH_8046_2020,False
2020_8046_63,CH_8046_2020,False
2020_8566_2,CH_8566_2020,False
2020_8566_48,CH_8566_2020,False
2020_8566_70,CH_8566_2020,False
2019_1260_19,CH_1260_2019,False
2019_1260_34,CH_1260_2019,False
2019_1260_62,CH_1260_2019,False
2019_1567_25,CH_1567_2019,False
2019_1567_32,CH_1567_2019,False
2019_1567_56,CH_1567_2019,False
2019_3428_21,CH_3428_2019,False
2019_3428_35,CH_3428_2019,False
2019_3428_68,CH_3428_2019,False
2019_8046_8,CH_8046_2019,False
2019_8046_36,CH_8046_2019,False
2019_8046_55,CH_8046_2019,False
2019_8566_25,CH_8566_2019,False
2019_8566_44,CH_8566_2019,False
2019_8566_63,CH_8566_2019,False
2019_1260_6,CH_1260_2019,False
2019_1260_38,CH_1260_2019,False
2019_1260_69,CH_1260_2019,False
2019_1567_7,CH_1567_2019,False
2019_1567_50,CH_1567_2019,False
2019_1567_53,CH_1567_2019,False
2019_3428_7,CH_3428_2019,False
2019_3428_29,CH_3428_2019,False
2019_3428_70,CH_3428_2019,False
2019_8046_9,CH_8046_2019,False
2019_8046_46,CH_8046_2019,False
2019_8046_72,CH_8046_2019,False
2019_8566_5,CH_8566_2019,False
2019_8566_45,CH_8566_2019,False
2019_8566_71,CH_8566_2019,False
2020_1260_22,CH_1260_2020,False
2020_1260_45,CH_1260_2020,False
2020_1260_59,CH_1260_2020,False
2020_1567_30,CH_1567_2020,False
2020_1567_57,CH_1567_2020,False
2020_3428_4,CH_3428_2020,False
2020_3428_31,CH_3428_2020,False
2020_3428_70,CH_3428_2020,False
2020_8046_19,CH_8046_2020,False
2020_8046_37,CH_8046_2020,False
2020_8046_75,CH_8046_2020,False
2020_8566_18,CH_8566_2020,False
2020_8566_40,CH_8566_2020,False
2020_8566_52,CH_8566_2020,False
2020_1260_3,CH_1260_2020,False
2020_1260_42,CH_1260_2020,False
2020_1260_64,CH_1260_2020,False
2020_1567_44,CH_1567_2020,False
2020_1567_56,CH_1567_2020,False
2020_3428_12,CH_3428_2020,False
2020_3428_46,CH_3428_2020,False
2020_3428_68,CH_3428_2020,False
2020_8046_13,CH_8046_2020,False
2020_8046_29,CH_8046_2020,False
2020_8046_60,CH_8046_2020,False
2020_8566_13,CH_8566_2020,False
2020_8566_45,CH_8566_2020,False
2020_8566_74,CH_8566_2020,False
2020_1260_14,CH_1260_2020,False
2020_1260_41,CH_1260_2020,False
2020_1260_55,CH_1260_2020,False
2020_1567_41,CH_1567_2020,False
2020_1567_54,CH_1567_2020,False
2020_3428_8,CH_3428_2020,False
2020_3428_42,CH_3428_2020,False
2020_3428_54,CH_3428_2020,False
2020_8046_23,CH_8046_2020,False
2020_8046_30,CH_8046_2020,False
2020_8046_69,CH_8046_2020,False
2020_8566_21,CH_8566_2020,False
2020_8566_43,CH_8566_2020,False
2020_8566_55,CH_8566_2020,False
2019_1260_8,CH_1260_2019,False
2019_1260_48,CH_1260_2019,False
2019_1260_70,CH_1260_2019,False
2019_1567_8,CH_1567_2019,False
2019_1567_30,CH_1567_2019,False
2019_1567_54,CH_1567_2019,False
2019_3428_12,CH_3428_2019,False
2019_3428_28,CH_3428_2019,False
2019_3428_60,CH_3428_2019,False
2019_8046_18,CH_8046_2019,False
2019_8046_39,CH_8046_2019,False
2019_8046_65,CH_8046_2019,False
2019_8566_13,CH_8566_2019,False
2019_8566_32,CH_8566_2019,False
2019_8566_75,CH_8566_2019,False
2020_1260_19,CH_1260_2020,False
2020_1260_28,CH_1260_2020,False
2020_1260_60,CH_1260_2020,False
2020_1567_32,CH_1567_2020,False
2020_1567_68,CH_1567_2020,False
2020_3428_2,CH_3428_2020,False
2020_3428_40,CH_3428_2020,False
2020_3428_71,CH_3428_2020,False
2020_8046_1,CH_8046_2020,False
2020_8046_38,CH_8046_2020,False
2020_8046_67,CH_8046_2020,False
2020_8566_20,CH_8566_2020,False
2020_8566_36,CH_8566_2020,False
2020_8566_54,CH_8566_2020,False
2019_1260_2,CH_1260_2019,False
2019_1260_30,CH_1260_2019,False
2019_1260_66,CH_1260_2019,False
2019_1567_18,CH_1567_2019,False
2019_1567_26,CH_1567_2019,False
2019_1567_59,CH_1567_2019,False
2019_3428_2,CH_3428_2019,False
2019_3428_26,CH_3428_2019,False
2019_3428_65,CH_3428_2019,False
2019_8046_10,CH_8046_2019,False
2019_8046_26,CH_8046_2019,False
2019_8046_68,CH_8046_2019,False
2019_8566_9,CH_8566_2019,False
2019_8566_46,CH_8566_2019,False
2019_8566_70,CH_8566_2019,False
2020_1260_8,CH_1260_2020,False
2020_1260_27,CH_1260_2020,False
2020_1260_69,CH_1260_2020,False
2020_1567_47,CH_1567_2020,False
2020_1567_65,CH_1567_2020,False
2020_3428_25,CH_3428_2020,False
2020_3428_36,CH_3428_2020,False
2020_3428_69,CH_3428_2020,False
2020_8046_17,CH_8046_2020,False
2020_8046_39,CH_8046_2020,False
2020_8046_51,CH_8046_2020,False
2020_8566_7,CH_8566_2020,False
2020_8566_44,CH_8566_2020,False
2020_8566_65,CH_8566_2020,False
2019_1260_13,CH_1260_2019,False
2019_1260_47,CH_1260_2019,False
2019_1260_60,CH_1260_2019,False
2019_1567_10,CH_1567_2019,False
2019_1567_35,CH_1567_2019,False
2019_1567_67,CH_1567_2019,False
2019_3428_4,CH_3428_2019,False
2019_3428_46,CH_3428_2019,False
2019_3428_58,CH_3428_2019,False
2019_8046_5,CH_8046_2019,False
2019_8046_28,CH_8046_2019,False
2019_8046_71,CH_8046_2019,False
2019_8566_20,CH_8566_2019,False
2019_8566_43,CH_8566_2019,False
2019_8566_54,CH_8566_2019,False
2020_1260_4,CH_1260_2020,False
2020_1260_40,CH_1260_2020,False
2020_1260_58,CH_1260_2020,False
2020_1567_49,CH_1567_2020,False
2020_1567_60,CH_1567_2020,False
2020_3428_13,CH_3428_2020,False
2020_3428_34,CH_3428_2020,False
2020_3428_66,CH_3428_2020,False
2020_8046_14,CH_8046_2020,False
2020_8046_46,CH_8046_2020,False
2020_8046_52,CH_8046_2020,False
2020_8566_23,CH_8566_2020,False
2020_8566_26,CH_8566_2020,False
2020_8566_67,CH_8566_2020,False
2019_1260_7,CH_1260_2019,False
2019_1260_28,CH_1260_2019,False
2019_1260_74,CH_1260_2019,False
2019_1567_17,CH_1567_2019,False
2019_1567_46,CH_1567_2019,False
2019_1567_65,CH_1567_2019,False
2019_3428_8,CH_3428_2019,False
2019_3428_44,CH_3428_2019,False
2019_3428_55,CH_3428_2019,False
2019_8046_4,CH_8046_2019,False
2019_8046_48,CH_8046_2019,False
2019_8046_70,CH_8046_2019,False
2019_8566_21,CH_8566_2019,False
2019_8566_39,CH_8566_2019,False
2019_8566_67,CH_8566_2019,False
2019_1260_4,CH_1260_2019,False
2019_1260_35,CH_1260_2019,False
2019_1260_67,CH_1260_2019,False
2019_1567_15,CH_1567_2019,False
2019_1567_34,CH_1567_2019,False
2019_1567_51,CH_1567_2019,False
2019_3428_18,CH_3428_2019,False
2019_3428_42,CH_3428_2019,False
2019_3428_54,CH_3428_2019,False
2019_8046_12,CH_8046_2019,False
2019_8046_42,CH_8046_2019,False
2019_8046_69,CH_8046_2019,False
2019_8566_6,CH_8566_2019,False
2019_8566_36,CH_8566_2019,False
2019_8566_52,CH_8566_2019,False
2020_1260_18,CH_1260_2020,False
2020_1260_36,CH_1260_2020,False
2020_1260_72,CH_1260_2020,False
2020_1567_26,CH_1567_2020,False
2020_1567_75,CH_1567_2020,False
2020_3428_7,CH_3428_2020,False
2020_3428_38,CH_3428_2020,False
2020_3428_55,CH_3428_2020,False
2020_8046_25,CH_8046_2020,False
2020_8046_43,CH_8046_2020,False
2020_8046_64,CH_8046_2020,False
2020_8566_4,CH_8566_2020,False
2020_8566_38,CH_8566_2020,False
2020_8566_56,CH_8566_2020,False
2019_1260_20,CH_1260_2019,False
2019_1260_44,CH_1260_2019,False
2019_1260_71,CH_1260_2019,False
2019_1567_3,CH_1567_2019,False
2019_1567_28,CH_1567_2019,False
2019_1567_71,CH_1567_2019,False
2019_3428_17,CH_3428_2019,False
2019_3428_27,CH_3428_2019,False
2019_3428_75,CH_3428_2019,False
2019_8046_23,CH_8046_2019,False
2019_8046_40,CH_8046_2019,False
2019_8046_66,CH_8046_2019,False
2019_8566_1,CH_8566_2019,False
2019_8566_40,CH_8566_2019,False
2019_8566_72,CH_8566_2019,False
2020_1260_21,CH_1260_2020,False
2020_1260_35,CH_1260_2020,False
2020_1260_68,CH_1260_2020,False
2020_1567_42,CH_1567_2020,False
2020_1567_63,CH_1567_2020,False
2020_3428_14,CH_3428_2020,False
2020_3428_47,CH_3428_2020,False
2020_3428_56,CH_3428_2020,False
2020_8046_6,CH_8046_2020,False
2020_8046_48,CH_8046_2020,False
2020_8046_70,CH_8046_2020,False
2020_8566_15,CH_8566_2020,False
2020_8566_27,CH_8566_2020,False
2020_8566_58,CH_8566_2020,False
2019_1260_11,CH_1260_2019,False
2019_1260_37,CH_1260_2019,False
2019_1260_68,CH_1260_2019,False
2019_1567_22,CH_1567_2019,False
2019_1567_47,CH_1567_2019,False
2019_1567_58,CH_1567_2019,False
2019_3428_6,CH_3428_2019,False
2019_3428_34,CH_3428_2019,False
2019_3428_62,CH_3428_2019,False
2019_8046_11,CH_8046_2019,False
2019_8046_32,CH_8046_2019,False
2019_8046_73,CH_8046_2019,False
2019_8566_23,CH_8566_2019,False
2019_8566_34,CH_8566_2019,False
2019_8566_66,CH_8566_2019,False
2020_1260_1,CH_1260_2020,False
2020_1260_32,CH_1260_2020,False
2020_1260_70,CH_1260_2020,False
2020_1567_43,CH_1567_2020,False
2020_1567_51,CH_1567_2020,False
2020_3428_18,CH_3428_2020,False
2020_3428_27,CH_3428_2020,False
2020_3428_61,CH_3428_2020,False
2020_8046_16,CH_8046_2020,False
2020_8046_35,CH_8046_2020,False
2020_8046_53,CH_8046_2020,False
2020_8566_19,CH_8566_2020,False
2020_8566_46,CH_8566_2020,False
2020_8566_63,CH_8566_2020,False
2020_1260_15,CH_1260_2020,False
2020_1260_26,CH_1260_2020,False
2020_1260_74,CH_1260_2020,False
2020_1567_33,CH_1567_2020,False
2020_1567_72,CH_1567_2020,False
2020_3428_10,CH_3428_2020,False
2020_3428_44,CH_3428_2020,False
2020_3428_53,CH_3428_2020,False
2020_8046_7,CH_8046_2020,False
2020_8046_40,CH_8046_2020,False
2020_8046_68,CH_8046_2020,False
2020_8566_12,CH_8566_2020,False
2020_8566_31,CH_8566_2020,False
2020_8566_53,CH_8566_2020,False
2019_1260_15,CH_1260_2019,False
2019_1260_42,CH_1260_2019,False
2019_1260_51,CH_1260_2019,False
2019_1567_24,CH_1567_2019,False
2019_1567_42,CH_1567_2019,False
2019_1567_66,CH_1567_2019,False
2019_3428_13,CH_3428_2019,False
2019_3428_43,CH_3428_2019,False
2019_3428_74,CH_3428_2019,False
2019_8046_17,CH_8046_2019,False
2019_8046_44,CH_8046_2019,False
2019_8046_75,CH_8046_2019,False
2019_8566_16,CH_8566_2019,False
2019_8566_38,CH_8566_2019,False
2019_8566_57,CH_8566_2019,False
2019_1260_24,CH_1260_2019,False
2019_1260_31,CH_1260_2019,False
2019_1260_52,CH_1260_2019,False
2019_1567_4,CH_1567_2019,False
2019_1567_43,CH_1567_2019,False
2019_1567_60,CH_1567_2019,False
2019_3428_1,CH_3428_2019,False
2019_3428_31,CH_3428_2019,False
2019_3428_67,CH_3428_2019,False
2019_8046_14,CH_8046_2019,False
2019_8046_47,CH_8046_2019,False
2019_8046_56,CH_8046_2019,False
2019_8566_22,CH_8566_2019,False
2019_8566_29,CH_8566_2019,False
2019_8566_61,CH_8566_2019,False
2020_1260_17,CH_1260_2020,False
2020_1260_33,CH_1260_2020,False
2020_1260_65,CH_1260_2020,False
2020_1567_48,CH_1567_2020,False
2020_1567_59,CH_1567_2020,False
2020_3428_6,CH_3428_2020,False
2020_3428_50,CH_3428_2020,False
2020_3428_52,CH_3428_2020,False
2020_8046_18,CH_8046_2020,False
2020_8046_49,CH_8046_2020,False
2020_8046_65,CH_8046_2020,False
2020_8566_24,CH_8566_2020,False
2020_8566_32,CH_8566_2020,False
2020_8566_51,CH_8566_2020,False
2019_1260_1,CH_1260_2019,False
2019_1260_40,CH_1260_2019,False
2019_1260_57,CH_1260_2019,False
2019_1567_16,CH_1567_2019,False
2019_1567_36,CH_1567_2019,False
2019_1567_52,CH_1567_2019,False
2019_3428_14,CH_3428_2019,False
2019_3428_48,CH_3428_2019,False
2019_3428_66,CH_3428_2019,False
2019_8046_21,CH_8046_2019,False
2019_8046_35,CH_8046_2019,False
2019_8046_67,CH_8046_2019,False
2019_8566_14,CH_8566_2019,False
2019_8566_47,CH_8566_2019,False
2019_8566_60,CH_8566_2019,False
2020_1260_24,CH_1260_2020,False
2020_1260_37,CH_1260_2020,False
2020_1260_51,CH_1260_2020,False
2020_1567_39,CH_1567_2020,False
2020_1567_70,CH_1567_2020,False
2020_3428_23,CH_3428_2020,False
2020_3428_41,CH_3428_2020,False
2020_3428_65,CH_3428_2020,False
2020_8046_12,CH_8046_2020,False
2020_8046_33,CH_8046_2020,False
2020_8046_66,CH_8046_2020,False
2020_8566_3,CH_8566_2020,False
2020_8566_34,CH_8566_2020,False
2020_8566_66,CH_8566_2020,False
2019_1260_5,CH_1260_2019,False
2019_1260_45,CH_1260_2019,False
2019_1260_59,CH_1260_2019,False
2019_1567_2,CH_1567_2019,False
2019_1567_48,CH_1567_2019,False
2019_1567_69,CH_1567_2019,False
2019_3428_10,CH_3428_2019,False
2019_3428_39,CH_3428_2019,False
2019_3428_51,CH_3428_2019,False
2019_8046_24,CH_8046_2019,False
2019_8046_50,CH_8046_2019,False
2019_8046_51,CH_8046_2019,False
2019_8566_3,CH_8566_2019,False
2019_8566_35,CH_8566_2019,False
2019_8566_64,CH_8566_2019,False
2020_1260_6,CH_1260_2020,False
2020_1260_47,CH_1260_2020,False
2020_1260_63,CH_1260_2020,False
2020_1567_28,CH_1567_2020,False
2020_1567_66,CH_1567_2020,False
2020_3428_5,CH_3428_2020,False
2020_3428_48,CH_3428_2020,False
2020_3428_62,CH_3428_2020,False
2020_8046_20,CH_8046_2020,False
2020_8046_26,CH_8046_2020,False
2020_8046_62,CH_8046_2020,False
2020_8566_1,CH_8566_2020,False
2020_8566_47,CH_8566_2020,False
2020_8566_69,CH_8566_2020,False
2019_1260_14,CH_1260_2019,False
2019_1260_32,CH_1260_2019,False
2019_1260_73,CH_1260_2019,False
2019_1567_5,CH_1567_2019,False
2019_1567_33,CH_1567_2019,False
2019_1567_61,CH_1567_2019,False
2019_3428_19,CH_3428_2019,False
2019_3428_47,CH_3428_2019,False
2019_3428_63,CH_3428_2019,False
2019_8046_25,CH_8046_2019,False
2019_8046_30,CH_8046_2019,False
2019_8046_53,CH_8046_2019,False
2019_8566_11,CH_8566_2019,False
2019_8566_37,CH_8566_2019,False
2019_8566_68,CH_8566_2019,False
2019_1260_17,CH_1260_2019,False
2019_1260_29,CH_1260_2019,False
2019_1260_61,CH_1260_2019,False
2019_1567_12,CH_1567_2019,False
2019_1567_49,CH_1567_2019,False
2019_1567_75,CH_1567_2019,False
2019_3428_5,CH_3428_2019,False
2019_3428_36,CH_3428_2019,False
2019_3428_72,CH_3428_2019,False
2019_8046_13,CH_8046_2019,False
2019_8046_37,CH_8046_2019,False
2019_8046_60,CH_8046_2019,False
2019_8566_18,CH_8566_2019,False
2019_8566_33,CH_8566_2019,False
2019_8566_51,CH_8566_2019,False
2020_1260_12,CH_1260_2020,False
2020_1260_34,CH_1260_2020,False
2020_1260_73,CH_1260_2020,False
2020_1567_37,CH_1567_2020,False
2020_1567_74,CH_1567_2020,False
2020_3428_9,CH_3428_2020,False
2020_3428_26,CH_3428_2020,False
2020_3428_75,CH_3428_2020,False
2020_8046_24,CH_8046_2020,False
2020_8046_31,CH_8046_2020,False
2020_8046_55,CH_8046_2020,False
2020_8566_10,CH_8566_2020,False
2020_8566_41,CH_8566_2020,False
2020_8566_62,CH_8566_2020,False
