plot_id,environment_id,var_numb,yield_t_ha,eligible,reason
2019_1260_9,CH_1260_2019,2,6.31,True,eligible_binary_mixture
2019_1260_33,CH_1260_2019,2,7.52,True,eligible_binary_mixture
2019_1260_72,CH_1260_2019,2,7.01,True,eligible_binary_mixture
2019_1567_19,CH_1567_2019,2,7.83,True,eligible_binary_mixture
2019_1567_41,CH_1567_2019,2,7.71,True,eligible_binary_mixture
2019_1567_63,CH_1567_2019,2,8.03,True,eligible_binary_mixture
2019_3428_23,CH_3428_2019,2,7.46,True,eligible_binary_mixture
2019_3428_45,CH_3428_2019,2,7.8,True,eligible_binary_mixture
2019_3428_59,CH_3428_2019,2,7.38,True,eligible_binary_mixture
2019_8046_6,CH_8046_2019,2,6.69,True,eligible_binary_mixture
2019_8046_31,CH_8046_2019,2,7.21,True,eligible_binary_mixture
2019_8046_62,CH_8046_2019,2,7.44,True,eligible_binary_mixture
2019_8566_17,CH_8566_2019,2,7.22,True,eligible_binary_mixture
2019_8566_28,CH_8566_2019,2,7.28,True,eligible_binary_mixture
2019_8566_74,CH_8566_2019,2,7.39,True,eligible_binary_mixture
2020_1260_10,CH_1260_2020,2,8.29,True,eligible_binary_mixture
2020_1260_46,CH_1260_2020,2,7.95,True,eligible_binary_mixture
2020_1260_54,CH_1260_2020,2,7.36,True,eligible_binary_mixture
2020_1567_20,CH_1567_2020,2,,False,missing_harvest
2020_1567_27,CH_1567_2020,2,7.6,True,eligible_binary_mixture
2020_1567_64,CH_1567_2020,2,7.95,True,eligible_binary_mixture
2020_3428_16,CH_3428_2020,2,8.64,True,eligible_binary_mixture
2020_3428_32,CH_3428_2020,2,9.26,True,eligible_binary_mixture
2020_3428_64,CH_3428_2020,2,8.96,True,eligible_binary_mixture
2020_8046_5,CH_8046_2020,2,9.6,True,eligible_binary_mixture
2020_8046_34,CH_8046_2020,2,9.6,True,eligible_binary_mixture
2020_8046_61,CH_8046_2020,2,9.23,True,eligible_binary_mixture
2020_8566_6,CH_8566_2020,2,9.76,True,eligible_binary_mixture
2020_8566_37,CH_8566_2020,2,9.07,True,eligible_binary_mixture
2020_8566_73,CH_8566_2020,2,6.14,True,eligible_binary_mixture
2019_1260_18,CH_1260_2019,2,5.45,True,eligible_binary_mixture
2019_1260_49,CH_1260_2019,2,6.22,True,eligible_binary_mixture
2019_1260_65,CH_1260_2019,2,7.21,True,eligible_binary_mixture
2019_1567_21,CH_1567_2019,2,7.33,True,eligible_binary_mixture
2019_1567_37,CH_1567_2019,2,7.6,True,eligible_binary_mixture
2019_1567_68,CH_1567_2019,2,7.71,True,eligible_binary_mixture
2019_3428_9,CH_3428_2019,2,7.58,True,eligible_binary_mixture
2019_3428_49,CH_3428_2019,2,7.57,True,eligible_binary_mixture
2019_3428_61,CH_3428_2019,2,8.09,True,eligible_binary_mixture
2019_8046_19,CH_8046_2019,2,7.04,True,eligible_binary_mixture
2019_8046_49,CH_8046_2019,2,6.87,True,eligible_binary_mixture
2019_8046_61,CH_8046_2019,2,7.29,True,eligible_binary_mixture
2019_8566_15,CH_8566_2019,2,7.5,True,eligible_binary_mixture
2019_8566_42,CH_8566_2019,2,7.31,True,eligible_binary_mixture
2019_8566_58,CH_8566_2019,2,6.9,True,eligible_binary_mixture
2020_1260_20,CH_1260_2020,2,8.6,True,eligible_binary_mixture
2020_1260_31,CH_1260_2020,2,9.48,True,eligible_binary_mixture
2020_1260_62,CH_1260_2020,2,8.51,True,eligible_binary_mixture
2020_1567_14,CH_1567_2020,2,,False,missing_harvest
2020_1567_35,CH_1567_2020,2,7.47,True,eligible_binary_mixture
2020_1567_53,CH_1567_2020,2,8.16,True,eligible_binary_mixture
2020_3428_17,CH_3428_2020,2,9.3,True,eligible_binary_mixture
2020_3428_49,CH_3428_2020,2,9.05,True,eligible_binary_mixture
2020_3428_60,CH_3428_2020,2,9.7,True,eligible_binary_mixture
2020_8046_3,CH_8046_2020,2,10.02,True,eligible_binary_mixture
2020_8046_50,CH_8046_2020,2,9.63,True,eligible_binary_mixture
2020_8046_59,CH_8046_2020,2,9.18,True,eligible_binary_mixture
2020_8566_22,CH_8566_2020,2,7.43,True,eligible_binary_mixture
2020_8566_35,CH_8566_2020,2,9.39,True,eligible_binary_mixture
2020_8566_68,CH_8566_2020,2,7,True,eligible_binary_mixture
2020_1260_13,CH_1260_2020,2,9.25,True,eligible_binary_mixture
2020_1260_50,CH_1260_2020,2,7.15,True,eligible_binary_mixture
2020_1260_57,CH_1260_2020,2,7.93,True,eligible_binary_mixture
2020_1567_25,CH_1567_2020,2,,False,missing_harvest
2020_1567_38,CH_1567_2020,2,7.81,True,eligible_binary_mixture
2020_1567_67,CH_1567_2020,2,7.94,True,eligible_binary_mixture
2020_3428_11,CH_3428_2020,2,9.38,True,eligible_binary_mixture
2020_3428_33,CH_3428_2020,2,9.37,True,eligible_binary_mixture
2020_3428_74,CH_3428_2020,2,9.06,True,eligible_binary_mixture
2020_8046_8,CH_8046_2020,2,9.56,True,eligible_binary_mixture
2020_8046_27,CH_8046_2020,2,9.95,True,eligible_binary_mixture
2020_8046_71,CH_8046_2020,2,9.92,True,eligible_binary_mixture
2020_8566_16,CH_8566_2020,2,10.79,True,eligible_binary_mixture
2020_8566_29,CH_8566_2020,2,8.7,True,eligible_binary_mixture
2020_8566_60,CH_8566_2020,2,6.68,True,eligible_binary_mixture
2019_1260_16,CH_1260_2019,2,6.16,True,eligible_binary_mixture
2019_1260_39,CH_1260_2019,2,6.7,True,eligible_binary_mixture
2019_1260_53,CH_1260_2019,2,7.42,True,eligible_binary_mixture
2019_1567_14,CH_1567_2019,2,6.94,True,eligible_binary_mixture
2019_1567_44,CH_1567_2019,2,7.3,True,eligible_binary_mixture
2019_1567_55,CH_1567_2019,2,7.87,True,eligible_binary_mixture
2019_3428_16,CH_3428_2019,2,7.91,True,eligible_binary_mixture
2019_3428_32,CH_3428_2019,2,8.24,True,eligible_binary_mixture
2019_3428_73,CH_3428_2019,2,7.81,True,eligible_binary_mixture
2019_8046_3,CH_8046_2019,2,6.75,True,eligible_binary_mixture
2019_8046_38,CH_8046_2019,2,7.15,True,eligible_binary_mixture
2019_8046_74,CH_8046_2019,2,6.92,True,eligible_binary_mixture
2019_8566_4,CH_8566_2019,2,7.63,True,eligible_binary_mixture
2019_8566_50,CH_8566_2019,2,7.43,True,eligible_binary_mixture
2019_8566_56,CH_8566_2019,2,7.76,True,eligible_binary_mixture
2020_1260_23,CH_1260_2020,2,8.45,True,eligible_binary_mixture
2020_1260_29,CH_1260_2020,2,7.92,True,eligible_binary_mixture
2020_1260_61,CH_1260_2020,2,6.8,True,eligible_binary_mixture
2020_1567_5,CH_1567_2020,2,,False,missing_harvest
2020_1567_36,CH_1567_2020,2,7.69,True,eligible_binary_mixture
2020_1567_69,CH_1567_2020,2,6.9,True,eligible_binary_mixture
2020_3428_22,CH_3428_2020,2,9.17,True,eligible_binary_mixture
2020_3428_35,CH_3428_2020,2,9.21,True,eligible_binary_mixture
2020_3428_63,CH_3428_2020,2,9.06,True,eligible_binary_mixture
2020_8046_15,CH_8046_2020,2,8.97,True,eligible_binary_mixture
2020_8046_47,CH_8046_2020,2,9.01,True,eligible_binary_mixture
2020_8046_58,CH_8046_2020,2,8.33,True,eligible_binary_mixture
2020_8566_11,CH_8566_2020,2,9.83,True,eligible_binary_mixture
2020_8566_50,CH_8566_2020,2,8.52,True,eligible_binary_mixture
2020_8566_59,CH_8566_2020,2,6.26,True,eligible_binary_mixture
2019_1260_23,CH_1260_2019,2,5.7,True,eligible_binary_mixture
2019_1260_46,CH_1260_2019,2,6.72,True,eligible_binary_mixture
2019_1260_55,CH_1260_2019,2,6.89,True,eligible_binary_mixture
2019_1567_11,CH_1567_2019,2,7.51,True,eligible_binary_mixture
2019_1567_39,CH_1567_2019,2,,False,missing_harvest
2019_1567_57,CH_1567_2019,2,8.34,True,eligible_binary_mixture
2019_3428_15,CH_3428_2019,2,8.43,True,eligible_binary_mixture
2019_3428_38,CH_3428_2019,2,8.3,True,eligible_binary_mixture
2019_3428_71,CH_3428_2019,2,8.02,True,eligible_binary_mixture
2019_8046_20,CH_8046_2019,2,7.29,True,eligible_binary_mixture
2019_8046_29,CH_8046_2019,2,7.33,True,eligible_binary_mixture
2019_8046_63,CH_8046_2019,2,7.59,True,eligible_binary_mixture
2019_8566_24,CH_8566_2019,2,7.66,True,eligible_binary_mixture
2019_8566_49,CH_8566_2019,2,7.69,True,eligible_binary_mixture
2019_8566_55,CH_8566_2019,2,7.37,True,eligible_binary_mixture
2020_1260_5,CH_1260_2020,2,7.87,True,eligible_binary_mixture
2020_1260_39,CH_1260_2020,2,6.91,True,eligible_binary_mixture
2020_1260_71,CH_1260_2020,2,6.74,True,eligible_binary_mixture
2020_1567_24,CH_1567_2020,2,,False,missing_harvest
2020_1567_40,CH_1567_2020,2,6.17,True,eligible_binary_mixture
2020_1567_58,CH_1567_2020,2,6.15,True,eligible_binary_mixture
2020_3428_19,CH_3428_2020,2,8.9,True,eligible_binary_mixture
2020_3428_30,CH_3428_2020,2,9.77,True,eligible_binary_mixture
2020_3428_72,CH_3428_2020,2,8.44,True,eligible_binary_mixture
2020_8046_22,CH_8046_2020,2,8.77,True,eligible_binary_mixture
2020_8046_44,CH_8046_2020,2,9.16,True,eligible_binary_mixture
2020_8046_56,CH_8046_2020,2,8.73,True,eligible_binary_mixture
2020_8566_17,CH_8566_2020,2,8.36,True,eligible_binary_mixture
2020_8566_28,CH_8566_2020,2,8.7,True,eligible_binary_mixture
2020_8566_64,CH_8566_2020,2,7.06,True,eligible_binary_mixture
2019_1260_10,CH_1260_2019,2,5.64,True,eligible_binary_mixture
2019_1260_43,CH_1260_2019,2,6.63,True,eligible_binary_mixture
2019_1260_54,CH_1260_2019,2,5.82,True,eligible_binary_mixture
2019_1567_1,CH_1567_2019,2,6.93,True,eligible_binary_mixture
2019_1567_38,CH_1567_2019,2,7.53,True,eligible_binary_mixture
2019_1567_74,CH_1567_2019,2,7.63,True,eligible_binary_mixture
2019_3428_11,CH_3428_2019,2,8.12,True,eligible_binary_mixture
2019_3428_33,CH_3428_2019,2,8.12,True,eligible_binary_mixture
2019_3428_52,CH_3428_2019,2,8.31,True,eligible_binary_mixture
2019_8046_1,CH_8046_2019,2,6.53,True,eligible_binary_mixture
2019_8046_33,CH_8046_2019,2,7.54,True,eligible_binary_mixture
2019_8046_57,CH_8046_2019,2,7.71,True,eligible_binary_mixture
2019_8566_7,CH_8566_2019,2,7.23,True,eligible_binary_mixture
2019_8566_26,CH_8566_2019,2,7.11,True,eligible_binary_mixture
2019_8566_73,CH_8566_2019,2,7.84,True,eligible_binary_mixture
2020_1260_11,CH_1260_2020,2,8.3,True,eligible_binary_mixture
2020_1260_44,CH_1260_2020,2,7.52,True,eligible_binary_mixture
2020_1260_52,CH_1260_2020,2,7.1,True,eligible_binary_mixture
2020_1567_17,CH_1567_2020,2,,False,missing_harvest
2020_1567_50,CH_1567_2020,2,7.46,True,eligible_binary_mixture
2020_1567_61,CH_1567_2020,2,6.26,True,eligible_binary_mixture
2020_3428_3,CH_3428_2020,2,9.05,True,eligible_binary_mixture
2020_3428_45,CH_3428_2020,2,9.59,True,eligible_binary_mixture
2020_3428_59,CH_3428_2020,2,8.77,True,eligible_binary_mixture
2020_8046_9,CH_8046_2020,2,9.32,True,eligible_binary_mixture
2020_8046_28,CH_8046_2020,2,9.38,True,eligible_binary_mixture
2020_8046_72,CH_8046_2020,2,9.21,True,eligible_binary_mixture
2020_8566_9,CH_8566_2020,2,8.76,True,eligible_binary_mixture
2020_8566_30,CH_8566_2020,2,8.36,True,eligible_binary_mixture
2020_8566_72,CH_8566_2020,2,7.21,True,eligible_binary_mixture
2019_1260_21,CH_1260_2019,2,6,True,eligible_binary_mixture
2019_1260_36,CH_1260_2019,2,6.43,True,eligible_binary_mixture
2019_1260_58,CH_1260_2019,2,6.94,True,eligible_binary_mixture
2019_1567_13,CH_1567_2019,2,7.32,True,eligible_binary_mixture
2019_1567_29,CH_1567_2019,2,7.79,True,eligible_binary_mixture
2019_1567_70,CH_1567_2019,2,7.96,True,eligible_binary_mixture
2019_3428_20,CH_3428_2019,2,8.8,True,eligible_binary_mixture
2019_3428_37,CH_3428_2019,2,8.26,True,eligible_binary_mixture
2019_3428_56,CH_3428_2019,2,8.14,True,eligible_binary_mixture
2019_8046_15,CH_8046_2019,2,6.78,True,eligible_binary_mixture
2019_8046_27,CH_8046_2019,2,6.89,True,eligible_binary_mixture
2019_8046_58,CH_8046_2019,2,7.45,True,eligible_binary_mixture
2019_8566_8,CH_8566_2019,2,7.43,True,eligible_binary_mixture
2019_8566_31,CH_8566_2019,2,7.44,True,eligible_binary_mixture
2019_8566_62,CH_8566_2019,2,7.42,True,eligible_binary_mixture
2020_1260_9,CH_1260_2020,2,8.17,True,eligible_binary_mixture
2020_1260_43,CH_1260_2020,2,8.02,True,eligible_binary_mixture
2020_1260_75,CH_1260_2020,2,8.32,True,eligible_binary_mixture
2020_1567_18,CH_1567_2020,2,,False,missing_harvest
2020_1567_31,CH_1567_2020,2,7.92,True,eligible_binary_mixture
2020_1567_52,CH_1567_2020,2,8.11,True,eligible_binary_mixture
2020_3428_20,CH_3428_2020,2,9.76,True,eligible_binary_mixture
2020_3428_39,CH_3428_2020,2,8.92,True,eligible_binary_mixture
2020_3428_58,CH_3428_2020,2,9.29,True,eligible_binary_mixture
2020_8046_2,CH_8046_2020,2,9.54,True,eligible_binary_mixture
2020_8046_36,CH_8046_2020,2,8.87,True,eligible_binary_mixture
2020_8046_74,CH_8046_2020,2,9.1,True,eligible_binary_mixture
2020_8566_8,CH_8566_2020,2,9.2,True,eligible_binary_mixture
2020_8566_49,CH_8566_2020,2,7.96,True,eligible_binary_mixture
2020_8566_61,CH_8566_2020,2,9.44,True,eligible_binary_mixture
2019_1260_3,CH_1260_2019,2,6.1,True,eligible_binary_mixture
2019_1260_50,CH_1260_2019,2,6.12,True,eligible_binary_mixture
2019_1260_56,CH_1260_2019,2,6.55,True,eligible_binary_mixture
2019_1567_9,CH_1567_2019,2,7.17,True,eligible_binary_mixture
2019_1567_45,CH_1567_2019,2,7.38,True,eligible_binary_mixture
2019_1567_73,CH_1567_2019,2,8.04,True,eligible_binary_mixture
2019_3428_25,CH_3428_2019,2,8.28,True,eligible_binary_mixture
2019_3428_40,CH_3428_2019,2,8.25,True,eligible_binary_mixture
2019_3428_57,CH_3428_2019,2,7.85,True,eligible_binary_mixture
2019_8046_7,CH_8046_2019,2,5.87,True,eligible_binary_mixture
2019_8046_41,CH_8046_2019,2,6.42,True,eligible_binary_mixture
2019_8046_54,CH_8046_2019,2,6.9,True,eligible_binary_mixture
2019_8566_12,CH_8566_2019,2,7.51,True,eligible_binary_mixture
2019_8566_27,CH_8566_2019,2,7.34,True,eligible_binary_mixture
2019_8566_69,CH_8566_2019,2,7.78,True,eligible_binary_mixture
2020_1260_25,CH_1260_2020,2,7.21,True,eligible_binary_mixture
2020_1260_38,CH_1260_2020,2,7.09,True,eligible_binary_mixture
2020_1260_67,CH_1260_2020,2,6.27,True,eligible_binary_mixture
2020_1567_9,CH_1567_2020,2,,False,missing_harvest
2020_1567_46,CH_1567_2020,2,5.65,True,eligible_binary_mixture
2020_1567_55,CH_1567_2020,2,6.79,True,eligible_binary_mixture
2020_3428_15,CH_3428_2020,2,9.88,True,eligible_binary_mixture
2020_3428_28,CH_3428_2020,2,9.55,True,eligible_binary_mixture
2020_3428_67,CH_3428_2020,2,8.19,True,eligible_binary_mixture
2020_8046_21,CH_8046_2020,2,8.8,True,eligible_binary_mixture
2020_8046_32,CH_8046_2020,2,8.86,True,eligible_binary_mixture
2020_8046_63,CH_8046_2020,2,8.98,True,eligible_binary_mixture
2020_8566_2,CH_8566_2020,2,8.59,True,eligible_binary_mixture
2020_8566_48,CH_8566_2020,2,8.33,True,eligible_binary_mixture
2020_8566_70,CH_8566_2020,2,6.93,True,eligible_binary_mixture
2019_1260_22,CH_1260_2019,4,6.13,False,undocumented_four_way_composition_weights
2019_1260_26,CH_1260_2019,4,7.4,False,undocumented_four_way_composition_weights
2019_1260_63,CH_1260_2019,4,6.57,False,undocumented_four_way_composition_weights
2019_1567_23,CH_1567_2019,4,7.4,False,undocumented_four_way_composition_weights
2019_1567_27,CH_1567_2019,4,7.34,False,undocumented_four_way_composition_weights
2019_1567_64,CH_1567_2019,4,7.81,False,undocumented_four_way_composition_weights
2019_3428_24,CH_3428_2019,4,7.54,False,undocumented_four_way_composition_weights
2019_3428_50,CH_3428_2019,4,8,False,undocumented_four_way_composition_weights
2019_3428_53,CH_3428_2019,4,8.22,False,undocumented_four_way_composition_weights
2019_8046_2,CH_8046_2019,4,5.7,False,undocumented_four_way_composition_weights
2019_8046_43,CH_8046_2019,4,6.94,False,undocumented_four_way_composition_weights
2019_8046_64,CH_8046_2019,4,6.92,False,undocumented_four_way_composition_weights
2019_8566_19,CH_8566_2019,4,7.68,False,undocumented_four_way_composition_weights
2019_8566_48,CH_8566_2019,4,7.84,False,undocumented_four_way_composition_weights
2019_8566_65,CH_8566_2019,4,7.51,False,undocumented_four_way_composition_weights
2020_1260_2,CH_1260_2020,4,7.9,False,undocumented_four_way_composition_weights
2020_1260_48,CH_1260_2020,4,7.36,False,undocumented_four_way_composition_weights
2020_1260_56,CH_1260_2020,4,7.59,False,undocumented_four_way_composition_weights
2020_1567_11,CH_1567_2020,4,,False,undocumented_four_way_composition_weights
2020_1567_29,CH_1567_2020,4,7.25,False,undocumented_four_way_composition_weights
2020_1567_73,CH_1567_2020,4,8.08,False,undocumented_four_way_composition_weights
2020_3428_1,CH_3428_2020,4,8.95,False,undocumented_four_way_composition_weights
2020_3428_37,CH_3428_2020,4,9.24,False,undocumented_four_way_composition_weights
2020_3428_73,CH_3428_2020,4,8.48,False,undocumented_four_way_composition_weights
2020_8046_4,CH_8046_2020,4,9.25,False,undocumented_four_way_composition_weights
2020_8046_42,CH_8046_2020,4,9.26,False,undocumented_four_way_composition_weights
2020_8046_73,CH_8046_2020,4,8.81,False,undocumented_four_way_composition_weights
2020_8566_25,CH_8566_2020,4,7.38,False,undocumented_four_way_composition_weights
2020_8566_39,CH_8566_2020,4,7.47,False,undocumented_four_way_composition_weights
2020_8566_57,CH_8566_2020,4,7.84,False,undocumented_four_way_composition_weights
2019_1260_19,CH_1260_2019,2,6.36,True,eligible_binary_mixture
2019_1260_34,CH_1260_2019,2,7.2,True,eligible_binary_mixture
2019_1260_62,CH_1260_2019,2,6.89,True,eligible_binary_mixture
2019_1567_25,CH_1567_2019,2,7.21,True,eligible_binary_mixture
2019_1567_32,CH_1567_2019,2,7.64,True,eligible_binary_mixture
2019_1567_56,CH_1567_2019,2,7.9,True,eligible_binary_mixture
2019_3428_21,CH_3428_2019,2,7.9,True,eligible_binary_mixture
2019_3428_35,CH_3428_2019,2,7.95,True,eligible_binary_mixture
2019_3428_68,CH_3428_2019,2,7.6,True,eligible_binary_mixture
2019_8046_8,CH_8046_2019,2,7.06,True,eligible_binary_mixture
2019_8046_36,CH_8046_2019,2,6.16,True,eligible_binary_mixture
2019_8046_55,CH_8046_2019,2,8.21,True,eligible_binary_mixture
2019_8566_25,CH_8566_2019,2,7.82,True,eligible_binary_mixture
2019_8566_44,CH_8566_2019,2,7.71,True,eligible_binary_mixture
2019_8566_63,CH_8566_2019,2,6.69,True,eligible_binary_mixture
2019_1260_6,CH_1260_2019,2,5.81,True,eligible_binary_mixture
2019_1260_38,CH_1260_2019,2,6.45,True,eligible_binary_mixture
2019_1260_69,CH_1260_2019,2,6.69,True,eligible_binary_mixture
2019_1567_7,CH_1567_2019,2,7.2,True,eligible_binary_mixture
2019_1567_50,CH_1567_2019,2,7.37,True,eligible_binary_mixture
2019_1567_53,CH_1567_2019,2,7.34,True,eligible_binary_mixture
2019_3428_7,CH_3428_2019,2,8.18,True,eligible_binary_mixture
2019_3428_29,CH_3428_2019,2,7.8,True,eligible_binary_mixture
2019_3428_70,CH_3428_2019,2,7.99,True,eligible_binary_mixture
2019_8046_9,CH_8046_2019,2,6.42,True,eligible_binary_mixture
2019_8046_46,CH_8046_2019,2,6.53,True,eligible_binary_mixture
2019_8046_72,CH_8046_2019,2,7.66,True,eligible_binary_mixture
2019_8566_5,CH_8566_2019,2,7.45,True,eligible_binary_mixture
2019_8566_45,CH_8566_2019,2,7.26,True,eligible_binary_mixture
2019_8566_71,CH_8566_2019,2,7.94,True,eligible_binary_mixture
2020_1260_22,CH_1260_2020,2,7.66,True,eligible_binary_mixture
2020_1260_45,CH_1260_2020,2,7.41,True,eligible_binary_mixture
2020_1260_59,CH_1260_2020,2,7.32,True,eligible_binary_mixture
2020_1567_23,CH_1567_2020,2,,False,missing_harvest
2020_1567_30,CH_1567_2020,2,6.62,True,eligible_binary_mixture
2020_1567_57,CH_1567_2020,2,6.01,True,eligible_binary_mixture
2020_3428_4,CH_3428_2020,2,8.33,True,eligible_binary_mixture
2020_3428_31,CH_3428_2020,2,8.33,True,eligible_binary_mixture
2020_3428_70,CH_3428_2020,2,9.01,True,eligible_binary_mixture
2020_8046_19,CH_8046_2020,2,8.77,True,eligible_binary_mixture
2020_8046_37,CH_8046_2020,2,8.58,True,eligible_binary_mixture
2020_8046_75,CH_8046_2020,2,8.34,True,eligible_binary_mixture
2020_8566_18,CH_8566_2020,2,9.21,True,eligible_binary_mixture
2020_8566_40,CH_8566_2020,2,8.12,True,eligible_binary_mixture
2020_8566_52,CH_8566_2020,2,8.5,True,eligible_binary_mixture
2020_1260_3,CH_1260_2020,2,8.12,True,eligible_binary_mixture
2020_1260_42,CH_1260_2020,2,6.86,True,eligible_binary_mixture
2020_1260_64,CH_1260_2020,2,7.85,True,eligible_binary_mixture
2020_1567_3,CH_1567_2020,2,,False,missing_harvest
2020_1567_44,CH_1567_2020,2,6.05,True,eligible_binary_mixture
2020_1567_56,CH_1567_2020,2,6.26,True,eligible_binary_mixture
2020_3428_12,CH_3428_2020,2,9.03,True,eligible_binary_mixture
2020_3428_46,CH_3428_2020,2,8.52,True,eligible_binary_mixture
2020_3428_68,CH_3428_2020,2,8.86,True,eligible_binary_mixture
2020_8046_13,CH_8046_2020,2,9.37,True,eligible_binary_mixture
2020_8046_29,CH_8046_2020,2,9.16,True,eligible_binary_mixture
2020_8046_60,CH_8046_2020,2,8.98,True,eligible_binary_mixture
2020_8566_13,CH_8566_2020,2,8.94,True,eligible_binary_mixture
2020_8566_45,CH_8566_2020,2,8.56,True,eligible_binary_mixture
2020_8566_74,CH_8566_2020,2,6.23,True,eligible_binary_mixture
2020_1260_14,CH_1260_2020,2,8,True,eligible_binary_mixture
2020_1260_41,CH_1260_2020,2,8.04,True,eligible_binary_mixture
2020_1260_55,CH_1260_2020,2,6.42,True,eligible_binary_mixture
2020_1567_15,CH_1567_2020,2,,False,missing_harvest
2020_1567_41,CH_1567_2020,2,6.41,True,eligible_binary_mixture
2020_1567_54,CH_1567_2020,2,6.35,True,eligible_binary_mixture
2020_3428_8,CH_3428_2020,2,9.61,True,eligible_binary_mixture
2020_3428_42,CH_3428_2020,2,9.44,True,eligible_binary_mixture
2020_3428_54,CH_3428_2020,2,9.31,True,eligible_binary_mixture
2020_8046_23,CH_8046_2020,2,9.77,True,eligible_binary_mixture
2020_8046_30,CH_8046_2020,2,9.01,True,eligible_binary_mixture
2020_8046_69,CH_8046_2020,2,9.45,True,eligible_binary_mixture
2020_8566_21,CH_8566_2020,2,10.14,True,eligible_binary_mixture
2020_8566_43,CH_8566_2020,2,7.84,True,eligible_binary_mixture
2020_8566_55,CH_8566_2020,2,9.16,True,eligible_binary_mixture
2019_1260_8,CH_1260_2019,2,6.23,True,eligible_binary_mixture
2019_1260_48,CH_1260_2019,2,5.7,True,eligible_binary_mixture
2019_1260_70,CH_1260_2019,2,5.7,True,eligible_binary_mixture
2019_1567_8,CH_1567_2019,2,7.23,True,eligible_binary_mixture
2019_1567_30,CH_1567_2019,2,7.63,True,eligible_binary_mixture
2019_1567_54,CH_1567_2019,2,7.96,True,eligible_binary_mixture
2019_3428_12,CH_3428_2019,2,7.99,True,eligible_binary_mixture
2019_3428_28,CH_3428_2019,2,8.08,True,eligible_binary_mixture
2019_3428_60,CH_3428_2019,2,7.83,True,eligible_binary_mixture
2019_8046_18,CH_8046_2019,2,6.28,True,eligible_binary_mixture
2019_8046_39,CH_8046_2019,2,7.13,True,eligible_binary_mixture
2019_8046_65,CH_8046_2019,2,7.19,True,eligible_binary_mixture
2019_8566_13,CH_8566_2019,2,7.25,True,eligible_binary_mixture
2019_8566_32,CH_8566_2019,2,7.32,True,eligible_binary_mixture
2019_8566_75,CH_8566_2019,2,7.67,True,eligible_binary_mixture
2020_1260_19,CH_1260_2020,2,8.76,True,eligible_binary_mixture
2020_1260_28,CH_1260_2020,2,8.97,True,eligible_binary_mixture
2020_1260_60,CH_1260_2020,2,7.41,True,eligible_binary_mixture
2020_1567_21,CH_1567_2020,2,,False,missing_harvest
2020_1567_32,CH_1567_2020,2,7.53,True,eligible_binary_mixture
2020_1567_68,CH_1567_2020,2,7.23,True,eligible_binary_mixture
2020_3428_2,CH_3428_2020,2,9.17,True,eligible_binary_mixture
2020_3428_40,CH_3428_2020,2,8.77,True,eligible_binary_mixture
2020_3428_71,CH_3428_2020,2,8.2,True,eligible_binary_mixture
2020_8046_1,CH_8046_2020,2,9.5,True,eligible_binary_mixture
2020_8046_38,CH_8046_2020,2,9.79,True,eligible_binary_mixture
2020_8046_67,CH_8046_2020,2,9.77,True,eligible_binary_mixture
2020_8566_20,CH_8566_2020,2,8.81,True,eligible_binary_mixture
2020_8566_36,CH_8566_2020,2,9.93,True,eligible_binary_mixture
2020_8566_54,CH_8566_2020,2,8.09,True,eligible_binary_mixture
2019_1260_2,CH_1260_2019,2,6.21,True,eligible_binary_mixture
2019_1260_30,CH_1260_2019,2,6.75,True,eligible_binary_mixture
2019_1260_66,CH_1260_2019,2,6.03,True,eligible_binary_mixture
2019_1567_18,CH_1567_2019,2,7.2,True,eligible_binary_mixture
2019_1567_26,CH_1567_2019,2,7.24,True,eligible_binary_mixture
2019_1567_59,CH_1567_2019,2,7.89,True,eligible_binary_mixture
2019_3428_2,CH_3428_2019,2,8.2,True,eligible_binary_mixture
2019_3428_26,CH_3428_2019,2,8.2,True,eligible_binary_mixture
2019_3428_65,CH_3428_2019,2,8.36,True,eligible_binary_mixture
2019_8046_10,CH_8046_2019,2,6.84,True,eligible_binary_mixture
2019_8046_26,CH_8046_2019,2,5.99,True,eligible_binary_mixture
2019_8046_68,CH_8046_2019,2,6.36,True,eligible_binary_mixture
2019_8566_9,CH_8566_2019,2,7.11,True,eligible_binary_mixture
2019_8566_46,CH_8566_2019,2,7.79,True,eligible_binary_mixture
2019_8566_70,CH_8566_2019,2,6.78,True,eligible_binary_mixture
2020_1260_8,CH_1260_2020,2,9.61,True,eligible_binary_mixture
2020_1260_27,CH_1260_2020,2,9.32,True,eligible_binary_mixture
2020_1260_69,CH_1260_2020,2,8.59,True,eligible_binary_mixture
2020_1567_19,CH_1567_2020,2,,False,missing_harvest
2020_1567_47,CH_1567_2020,2,8.97,True,eligible_binary_mixture
2020_1567_65,CH_1567_2020,2,6.64,True,eligible_binary_mixture
2020_3428_25,CH_3428_2020,2,10.37,True,eligible_binary_mixture
2020_3428_36,CH_3428_2020,2,9.7,True,eligible_binary_mixture
2020_3428_69,CH_3428_2020,2,9.63,True,eligible_binary_mixture
2020_8046_17,CH_8046_2020,2,10.14,True,eligible_binary_mixture
2020_8046_39,CH_8046_2020,2,10.48,True,eligible_binary_mixture
2020_8046_51,CH_8046_2020,2,10.29,True,eligible_binary_mixture
2020_8566_7,CH_8566_2020,2,9.52,True,eligible_binary_mixture
2020_8566_44,CH_8566_2020,2,9.14,True,eligible_binary_mixture
2020_8566_65,CH_8566_2020,2,8.44,True,eligible_binary_mixture
2019_1260_13,CH_1260_2019,2,5.73,True,eligible_binary_mixture
2019_1260_47,CH_1260_2019,2,5.58,True,eligible_binary_mixture
2019_1260_60,CH_1260_2019,2,6.08,True,eligible_binary_mixture
2019_1567_10,CH_1567_2019,2,6.79,True,eligible_binary_mixture
2019_1567_35,CH_1567_2019,2,7.34,True,eligible_binary_mixture
2019_1567_67,CH_1567_2019,2,7.5,True,eligible_binary_mixture
2019_3428_4,CH_3428_2019,2,8.12,True,eligible_binary_mixture
2019_3428_46,CH_3428_2019,2,8.2,True,eligible_binary_mixture
2019_3428_58,CH_3428_2019,2,7.97,True,eligible_binary_mixture
2019_8046_5,CH_8046_2019,2,6.11,True,eligible_binary_mixture
2019_8046_28,CH_8046_2019,2,6.31,True,eligible_binary_mixture
2019_8046_71,CH_8046_2019,2,6.91,True,eligible_binary_mixture
2019_8566_20,CH_8566_2019,2,7.66,True,eligible_binary_mixture
2019_8566_43,CH_8566_2019,2,7.58,True,eligible_binary_mixture
2019_8566_54,CH_8566_2019,2,7.9,True,eligible_binary_mixture
2020_1260_4,CH_1260_2020,2,8.46,True,eligible_binary_mixture
2020_1260_40,CH_1260_2020,2,7.07,True,eligible_binary_mixture
2020_1260_58,CH_1260_2020,2,7.9,True,eligible_binary_mixture
2020_1567_13,CH_1567_2020,2,,False,missing_harvest
2020_1567_49,CH_1567_2020,2,6.49,True,eligible_binary_mixture
2020_1567_60,CH_1567_2020,2,7.49,True,eligible_binary_mixture
2020_3428_13,CH_3428_2020,2,8.98,True,eligible_binary_mixture
2020_3428_34,CH_3428_2020,2,9.3,True,eligible_binary_mixture
2020_3428_66,CH_3428_2020,2,7.98,True,eligible_binary_mixture
2020_8046_14,CH_8046_2020,2,9.1,True,eligible_binary_mixture
2020_8046_46,CH_8046_2020,2,9.46,True,eligible_binary_mixture
2020_8046_52,CH_8046_2020,2,9.3,True,eligible_binary_mixture
2020_8566_23,CH_8566_2020,2,6.87,True,eligible_binary_mixture
2020_8566_26,CH_8566_2020,2,9,True,eligible_binary_mixture
2020_8566_67,CH_8566_2020,2,6.69,True,eligible_binary_mixture
2019_1260_7,CH_1260_2019,2,5.62,True,eligible_binary_mixture
2019_1260_28,CH_1260_2019,2,6.58,True,eligible_binary_mixture
2019_1260_74,CH_1260_2019,2,6.57,True,eligible_binary_mixture
2019_1567_17,CH_1567_2019,2,7.13,True,eligible_binary_mixture
2019_1567_46,CH_1567_2019,2,7.39,True,eligible_binary_mixture
2019_1567_65,CH_1567_2019,2,7.65,True,eligible_binary_mixture
2019_3428_8,CH_3428_2019,2,8.08,True,eligible_binary_mixture
2019_3428_44,CH_3428_2019,2,7.84,True,eligible_binary_mixture
2019_3428_55,CH_3428_2019,2,8.16,True,eligible_binary_mixture
2019_8046_4,CH_8046_2019,2,6.35,True,eligible_binary_mixture
2019_8046_48,CH_8046_2019,2,6.78,True,eligible_binary_mixture
2019_8046_70,CH_8046_2019,2,6.8,True,eligible_binary_mixture
2019_8566_21,CH_8566_2019,2,7.15,True,eligible_binary_mixture
2019_8566_39,CH_8566_2019,2,8.17,True,eligible_binary_mixture
2019_8566_67,CH_8566_2019,2,8.27,True,eligible_binary_mixture
2019_1260_4,CH_1260_2019,2,6.13,True,eligible_binary_mixture
2019_1260_35,CH_1260_2019,2,6.43,True,eligible_binary_mixture
2019_1260_67,CH_1260_2019,2,6.48,True,eligible_binary_mixture
2019_1567_15,CH_1567_2019,2,7.48,True,eligible_binary_mixture
2019_1567_34,CH_1567_2019,2,7.69,True,eligible_binary_mixture
2019_1567_51,CH_1567_2019,2,8.13,True,eligible_binary_mixture
2019_3428_18,CH_3428_2019,2,8.14,True,eligible_binary_mixture
2019_3428_42,CH_3428_2019,2,8.32,True,eligible_binary_mixture
2019_3428_54,CH_3428_2019,2,8.09,True,eligible_binary_mixture
2019_8046_12,CH_8046_2019,2,6.55,True,eligible_binary_mixture
2019_8046_42,CH_8046_2019,2,7.57,True,eligible_binary_mixture
2019_8046_69,CH_8046_2019,2,7.13,True,eligible_binary_mixture
2019_8566_6,CH_8566_2019,2,7.88,True,eligible_binary_mixture
2019_8566_36,CH_8566_2019,2,7.73,True,eligible_binary_mixture
2019_8566_52,CH_8566_2019,2,8.12,True,eligible_binary_mixture
2020_1260_18,CH_1260_2020,2,7.81,True,eligible_binary_mixture
2020_1260_36,CH_1260_2020,2,7.95,True,eligible_binary_mixture
2020_1260_72,CH_1260_2020,2,7.94,True,eligible_binary_mixture
2020_1567_7,CH_1567_2020,2,,False,missing_harvest
2020_1567_26,CH_1567_2020,2,6.1,True,eligible_binary_mixture
2020_1567_75,CH_1567_2020,2,6.1,True,eligible_binary_mixture
2020_3428_7,CH_3428_2020,2,8.9,True,eligible_binary_mixture
2020_3428_38,CH_3428_2020,2,9.15,True,eligible_binary_mixture
2020_3428_55,CH_3428_2020,2,9.58,True,eligible_binary_mixture
2020_8046_25,CH_8046_2020,2,8.95,True,eligible_binary_mixture
2020_8046_43,CH_8046_2020,2,9.59,True,eligible_binary_mixture
2020_8046_64,CH_8046_2020,2,8.76,True,eligible_binary_mixture
2020_8566_4,CH_8566_2020,2,8.26,True,eligible_binary_mixture
2020_8566_38,CH_8566_2020,2,8.56,True,eligible_binary_mixture
2020_8566_56,CH_8566_2020,2,9.82,True,eligible_binary_mixture
2019_1260_20,CH_1260_2019,2,6.12,True,eligible_binary_mixture
2019_1260_44,CH_1260_2019,2,6.6,True,eligible_binary_mixture
2019_1260_71,CH_1260_2019,2,5.62,True,eligible_binary_mixture
2019_1567_3,CH_1567_2019,2,7.4,True,eligible_binary_mixture
2019_1567_28,CH_1567_2019,2,7.63,True,eligible_binary_mixture
2019_1567_71,CH_1567_2019,2,7.6,True,eligible_binary_mixture
2019_3428_17,CH_3428_2019,2,7.51,True,eligible_binary_mixture
2019_3428_27,CH_3428_2019,2,7.3,True,eligible_binary_mixture
2019_3428_75,CH_3428_2019,2,7.94,True,eligible_binary_mixture
2019_8046_23,CH_8046_2019,2,5.84,True,eligible_binary_mixture
2019_8046_40,CH_8046_2019,2,6.86,True,eligible_binary_mixture
2019_8046_66,CH_8046_2019,2,7.22,True,eligible_binary_mixture
2019_8566_1,CH_8566_2019,2,7.19,True,eligible_binary_mixture
2019_8566_40,CH_8566_2019,2,6.86,True,eligible_binary_mixture
2019_8566_72,CH_8566_2019,2,7.17,True,eligible_binary_mixture
2020_1260_21,CH_1260_2020,2,9.55,True,eligible_binary_mixture
2020_1260_35,CH_1260_2020,2,8.39,True,eligible_binary_mixture
2020_1260_68,CH_1260_2020,2,7.97,True,eligible_binary_mixture
2020_1567_1,CH_1567_2020,2,,False,missing_harvest
2020_1567_42,CH_1567_2020,2,7.65,True,eligible_binary_mixture
2020_1567_63,CH_1567_2020,2,7.72,True,eligible_binary_mixture
2020_3428_14,CH_3428_2020,2,8.47,True,eligible_binary_mixture
2020_3428_47,CH_3428_2020,2,8.64,True,eligible_binary_mixture
2020_3428_56,CH_3428_2020,2,8.26,True,eligible_binary_mixture
2020_8046_6,CH_8046_2020,2,9.14,True,eligible_binary_mixture
2020_8046_48,CH_8046_2020,2,9.29,True,eligible_binary_mixture
2020_8046_70,CH_8046_2020,2,8.62,True,eligible_binary_mixture
2020_8566_15,CH_8566_2020,2,8.63,True,eligible_binary_mixture
2020_8566_27,CH_8566_2020,2,8.52,True,eligible_binary_mixture
2020_8566_58,CH_8566_2020,2,7.51,True,eligible_binary_mixture
2019_1260_11,CH_1260_2019,2,5.44,True,eligible_binary_mixture
2019_1260_37,CH_1260_2019,2,5.46,True,eligible_binary_mixture
2019_1260_68,CH_1260_2019,2,6.47,True,eligible_binary_mixture
2019_1567_22,CH_1567_2019,2,6.41,True,eligible_binary_mixture
2019_1567_47,CH_1567_2019,2,6.73,True,eligible_binary_mixture
2019_1567_58,CH_1567_2019,2,6.58,True,eligible_binary_mixture
2019_3428_6,CH_3428_2019,2,6.96,True,eligible_binary_mixture
2019_3428_34,CH_3428_2019,2,6.81,True,eligible_binary_mixture
2019_3428_62,CH_3428_2019,2,6.25,True,eligible_binary_mixture
2019_8046_11,CH_8046_2019,2,5.5,True,eligible_binary_mixture
2019_8046_32,CH_8046_2019,2,6.26,True,eligible_binary_mixture
2019_8046_73,CH_8046_2019,2,6.11,True,eligible_binary_mixture
2019_8566_23,CH_8566_2019,2,6.43,True,eligible_binary_mixture
2019_8566_34,CH_8566_2019,2,6.93,True,eligible_binary_mixture
2019_8566_66,CH_8566_2019,2,6.78,True,eligible_binary_mixture
2020_1260_1,CH_1260_2020,2,7.53,True,eligible_binary_mixture
2020_1260_32,CH_1260_2020,2,7.21,True,eligible_binary_mixture
2020_1260_70,CH_1260_2020,2,6.86,True,eligible_binary_mixture
2020_1567_22,CH_1567_2020,2,,False,missing_harvest
2020_1567_43,CH_1567_2020,2,6.31,True,eligible_binary_mixture
2020_1567_51,CH_1567_2020,2,5.53,True,eligible_binary_mixture
2020_3428_18,CH_3428_2020,2,7.65,True,eligible_binary_mixture
2020_3428_27,CH_3428_2020,2,7.82,True,eligible_binary_mixture
2020_3428_61,CH_3428_2020,2,7.66,True,eligible_binary_mixture
2020_8046_16,CH_8046_2020,2,7.84,True,eligible_binary_mixture
2020_8046_35,CH_8046_2020,2,7.9,True,eligible_binary_mixture
2020_8046_53,CH_8046_2020,2,7.66,True,eligible_binary_mixture
2020_8566_19,CH_8566_2020,2,8,True,eligible_binary_mixture
2020_8566_46,CH_8566_2020,2,8.36,True,eligible_binary_mixture
2020_8566_63,CH_8566_2020,2,6.58,True,eligible_binary_mixture
2020_1260_15,CH_1260_2020,2,9.34,True,eligible_binary_mixture
2020_1260_26,CH_1260_2020,2,9.53,True,eligible_binary_mixture
2020_1260_74,CH_1260_2020,2,8.28,True,eligible_binary_mixture
2020_1567_4,CH_1567_2020,2,,False,missing_harvest
2020_1567_33,CH_1567_2020,2,7.86,True,eligible_binary_mixture
2020_1567_72,CH_1567_2020,2,7.58,True,eligible_binary_mixture
2020_3428_10,CH_3428_2020,2,8.54,True,eligible_binary_mixture
2020_3428_44,CH_3428_2020,2,9.4,True,eligible_binary_mixture
2020_3428_53,CH_3428_2020,2,9.35,True,eligible_binary_mixture
2020_8046_7,CH_8046_2020,2,9.3,True,eligible_binary_mixture
2020_8046_40,CH_8046_2020,2,8.97,True,eligible_binary_mixture
2020_8046_68,CH_8046_2020,2,9.61,True,eligible_binary_mixture
2020_8566_12,CH_8566_2020,2,8.89,True,eligible_binary_mixture
2020_8566_31,CH_8566_2020,2,10.07,True,eligible_binary_mixture
2020_8566_53,CH_8566_2020,2,9.34,True,eligible_binary_mixture
2019_1260_15,CH_1260_2019,2,5.46,True,eligible_binary_mixture
2019_1260_42,CH_1260_2019,2,5.69,True,eligible_binary_mixture
2019_1260_51,CH_1260_2019,2,6.23,True,eligible_binary_mixture
2019_1567_24,CH_1567_2019,2,6.83,True,eligible_binary_mixture
2019_1567_42,CH_1567_2019,2,6.78,True,eligible_binary_mixture
2019_1567_66,CH_1567_2019,2,6.93,True,eligible_binary_mixture
2019_3428_13,CH_3428_2019,2,8.02,True,eligible_binary_mixture
2019_3428_43,CH_3428_2019,2,7.8,True,eligible_binary_mixture
2019_3428_74,CH_3428_2019,2,7.96,True,eligible_binary_mixture
2019_8046_17,CH_8046_2019,2,5.8,True,eligible_binary_mixture
2019_8046_44,CH_8046_2019,2,6.66,True,eligible_binary_mixture
2019_8046_75,CH_8046_2019,2,6.48,True,eligible_binary_mixture
2019_8566_16,CH_8566_2019,2,6.98,True,eligible_binary_mixture
2019_8566_38,CH_8566_2019,2,7.5,True,eligible_binary_mixture
2019_8566_57,CH_8566_2019,2,7.57,True,eligible_binary_mixture
2019_1260_24,CH_1260_2019,2,5.21,True,eligible_binary_mixture
2019_1260_31,CH_1260_2019,2,6.27,True,eligible_binary_mixture
2019_1260_52,CH_1260_2019,2,5.65,True,eligible_binary_mixture
2019_1567_4,CH_1567_2019,2,7.25,True,eligible_binary_mixture
2019_1567_43,CH_1567_2019,2,7.15,True,eligible_binary_mixture
2019_1567_60,CH_1567_2019,2,7.37,True,eligible_binary_mixture
2019_3428_1,CH_3428_2019,2,7.89,True,eligible_binary_mixture
2019_3428_31,CH_3428_2019,2,8.12,True,eligible_binary_mixture
2019_3428_67,CH_3428_2019,2,7.77,True,eligible_binary_mixture
2019_8046_14,CH_8046_2019,2,5.95,True,eligible_binary_mixture
2019_8046_47,CH_8046_2019,2,6.51,True,eligible_binary_mixture
2019_8046_56,CH_8046_2019,2,6.22,True,eligible_binary_mixture
2019_8566_22,CH_8566_2019,2,7.73,True,eligible_binary_mixture
2019_8566_29,CH_8566_2019,2,7.73,True,eligible_binary_mixture
2019_8566_61,CH_8566_2019,2,8.03,True,eligible_binary_mixture
2020_1260_17,CH_1260_2020,2,8,True,eligible_binary_mixture
2020_1260_33,CH_1260_2020,2,8.82,True,eligible_binary_mixture
2020_1260_65,CH_1260_2020,2,7.95,True,eligible_binary_mixture
2020_1567_12,CH_1567_2020,2,,False,missing_harvest
2020_1567_48,CH_1567_2020,2,7.46,True,eligible_binary_mixture
2020_1567_59,CH_1567_2020,2,7.11,True,eligible_binary_mixture
2020_3428_6,CH_3428_2020,2,9.16,True,eligible_binary_mixture
2020_3428_50,CH_3428_2020,2,9.47,True,eligible_binary_mixture
2020_3428_52,CH_3428_2020,2,9.2,True,eligible_binary_mixture
2020_8046_18,CH_8046_2020,2,9.26,True,eligible_binary_mixture
2020_8046_49,CH_8046_2020,2,9.71,True,eligible_binary_mixture
2020_8046_65,CH_8046_2020,2,8.81,True,eligible_binary_mixture
2020_8566_24,CH_8566_2020,2,7.75,True,eligible_binary_mixture
2020_8566_32,CH_8566_2020,2,8.42,True,eligible_binary_mixture
2020_8566_51,CH_8566_2020,2,9.54,True,eligible_binary_mixture
2019_1260_1,CH_1260_2019,2,5.76,True,eligible_binary_mixture
2019_1260_40,CH_1260_2019,2,6.87,True,eligible_binary_mixture
2019_1260_57,CH_1260_2019,2,7.11,True,eligible_binary_mixture
2019_1567_16,CH_1567_2019,2,7.18,True,eligible_binary_mixture
2019_1567_36,CH_1567_2019,2,7.55,True,eligible_binary_mixture
2019_1567_52,CH_1567_2019,2,8,True,eligible_binary_mixture
2019_3428_14,CH_3428_2019,2,8.33,True,eligible_binary_mixture
2019_3428_48,CH_3428_2019,2,8.04,True,eligible_binary_mixture
2019_3428_66,CH_3428_2019,2,8.25,True,eligible_binary_mixture
2019_8046_21,CH_8046_2019,2,6.46,True,eligible_binary_mixture
2019_8046_35,CH_8046_2019,2,7.76,True,eligible_binary_mixture
2019_8046_67,CH_8046_2019,2,7.97,True,eligible_binary_mixture
2019_8566_14,CH_8566_2019,2,7.59,True,eligible_binary_mixture
2019_8566_47,CH_8566_2019,2,7.64,True,eligible_binary_mixture
2019_8566_60,CH_8566_2019,2,7.8,True,eligible_binary_mixture
2020_1260_24,CH_1260_2020,2,9.19,True,eligible_binary_mixture
2020_1260_37,CH_1260_2020,2,7.84,True,eligible_binary_mixture
2020_1260_51,CH_1260_2020,2,7.64,True,eligible_binary_mixture
2020_1567_8,CH_1567_2020,2,,False,missing_harvest
2020_1567_39,CH_1567_2020,2,6.64,True,eligible_binary_mixture
2020_1567_70,CH_1567_2020,2,7.25,True,eligible_binary_mixture
2020_3428_23,CH_3428_2020,2,8.82,True,eligible_binary_mixture
2020_3428_41,CH_3428_2020,2,8.63,True,eligible_binary_mixture
2020_3428_65,CH_3428_2020,2,9.22,True,eligible_binary_mixture
2020_8046_12,CH_8046_2020,2,9.21,True,eligible_binary_mixture
2020_8046_33,CH_8046_2020,2,9.03,True,eligible_binary_mixture
2020_8046_66,CH_8046_2020,2,9.37,True,eligible_binary_mixture
2020_8566_3,CH_8566_2020,2,8.81,True,eligible_binary_mixture
2020_8566_34,CH_8566_2020,2,8.03,True,eligible_binary_mixture
2020_8566_66,CH_8566_2020,2,9.09,True,eligible_binary_mixture
2019_1260_5,CH_1260_2019,2,5.54,True,eligible_binary_mixture
2019_1260_45,CH_1260_2019,2,6.96,True,eligible_binary_mixture
2019_1260_59,CH_1260_2019,2,6.11,True,eligible_binary_mixture
2019_1567_2,CH_1567_2019,2,7.69,True,eligible_binary_mixture
2019_1567_48,CH_1567_2019,2,7.71,True,eligible_binary_mixture
2019_1567_69,CH_1567_2019,2,7.8,True,eligible_binary_mixture
2019_3428_10,CH_3428_2019,2,8.39,True,eligible_binary_mixture
2019_3428_39,CH_3428_2019,2,7.67,True,eligible_binary_mixture
2019_3428_51,CH_3428_2019,2,8.24,True,eligible_binary_mixture
2019_8046_24,CH_8046_2019,2,6.95,True,eligible_binary_mixture
2019_8046_50,CH_8046_2019,2,7.11,True,eligible_binary_mixture
2019_8046_51,CH_8046_2019,2,7.38,True,eligible_binary_mixture
2019_8566_3,CH_8566_2019,2,7.86,True,eligible_binary_mixture
2019_8566_35,CH_8566_2019,2,7.7,True,eligible_binary_mixture
2019_8566_64,CH_8566_2019,2,7.28,True,eligible_binary_mixture
2020_1260_6,CH_1260_2020,2,9.17,True,eligible_binary_mixture
2020_1260_47,CH_1260_2020,2,6.96,True,eligible_binary_mixture
2020_1260_63,CH_1260_2020,2,8.25,True,eligible_binary_mixture
2020_1567_10,CH_1567_2020,2,,False,missing_harvest
2020_1567_28,CH_1567_2020,2,7.55,True,eligible_binary_mixture
2020_1567_66,CH_1567_2020,2,7.15,True,eligible_binary_mixture
2020_3428_5,CH_3428_2020,2,9.92,True,eligible_binary_mixture
2020_3428_48,CH_3428_2020,2,8.84,True,eligible_binary_mixture
2020_3428_62,CH_3428_2020,2,9.2,True,eligible_binary_mixture
2020_8046_20,CH_8046_2020,2,9.17,True,eligible_binary_mixture
2020_8046_26,CH_8046_2020,2,9.34,True,eligible_binary_mixture
2020_8046_62,CH_8046_2020,2,9.02,True,eligible_binary_mixture
2020_8566_1,CH_8566_2020,2,9.57,True,eligible_binary_mixture
2020_8566_47,CH_8566_2020,2,8.49,True,eligible_binary_mixture
2020_8566_69,CH_8566_2020,2,6.53,True,eligible_binary_mixture
2019_1260_14,CH_1260_2019,2,5.76,True,eligible_binary_mixture
2019_1260_32,CH_1260_2019,2,6.97,True,eligible_binary_mixture
2019_1260_73,CH_1260_2019,2,5.67,True,eligible_binary_mixture
2019_1567_5,CH_1567_2019,2,7.27,True,eligible_binary_mixture
2019_1567_33,CH_1567_2019,2,7.61,True,eligible_binary_mixture
2019_1567_61,CH_1567_2019,2,7.68,True,eligible_binary_mixture
2019_3428_19,CH_3428_2019,2,7.84,True,eligible_binary_mixture
2019_3428_47,CH_3428_2019,2,8.33,True,eligible_binary_mixture
2019_3428_63,CH_3428_2019,2,8.33,True,eligible_binary_mixture
2019_8046_25,CH_8046_2019,2,6.45,True,eligible_binary_mixture
2019_8046_30,CH_8046_2019,2,7.25,True,eligible_binary_mixture
2019_8046_53,CH_8046_2019,2,6.96,True,eligible_binary_mixture
2019_8566_11,CH_8566_2019,2,7.58,True,eligible_binary_mixture
2019_8566_37,CH_8566_2019,2,7.34,True,eligible_binary_mixture
2019_8566_68,CH_8566_2019,2,5.65,True,eligible_binary_mixture
2019_1260_17,CH_1260_2019,2,6.14,True,eligible_binary_mixture
2019_1260_29,CH_1260_2019,2,6.79,True,eligible_binary_mixture
2019_1260_61,CH_1260_2019,2,7.05,True,eligible_binary_mixture
2019_1567_12,CH_1567_2019,2,7.03,True,eligible_binary_mixture
2019_1567_49,CH_1567_2019,2,7.34,True,eligible_binary_mixture
2019_1567_75,CH_1567_2019,2,7.57,True,eligible_binary_mixture
2019_3428_5,CH_3428_2019,2,8.52,True,eligible_binary_mixture
2019_3428_36,CH_3428_2019,2,8.37,True,eligible_binary_mixture
2019_3428_72,CH_3428_2019,2,7.96,True,eligible_binary_mixture
2019_8046_13,CH_8046_2019,2,6.15,True,eligible_binary_mixture
2019_8046_37,CH_8046_2019,2,6.93,True,eligible_binary_mixture
2019_8046_60,CH_8046_2019,2,7.74,True,eligible_binary_mixture
2019_8566_18,CH_8566_2019,2,7.51,True,eligible_binary_mixture
2019_8566_33,CH_8566_2019,2,8.21,True,eligible_binary_mixture
2019_8566_51,CH_8566_2019,2,7.87,True,eligible_binary_mixture
2020_1260_12,CH_1260_2020,2,8.09,True,eligible_binary_mixture
2020_1260_34,CH_1260_2020,2,7.98,True,eligible_binary_mixture
2020_1260_73,CH_1260_2020,2,8.19,True,eligible_binary_mixture
2020_1567_16,CH_1567_2020,2,,False,missing_harvest
2020_1567_37,CH_1567_2020,2,6.99,True,eligible_binary_mixture
2020_1567_74,CH_1567_2020,2,6.94,True,eligible_binary_mixture
2020_3428_9,CH_3428_2020,2,9.73,True,eligible_binary_mixture
2020_3428_26,CH_3428_2020,2,9.44,True,eligible_binary_mixture
2020_3428_75,CH_3428_2020,2,8.82,True,eligible_binary_mixture
2020_8046_24,CH_8046_2020,2,9.53,True,eligible_binary_mixture
2020_8046_31,CH_8046_2020,2,9.01,True,eligible_binary_mixture
2020_8046_55,CH_8046_2020,2,8.69,True,eligible_binary_mixture
2020_8566_10,CH_8566_2020,2,9.02,True,eligible_binary_mixture
2020_8566_41,CH_8566_2020,2,9.92,True,eligible_binary_mixture
2020_8566_62,CH_8566_2020,2,7.66,True,eligible_binary_mixture
