year,postcode,mono_mix,control_group,physical_plot_id_recovered,n_source_records,n_yield,n_protein,n_specific_weight
2017,1042,mono,40,False,24,24,0,24
2017,1260,mono,40,False,24,24,0,24
2017,1260,mono,42,False,12,12,0,12
2017,1260,mono,43,False,9,9,0,9
2017,1510,mono,40,False,24,24,0,24
2017,1510,mono,42,False,12,12,0,12
2017,1510,mono,43,False,9,9,0,9
2017,1567,mono,40,False,21,21,0,21
2017,1725,mono,40,False,24,24,0,24
2017,1725,mono,42,False,12,12,0,12
2017,1725,mono,43,False,9,9,0,9
2017,1896,mono,40,False,24,24,0,24
2017,2852,mono,42,False,12,12,0,12
2017,2852,mono,43,False,9,9,0,9
2017,3052,mono,40,False,24,24,0,24
2017,3052,mono,42,False,12,12,0,12
2017,3052,mono,43,False,9,9,0,9
2017,4533,mono,42,False,12,12,0,12
2017,4533,mono,43,False,9,9,0,9
2017,5444,mono,40,False,24,24,24,24
2017,5722,mono,42,False,12,12,0,12
2017,5722,mono,43,False,9,9,0,9
2017,8212,mono,42,False,12,12,0,12
2017,8212,mono,43,False,9,9,0,9
2017,8268,mono,42,False,12,12,0,12
2017,8268,mono,43,False,9,9,0,9
2017,8315,mono,40,False,24,24,0,24
2017,8315,mono,42,False,12,12,0,12
2017,8315,mono,43,False,9,9,0,9
2017,8566,mono,40,False,24,24,24,24
2018,1040,mono,40,False,39,39,0,39
2018,1260,mono,40,False,39,39,0,39
2018,1260,mono,42,False,18,18,18,18
2018,1260,mono,43,False,9,9,9,9
2018,1510,mono,40,False,39,39,0,39
2018,1510,mono,42,False,18,18,18,18
2018,1510,mono,43,False,9,9,9,9
2018,1567,mono,40,False,39,39,0,39
2018,1725,mono,40,False,36,36,0,36
2018,1725,mono,42,False,18,18,18,18
2018,1725,mono,43,False,9,9,9,9
2018,1896,mono,40,False,39,39,0,39
2018,2852,mono,42,False,18,18,18,18
2018,2852,mono,43,False,9,9,9,9
2018,3052,mono,40,False,39,39,0,39
2018,3052,mono,42,False,18,18,18,18
2018,4533,mono,42,False,18,18,18,18
2018,5444,mono,40,False,39,39,0,38
2018,5722,mono,42,False,18,18,18,18
2018,5722,mono,43,False,9,9,9,9
2018,8212,mono,42,False,18,17,18,18
2018,8212,mono,43,False,9,9,9,9
2018,8268,mono,42,False,18,18,18,18
2018,8268,mono,43,False,9,9,9,9
2018,8315,mono,40,False,39,39,0,39
2018,8315,mono,42,False,18,18,18,18
2018,8315,mono,43,False,9,9,9,9
2018,8566,mono,40,False,39,39,0,39
2019,1040,mix,unknown,False,1,0,0,0
2019,1040,mono,21,False,6,6,0,6
2019,1040,mono,31,False,18,18,0,18
2019,1040,mono,32,False,15,15,0,15
2019,1040,mono,40,False,39,39,0,39
2019,1042,mix,unknown,False,1,0,0,0
2019,1260,mix,33,True,69,69,69,69
2019,1260,mono,1,False,24,24,22,24
2019,1260,mono,21,False,6,6,3,6
2019,1260,mono,31,False,18,18,6,18
2019,1260,mono,32,False,15,15,5,15
2019,1260,mono,33,True,6,6,6,6
2019,1260,mono,40,False,30,30,9,30
2019,1260,mono,42,False,21,21,21,20
2019,1510,mix,unknown,False,1,0,0,0
2019,1510,mono,40,False,33,33,0,33
2019,1510,mono,42,False,21,21,21,21
2019,1567,mix,33,True,69,68,69,68
2019,1567,mono,1,False,31,31,8,31
2019,1567,mono,21,False,6,6,3,6
2019,1567,mono,31,False,18,18,6,18
2019,1567,mono,32,False,15,15,5,15
2019,1567,mono,33,True,6,6,6,6
2019,1567,mono,40,False,30,30,9,30
2019,1580,mix,unknown,False,1,0,0,0
2019,1580,mono,21,False,6,6,0,6
2019,1580,mono,31,False,18,18,0,18
2019,1712,mono,1,False,34,34,0,34
2019,1725,mix,unknown,False,1,0,0,0
2019,1725,mono,1,False,8,8,0,8
2019,1725,mono,40,False,11,11,0,11
2019,1725,mono,42,False,21,21,21,21
2019,1896,mix,unknown,False,1,0,0,0
2019,1896,mono,40,False,30,30,0,30
2019,2852,mix,unknown,False,1,0,0,0
2019,2852,mono,42,False,21,21,21,21
2019,3052,mix,unknown,False,1,0,0,0
2019,3052,mono,40,False,30,30,0,30
2019,3052,mono,42,False,21,21,21,21
2019,3428,mix,33,True,69,69,69,69
2019,3428,mono,31,False,18,18,6,18
2019,3428,mono,32,False,15,15,5,15
2019,3428,mono,33,True,6,6,6,6
2019,4533,mix,unknown,False,1,0,0,0
2019,4533,mono,42,False,21,21,21,21
2019,5444,mix,unknown,False,1,0,0,0
2019,5444,mono,40,False,30,30,0,30
2019,5722,mix,unknown,False,1,0,0,0
2019,5722,mono,42,False,21,21,21,21
2019,8046,mix,33,True,69,69,69,69
2019,8046,mono,33,True,6,6,6,6
2019,8212,mix,unknown,False,1,0,0,0
2019,8212,mono,42,False,21,21,21,21
2019,8268,mix,unknown,False,1,0,0,0
2019,8268,mono,42,False,21,21,21,21
2019,8314,mono,1,False,36,36,0,36
2019,8315,mix,unknown,False,1,0,0,0
2019,8315,mono,1,False,30,30,0,30
2019,8315,mono,40,False,30,30,0,30
2019,8315,mono,42,False,21,21,21,21
2019,8566,mix,33,True,69,69,69,69
2019,8566,mono,21,False,6,6,3,6
2019,8566,mono,31,False,18,18,6,18
2019,8566,mono,32,False,15,15,5,15
2019,8566,mono,33,True,6,6,6,6
2019,8566,mono,40,False,30,30,9,30
2020,1040,mix,unknown,False,1,0,0,0
2020,1040,mono,40,False,24,24,0,24
2020,1042,mix,unknown,False,1,0,0,0
2020,1260,mix,33,True,69,69,69,69
2020,1260,mono,1,False,40,39,14,39
2020,1260,mono,31,False,9,9,3,9
2020,1260,mono,32,False,12,12,4,12
2020,1260,mono,33,True,6,6,6,6
2020,1260,mono,40,False,21,21,6,21
2020,1260,mono,42,False,36,36,36,35
2020,1260,mono,43,False,18,18,18,17
2020,1510,mix,unknown,False,1,0,0,0
2020,1510,mono,40,False,21,21,0,21
2020,1510,mono,42,False,36,29,29,29
2020,1510,mono,43,False,18,18,18,18
2020,1567,mix,33,True,69,46,69,46
2020,1567,mono,1,False,24,24,14,24
2020,1567,mono,31,False,9,6,3,6
2020,1567,mono,32,False,8,6,4,6
2020,1567,mono,33,True,6,4,6,4
2020,1567,mono,40,False,18,18,6,18
2020,1580,mix,unknown,False,1,0,0,0
2020,1712,mono,1,False,51,49,0,50
2020,1712,mono,1,True,1,1,0,1
2020,1725,mix,unknown,False,1,0,0,0
2020,1725,mono,40,False,21,21,0,21
2020,1725,mono,42,False,36,36,36,36
2020,1725,mono,43,False,18,18,18,18
2020,1896,mix,unknown,False,1,0,0,0
2020,1896,mono,40,False,21,21,0,21
2020,2852,mix,unknown,False,1,0,0,0
2020,2852,mono,42,False,36,36,36,36
2020,2852,mono,43,False,18,18,18,18
2020,3052,mix,unknown,False,1,0,0,0
2020,3052,mono,40,False,21,21,0,21
2020,3052,mono,42,False,36,36,36,35
2020,3052,mono,43,False,18,18,18,18
2020,3428,mix,33,True,69,69,69,69
2020,3428,mono,31,False,9,9,3,9
2020,3428,mono,32,False,12,12,4,12
2020,3428,mono,33,True,6,6,6,6
2020,4533,mix,unknown,False,1,0,0,0
2020,4533,mono,42,False,36,36,36,36
2020,4533,mono,43,False,18,18,18,18
2020,5444,mix,unknown,False,1,0,0,0
2020,5444,mono,40,False,21,21,0,21
2020,5722,mix,unknown,False,1,0,0,0
2020,5722,mono,42,False,36,36,36,35
2020,5722,mono,43,False,18,18,18,18
2020,8046,mix,33,True,69,69,69,69
2020,8046,mono,33,True,6,6,6,6
2020,8212,mix,unknown,False,1,0,0,0
2020,8212,mono,42,False,36,36,36,35
2020,8212,mono,43,False,18,18,18,18
2020,8268,mix,unknown,False,1,0,0,0
2020,8268,mono,42,False,36,36,36,36
2020,8268,mono,43,False,18,18,18,18
2020,8315,mix,unknown,False,1,0,0,0
2020,8315,mono,1,False,52,52,0,52
2020,8315,mono,40,False,21,21,18,21
2020,8315,mono,42,False,36,36,36,36
2020,8315,mono,43,False,18,18,18,18
2020,8316,mono,1,False,39,39,0,39
2020,8566,mix,33,True,69,69,69,69
2020,8566,mono,31,False,9,9,3,9
2020,8566,mono,32,False,12,12,4,12
2020,8566,mono,33,True,6,6,6,6
2020,8566,mono,40,False,21,21,18,21
