environment_region,climate_model,weather,host,net,host_offset_percent,valid_year_pairs
Europe,ACCESS-CM2,12.221125359074112,-7.773871334418977,4.447254024655136,63.61011041136996,1909
Alpine,ACCESS-CM2,,,,,0
Atlantic,ACCESS-CM2,18.305231857117693,-10.37972448014058,7.925507376977116,56.703594694456655,270
Black Sea,ACCESS-CM2,,,,,0
Boreal,ACCESS-CM2,19.63828770484472,-6.058857238368984,13.579430466475737,30.852268433129623,418
Continental,ACCESS-CM2,13.044500220771257,-7.31262436671134,5.731875854059913,56.05906123614586,537
Mediterranean,ACCESS-CM2,4.704000717111081,-7.174054714590358,-2.470053997479277,152.50964330201543,270
Outside EEA regions,ACCESS-CM2,,,,,0
Pannonian,ACCESS-CM2,14.068726098685543,-9.273284664795405,4.795441433890137,65.91417445863715,30
Steppic,ACCESS-CM2,8.623187503244486,-7.885221628302656,0.7379658749418295,91.44207551251588,354
Unassigned,ACCESS-CM2,21.18219423940275,-11.920262268076357,9.261931971326383,56.274917193906624,30
Europe,MPI-ESM1-2-HR,8.26101869091839,-6.061325078156648,2.199693612761742,73.37261062997065,1910
Alpine,MPI-ESM1-2-HR,,,,,0
Atlantic,MPI-ESM1-2-HR,13.222748262602538,-7.712788007837104,5.509960254765431,58.32968952188954,270
Black Sea,MPI-ESM1-2-HR,,,,,0
Boreal,MPI-ESM1-2-HR,14.51381407900092,-6.627076785859307,7.886737293141616,45.660477320345365,420
Continental,MPI-ESM1-2-HR,9.463769637494272,-6.437676815423746,3.026092822070526,68.02444545901113,535
Mediterranean,MPI-ESM1-2-HR,2.253339931764066,-4.494512142447288,-2.241172210683222,199.46001395930892,267
Outside EEA regions,MPI-ESM1-2-HR,,,,,0
Pannonian,MPI-ESM1-2-HR,10.933048125753768,-8.999557538472207,1.933490587281559,82.31517354499655,30
Steppic,MPI-ESM1-2-HR,4.302575651913723,-4.772518450738879,-0.4699427988251552,110.92235992680644,358
Unassigned,MPI-ESM1-2-HR,14.384966404970855,-9.696388670198552,4.688577734772307,67.40640469516755,30
Europe,MRI-ESM2-0,6.528374707842165,-5.243596966002527,1.2847777418396384,80.32009804375495,1912
Alpine,MRI-ESM2-0,,,,,0
Atlantic,MRI-ESM2-0,4.927848763482299,-4.716395387672519,0.2114533758097806,95.70901247260772,270
Black Sea,MRI-ESM2-0,,,,,0
Boreal,MRI-ESM2-0,11.480911089450204,-5.148063789019517,6.332847300430681,44.84020256676378,413
Continental,MRI-ESM2-0,7.7949274882502335,-5.513371171595489,2.2815563166547452,70.73024322427794,540
Mediterranean,MRI-ESM2-0,3.2285692898696814,-4.666132523156857,-1.4375632332871755,144.5263243318901,270
Outside EEA regions,MRI-ESM2-0,,,,,0
Pannonian,MRI-ESM2-0,10.36966723512381,-8.118034481132831,2.2516327539909797,78.28635477940585,30
Steppic,MRI-ESM2-0,4.3888482595636695,-4.839118854434267,-0.4502705948705971,110.2594249844346,359
Unassigned,MRI-ESM2-0,10.115169915406616,-5.411635644536293,4.703534270870322,53.50019515039211,30
