row,col,harvested_total_ha,harvested_irrigated_ha,harvested_rainfed_ha,physical_total_ha,physical_irrigated_ha,physical_rainfed_ha,cell_id,west,north,east,south,longitude,latitude,grid_cell_geometric_area_ha,wheat_area_weight,physical_wheat_area_weight,crop_season,area_reference_year,source_crop,source_valid_pixels,source_zero_wheat_pixels,source_nodata_pixels,dominant_source_country,dominant_source_country_fips0,planting_doy,maturity_doy,lat_band,lon_band,stratum,draw_in_stratum,stratum_ha,area_mean_weight,spatial_draw_id,environment_region
195,703,4185.600036621094,0.0,4185.600036621094,4185.600036621094,0.0,4185.600036621094,g025_r195_c0703,-4.25,41.25,-4.0,41.0,-4.125,41.125,58287.86033535004,7.693410440681705e-05,7.78434538603454e-05,unallocated_wheat,2020,WHEA_all_wheat,9,0,0,Spain,SP,332.0,170.0,0,0,0|0,0,1908518.8994888144,0.0087705813399829,0,Mediterranean
196,719,1574.099998474121,0.0,1574.099998474121,1574.099998474121,0.0,1574.099998474121,g025_r196_c0719,-0.25,41.0,0.0,40.75,-0.125,40.875,58505.972128433226,2.893300185632177e-05,2.927498555301702e-05,unallocated_wheat,2020,WHEA_all_wheat,9,0,0,Spain,SP,332.0,170.0,0,0,0|0,1,1908518.8994888144,0.0087705813399829,1,Mediterranean
191,731,2437.5,0.0,2437.5,2437.5,0.0,2437.5,g025_r191_c0731,2.75,42.25,3.0,42.0,2.875,42.125,57404.138918580626,4.4802866459022975e-05,4.533242954999731e-05,unallocated_wheat,2020,WHEA_all_wheat,9,0,0,Spain,SP,332.0,170.0,0,0,0|0,2,1908518.8994888144,0.0087705813399829,2,Mediterranean
198,696,2205.400001525879,93.0,2112.399999976158,2205.400001525879,93.0,2112.399999976158,g025_r198_c0696,-6.0,40.5,-5.75,40.25,-5.875,40.375,58938.78734022674,4.053671456701252e-05,4.101585238922498e-05,unallocated_wheat,2020,WHEA_all_wheat,9,0,0,Spain,SP,332.0,170.0,0,0,0|0,3,1908518.8994888144,0.0087705813399829,3,Mediterranean
197,807,9389.99996328354,4.099999904632568,9385.899963378906,9389.99996328354,4.099999904632568,9385.899963378906,g025_r197_c0807,21.75,40.75,22.0,40.5,21.875,40.625,58722.94902707214,0.0001725944264226,0.0001746344663836,unallocated_wheat,2020,WHEA_all_wheat,8,0,1,Greece,GR,305.0,174.0,0,1,0|1,0,1646026.698607616,0.0075643008050842,4,Mediterranean
202,787,1319.6999816894531,32.5,1287.1999816894531,879.8999824523926,21.700000762939453,858.1999816894531,g025_r202_c0787,16.75,39.5,17.0,39.25,16.875,39.375,59790.68179644165,2.4256960839223645e-05,1.6364309319206958e-05,unallocated_wheat,2020,WHEA_all_wheat,4,0,5,Italy,IT,274.0,205.0,0,1,0|1,1,1646026.698607616,0.0075643008050842,5,Mediterranean
196,786,15528.100189208984,0.0,15528.100189208984,10351.899848937988,0.0,10351.899848937988,g025_r196_c0786,16.5,41.0,16.75,40.75,16.625,40.875,58505.972128433226,0.0002854167791341,0.0001925238033274,unallocated_wheat,2020,WHEA_all_wheat,9,0,0,Italy,IT,274.0,205.0,0,1,0|1,2,1646026.698607616,0.0075643008050842,6,Mediterranean
196,784,20837.5,0.0,20837.5,13891.599853515623,0.0,13891.599853515623,g025_r196_c0784,16.0,41.0,16.25,40.75,16.125,40.875,58505.972128433226,0.0003830070686522,0.000258354860183,unallocated_wheat,2020,WHEA_all_wheat,9,0,0,Italy,IT,301.0,172.0,0,1,0|1,3,1646026.698607616,0.0075643008050842,7,Mediterranean
191,820,10591.200024604796,0.0,10591.200024604796,10591.200024604796,0.0,10591.200024604796,g025_r191_c0820,25.0,42.25,25.25,42.0,25.125,42.125,57404.138918580626,0.0001946732801407,0.0001969742888062,unallocated_wheat,2020,WHEA_all_wheat,8,0,1,Bulgaria,BU,274.0,187.0,0,2,0|2,0,778585.8786857454,0.0035779843631647,8,Continental
190,826,14547.700073242188,0.0,14547.700073242188,14547.700073242188,0.0,14547.700073242188,g025_r190_c0826,26.5,42.5,26.75,42.25,26.625,42.375,57180.40889825287,0.0002673963748379,0.0002705569594604,unallocated_wheat,2020,WHEA_all_wheat,9,0,0,Bulgaria,BU,274.0,187.0,0,2,0|2,1,778585.8786857454,0.0035779843631647,9,Continental
194,826,10993.499809265137,5175.600048065186,5818.100036621094,10993.499809265137,5175.600048065186,5818.100036621094,g025_r194_c0826,26.5,41.5,26.75,41.25,26.625,41.375,58068.61736396332,0.000202067816973,0.0002044562279431,unallocated_wheat,2020,WHEA_all_wheat,9,0,0,Turkey,TU,274.0,205.0,0,2,0|2,2,778585.8786857454,0.0035779843631647,10,Mediterranean
189,822,4036.299999237061,0.0,4036.299999237061,4036.299999237061,0.0,4036.299999237061,g025_r189_c0822,25.5,42.75,25.75,42.5,25.625,42.625,56955.566657424926,7.418987070948618e-05,7.506678373664339e-05,unallocated_wheat,2020,WHEA_all_wheat,9,0,0,Bulgaria,BU,274.0,187.0,0,2,0|2,3,778585.8786857454,0.0035779843631647,11,Continental
192,913,1669.721950901387,0.0,1669.721950901387,1669.721950901387,0.0,1669.721950901387,g025_r192_c0913,48.25,42.0,48.5,41.75,48.375,41.875,57626.75287658996,3.069059675484478e-05,3.105335495684972e-05,unallocated_wheat,2020,WHEA_all_wheat,7,0,2,Russian Federation,RS,238.0,214.0,0,3,0|3,0,96432.6320955804,0.0004431552885588,12,Steppic
194,915,17529.299682617188,17529.299682617188,0.0,17529.299682617188,17529.299682617188,0.0,g025_r194_c0915,48.75,41.5,49.0,41.25,48.875,41.375,58068.61736396332,0.0003222001529437,0.0003260085099171,unallocated_wheat,2020,WHEA_all_wheat,7,0,2,Azerbaijan,AJ,279.0,170.0,0,3,0|3,1,96432.6320955804,0.0004431552885588,13,Steppic
189,910,1590.8584575544828,0.0,1590.8584575544828,1590.8584575544828,0.0,1590.8584575544828,g025_r189_c0910,47.5,42.75,47.75,42.5,47.625,42.625,56955.566657424926,2.924103344780339e-05,2.958665803122297e-05,unallocated_wheat,2020,WHEA_all_wheat,9,0,0,Russian Federation,RS,266.0,198.0,0,3,0|3,2,96432.6320955804,0.0004431552885588,14,Steppic
195,916,3291.89990234375,3170.39990234375,121.5,3291.89990234375,3170.39990234375,121.5,g025_r195_c0916,49.0,41.25,49.25,41.0,49.125,41.125,58287.86033535004,6.050730327022679e-05,6.122249042405788e-05,unallocated_wheat,2020,WHEA_all_wheat,4,0,5,Azerbaijan,AJ,279.0,170.0,0,3,0|3,3,96432.6320955804,0.0004431552885588,15,Steppic
156,729,10109.700012207031,0.0,10109.700012207031,10109.700012207031,0.0,10109.700012207031,g025_r156_c0729,2.25,51.0,2.5,50.75,2.375,50.875,48938.43971738281,0.0001858229906,0.0001880193901846,unallocated_wheat,2020,WHEA_all_wheat,9,0,0,France,FR,304.0,206.0,1,0,1|0,0,5524460.105971543,0.0253876064480639,16,Atlantic
179,736,2876.199996948242,0.0,2876.199996948242,2876.199996948242,0.0,2876.199996948242,g025_r179_c0736,4.0,45.25,4.25,45.0,4.125,45.125,54646.83529713593,5.286646333239564e-05,5.349133691624972e-05,unallocated_wheat,2020,WHEA_all_wheat,9,0,0,France,FR,305.0,236.0,1,0,1|0,1,5524460.105971543,0.0253876064480639,17,Continental
171,724,7438.4000244140625,0.0,7438.4000244140625,7438.4000244140625,0.0,7438.4000244140625,g025_r171_c0724,1.0,47.25,1.25,47.0,1.125,47.125,52722.746675022885,0.0001367227253179,0.0001383387672087,unallocated_wheat,2020,WHEA_all_wheat,9,0,0,France,FR,304.0,206.0,1,0,1|0,2,5524460.105971543,0.0253876064480639,18,Atlantic
163,723,7373.799987792969,0.0,7373.799987792969,7373.799987792969,0.0,7373.799987792969,g025_r163_c0723,0.75,49.25,1.0,49.0,0.875,49.125,50732.461186819455,0.0001355353338045,0.0001371373409076,unallocated_wheat,2020,WHEA_all_wheat,9,0,0,France,FR,304.0,206.0,1,0,1|0,3,5524460.105971543,0.0253876064480639,19,Atlantic
181,766,6886.600044250488,336.4000015258789,6550.300048828125,4591.199947357178,224.1999969482422,4366.899951219559,g025_r181_c0766,11.5,44.75,11.75,44.5,11.625,44.625,55117.258108488466,0.0001265802757494,8.53867684773418e-05,unallocated_wheat,2020,WHEA_all_wheat,9,0,0,Italy,IT,299.0,178.0,1,1,1|1,0,7185943.404093012,0.0330229379164085,20,Continental
164,762,6719.899963378906,0.0,6719.899963378906,6719.899963378906,0.0,6719.899963378906,g025_r164_c0762,10.5,49.0,10.75,48.75,10.625,48.875,50984.79047016297,0.0001235162177137,0.0001249761606863,unallocated_wheat,2020,WHEA_all_wheat,9,0,0,Germany,GM,274.0,236.0,1,1,1|1,1,7185943.404093012,0.0330229379164085,21,Continental
167,770,6100.0999755859375,0.0,6100.0999755859375,6100.0999755859375,0.0,6100.0999755859375,g025_r167_c0770,12.5,48.25,12.75,48.0,12.625,48.125,51735.739169558714,0.0001121238829098,0.0001134491702117,unallocated_wheat,2020,WHEA_all_wheat,9,0,0,Germany,GM,274.0,236.0,1,1,1|1,2,7185943.404093012,0.0330229379164085,22,Continental
175,805,9426.899841308594,0.0,9426.899841308594,9426.899841308594,0.0,9426.899841308594,g025_r175_c0805,21.25,46.25,21.5,46.0,21.375,46.125,53693.20337049713,0.0001732726706513,0.0001753207273563,unallocated_wheat,2020,WHEA_all_wheat,9,0,0,Romania,RO,275.0,206.0,1,1,1|1,3,7185943.404093012,0.0330229379164085,23,Pannonian
165,866,7696.399963378906,0.0,7696.399963378906,7696.399963378906,0.0,7696.399963378906,g025_r165_c0866,36.5,48.75,36.75,48.5,36.625,48.625,51236.116218804935,0.0001414649352921,0.000143137029386,unallocated_wheat,2020,WHEA_all_wheat,9,0,0,Ukraine,UP,232.0,192.0,1,2,1|2,0,12830658.289107576,0.0589631741138561,24,Steppic
179,828,11799.000122070312,0.0,11799.000122070312,11799.000122070312,0.0,11799.000122070312,g025_r179_c0828,27.0,45.25,27.25,45.0,27.125,45.125,54646.83529713593,0.0002168734469001,0.0002194368581719,unallocated_wheat,2020,WHEA_all_wheat,9,0,0,Romania,RO,275.0,206.0,1,2,1|2,1,12830658.289107576,0.0589631741138561,25,Steppic
156,820,9789.299743652344,0.0,9789.299743652344,9789.299743652344,0.0,9789.299743652344,g025_r156_c0820,25.0,51.0,25.25,50.75,25.125,50.875,48938.43971738281,0.0001799338211865,0.0001820606116812,unallocated_wheat,2020,WHEA_all_wheat,9,0,0,Ukraine,UP,242.0,202.0,1,2,1|2,2,12830658.289107576,0.0589631741138561,26,Continental
176,876,19814.200073242188,0.0,19814.200073242188,19814.200073242188,0.0,19814.200073242188,g025_r176_c0876,39.0,46.0,39.25,45.75,39.125,45.875,53933.199235366825,0.0003641981373841,0.0003685029041681,unallocated_wheat,2020,WHEA_all_wheat,9,0,0,Russian Federation,RS,249.0,188.0,1,2,1|2,3,12830658.289107576,0.0589631741138561,27,Steppic
159,898,4399.5999755859375,0.0,4399.5999755859375,4399.5999755859375,0.0,4399.5999755859375,g025_r159_c0898,44.5,50.25,44.75,50.0,44.625,50.125,49713.19940535431,8.086756520176307e-05,8.182340756571054e-05,unallocated_wheat,2020,WHEA_all_wheat,9,0,0,Russian Federation,RS,254.0,194.0,1,3,1|3,0,3998851.724859941,0.0183766869318449,28,Steppic
180,892,17998.300415039062,0.0,17998.300415039062,17998.300415039062,0.0,17998.300415039062,g025_r180_c0892,43.0,45.0,43.25,44.75,43.125,44.875,54882.582912869264,0.0003308206974294,0.000334730947932,unallocated_wheat,2020,WHEA_all_wheat,9,0,0,Russian Federation,RS,263.0,184.0,1,3,1|3,1,3998851.724859941,0.0183766869318449,29,Steppic
157,892,8951.799926757812,0.0,8951.799926757812,8951.799926757812,0.0,8951.799926757812,g025_r157_c0892,43.0,50.75,43.25,50.5,43.125,50.625,49197.6659041977,0.0001645400191534,0.0001664848572411,unallocated_wheat,2020,WHEA_all_wheat,9,0,0,Russian Federation,RS,254.0,194.0,1,3,1|3,2,3998851.724859941,0.0183766869318449,30,Steppic
178,891,18961.29998779297,0.0,18961.29998779297,18961.29998779297,0.0,18961.29998779297,g025_r178_c0891,42.75,45.5,43.0,45.25,42.875,45.375,54410.01937937622,0.000348521268202,0.0003526407367684,unallocated_wheat,2020,WHEA_all_wheat,9,0,0,Russian Federation,RS,263.0,184.0,1,3,1|3,3,3998851.724859941,0.0183766869318449,31,Steppic
151,714,8380.298645019531,0.0,8380.298645019531,8380.298645019531,0.0,8380.298645019531,g025_r151_c0714,-1.5,52.25,-1.25,52.0,-1.375,52.125,47627.90268220215,0.0001540354465967,0.000155856122229,unallocated_wheat,2020,WHEA_all_wheat,9,0,0,United Kingdom of Great Britain and Northern Ireland,UK,304.0,201.0,2,0,2|0,0,2039196.0510278,0.009371107007901,32,Atlantic
140,696,860.2574653625488,0.0,860.2574653625488,860.2574653625488,0.0,860.2574653625488,g025_r140_c0696,-6.0,55.0,-5.75,54.75,-5.875,54.875,44662.60973905945,1.5812102704006507e-05,1.5998999361397745e-05,unallocated_wheat,2020,WHEA_all_wheat,2,0,7,United Kingdom of Great Britain and Northern Ireland,UK,305.0,236.0,2,0,2|0,1,2039196.0510278,0.009371107007901,33,Atlantic
148,690,1264.2000122070312,0.0,1264.2000122070312,1264.2000122070312,0.0,1264.2000122070312,g025_r148_c0690,-7.5,53.0,-7.25,52.75,-7.375,52.875,46830.22742004394,2.323683459462845e-05,2.351149045763323e-05,unallocated_wheat,2020,WHEA_all_wheat,3,0,6,Ireland,EI,305.0,174.0,2,0,2|0,2,2039196.0510278,0.009371107007901,34,Atlantic
150,751,5718.9000244140625,0.0,5718.9000244140625,5718.9000244140625,0.0,5718.9000244140625,g025_r150_c0751,7.75,52.5,8.0,52.25,7.875,52.375,47362.947383544924,0.0001051171750097,0.0001063596440862,unallocated_wheat,2020,WHEA_all_wheat,9,0,0,Germany,GM,290.0,220.0,2,0,2|0,3,2039196.0510278,0.009371107007901,35,Continental
137,814,7362.699890136719,15.5,7347.499938964844,7362.699890136719,15.5,7347.499938964844,g025_r137_c0814,23.5,55.75,23.75,55.5,23.625,55.625,43834.95589815674,0.0001353313066484,0.0001369309021814,unallocated_wheat,2020,WHEA_all_wheat,9,0,0,Lithuania,LH,258.0,206.0,2,1,2|1,0,5664773.500539094,0.0260324153836597,36,Boreal
145,777,457.1000061035156,0.0,457.1000061035156,457.1000061035156,0.0,457.1000061035156,g025_r145_c0777,14.25,53.75,14.5,53.5,14.375,53.625,46024.19728753357,8.401801243845907e-06,8.5011092611245e-06,unallocated_wheat,2020,WHEA_all_wheat,2,0,7,Germany,GM,290.0,220.0,2,1,2|1,1,5664773.500539094,0.0260324153836597,37,Continental
154,762,9588.500122070312,0.0,9588.500122070312,9588.500122070312,0.0,9588.500122070312,g025_r154_c0762,10.5,51.5,10.75,51.25,10.625,51.375,48417.09191262207,0.000176242990979,0.00017832615642,unallocated_wheat,2020,WHEA_all_wheat,9,0,0,Germany,GM,274.0,236.0,2,1,2|1,2,5664773.500539094,0.0260324153836597,38,Continental
138,814,7647.0999755859375,16.199999928474426,7630.999938964844,7647.0999755859375,16.199999928474426,7630.999938964844,g025_r138_c0814,23.5,55.5,23.75,55.25,23.625,55.375,44111.720426156615,0.0001405587688225,0.0001422201521661,unallocated_wheat,2020,WHEA_all_wheat,9,0,0,Lithuania,LH,258.0,206.0,2,1,2|1,3,5664773.500539094,0.0260324153836597,39,Boreal
142,862,5073.300048828125,0.0,5073.300048828125,5073.300048828125,0.0,5073.300048828125,g025_r142_c0862,35.5,54.5,35.75,54.25,35.625,54.375,45209.94538676147,9.325061932069792e-05,9.435282750748674e-05,unallocated_wheat,2020,WHEA_all_wheat,9,0,0,Russian Federation,RS,238.0,214.0,2,2,2|2,0,5120410.70150274,0.023530801064468,40,Continental
149,839,1407.099983215332,0.0,1407.099983215332,1407.099983215332,0.0,1407.099983215332,g025_r149_c0839,29.75,52.75,30.0,52.5,29.875,52.625,47097.054010198975,2.58634308276882e-05,2.616913266006623e-05,unallocated_wheat,2020,WHEA_all_wheat,9,0,0,Belarus,BO,305.0,174.0,2,2,2|2,1,5120410.70150274,0.023530801064468,41,Continental
145,875,9255.199951171877,0.0,9255.199951171877,9255.199951171877,0.0,9255.199951171877,g025_r145_c0875,38.75,53.75,39.0,53.5,38.875,53.625,46024.19728753357,0.0001701167128057,0.0001721274665672,unallocated_wheat,2020,WHEA_all_wheat,9,0,0,Russian Federation,RS,238.0,214.0,2,2,2|2,2,5120410.70150274,0.023530801064468,42,Continental
148,834,1401.899987697601,0.0,1401.899987697601,1401.899987697601,0.0,1401.899987697601,g025_r148_c0834,28.5,53.0,28.75,52.75,28.625,52.875,46830.22742004394,2.576785146162937e-05,2.607242356038713e-05,unallocated_wheat,2020,WHEA_all_wheat,9,0,0,Belarus,BO,305.0,174.0,2,2,2|2,3,5120410.70150274,0.023530801064468,43,Continental
147,895,8457.500061035156,0.0,8457.500061035156,8457.500061035156,0.0,8457.500061035156,g025_r147_c0895,43.75,53.25,44.0,53.0,43.875,53.125,46562.472494992064,0.0001554544598201,0.0001572919079737,unallocated_wheat,2020,WHEA_all_wheat,9,0,0,Russian Federation,RS,254.0,194.0,2,3,2|3,0,7029155.369246053,0.0323024199204224,44,Continental
150,897,6402.999938964844,0.0,6402.999938964844,6402.999938964844,0.0,6402.999938964844,g025_r150_c0897,44.25,52.5,44.5,52.25,44.375,52.375,47362.947383544924,0.0001176913851087,0.0001190824794427,unallocated_wheat,2020,WHEA_all_wheat,9,0,0,Russian Federation,RS,254.0,194.0,2,3,2|3,1,7029155.369246053,0.0323024199204224,45,Continental
147,899,6089.099990844727,0.0,6089.099990844727,6089.099990844727,0.0,6089.099990844727,g025_r147_c0899,44.75,53.25,45.0,53.0,44.875,53.125,46562.472494992064,0.0001119216958955,0.0001132445933775,unallocated_wheat,2020,WHEA_all_wheat,9,0,0,Russian Federation,RS,254.0,194.0,2,3,2|3,2,7029155.369246053,0.0323024199204224,46,Continental
150,916,5922.900115966797,0.0,5922.900115966797,5922.900115966797,0.0,5922.900115966797,g025_r150_c0916,49.0,52.5,49.25,52.25,49.125,52.375,47362.947383544924,0.0001088668319777,0.0001101536214312,unallocated_wheat,2020,WHEA_all_wheat,9,0,0,Russian Federation,RS,254.0,194.0,2,3,2|3,3,7029155.369246053,0.0323024199204224,47,Steppic
108,748,1000.0999908447266,0.0,1000.0999908447266,1000.0999908447266,0.0,1000.0999908447266,g025_r108_c0748,7.0,63.0,7.25,62.75,7.125,62.875,35450.594360598756,1.838250106071236e-05,1.859977943709601e-05,unallocated_wheat,2020,WHEA_all_wheat,6,0,3,Norway,NO,274.0,174.0,3,0,3|0,0,10062.099972553551,4.6240289411835674e-05,48,Atlantic
122,740,94.3000030517578,0.0,94.3000030517578,94.3000030517578,0.0,94.3000030517578,g025_r122_c0740,5.0,59.5,5.25,59.25,5.125,59.375,39581.654373934936,1.733296592333688e-06,1.7537838953470126e-06,unallocated_wheat,2020,WHEA_all_wheat,1,0,8,Norway,NO,274.0,174.0,3,0,3|0,1,10062.099972553551,4.6240289411835674e-05,49,Unassigned
114,742,119.90000247955322,0.0,119.90000247955322,119.90000247955322,0.0,119.90000247955322,g025_r114_c0742,5.5,61.5,5.75,61.25,5.625,61.375,37239.10251996765,2.203841558780696e-06,2.2298906319790155e-06,unallocated_wheat,2020,WHEA_all_wheat,5,0,4,Norway,NO,274.0,174.0,3,0,3|0,2,10062.099972553551,4.6240289411835674e-05,50,Atlantic
108,748,1000.0999908447266,0.0,1000.0999908447266,1000.0999908447266,0.0,1000.0999908447266,g025_r108_c0748,7.0,63.0,7.25,62.75,7.125,62.875,35450.594360598756,1.838250106071236e-05,1.859977943709601e-05,unallocated_wheat,2020,WHEA_all_wheat,6,0,3,Norway,NO,274.0,174.0,3,0,3|0,3,10062.099972553551,4.6240289411835674e-05,51,Atlantic
109,807,513.3999938964844,0.0,513.3999938964844,513.3999938964844,0.0,513.3999938964844,g025_r109_c0807,21.75,62.75,22.0,62.5,21.875,62.625,35750.49812746277,9.43663235553124e-06,9.548171919705205e-06,unallocated_wheat,2020,WHEA_all_wheat,9,0,0,Finland,FI,305.0,174.0,3,1,3|1,0,380327.09965474904,0.0017477897463919,52,Boreal
119,799,424.69998931884766,0.0,424.69998931884766,424.69998931884766,0.0,424.69998931884766,g025_r119_c0799,19.75,60.25,20.0,60.0,19.875,60.125,38708.99402071838,7.806267448861873e-06,7.898536346946165e-06,unallocated_wheat,2020,WHEA_all_wheat,5,0,4,Finland,FI,274.0,174.0,3,1,3|1,1,380327.09965474904,0.0017477897463919,53,Boreal
121,788,3290.5000121593475,0.0,3290.5000121593475,3290.5000121593475,0.0,3290.5000121593475,g025_r121_c0788,17.0,59.75,17.25,59.5,17.125,59.625,39291.553437261966,6.0481572360282554e-05,6.119645537865803e-05,unallocated_wheat,2020,WHEA_all_wheat,9,0,0,Sweden,SW,284.0,192.0,3,1,3|1,2,380327.09965474904,0.0017477897463919,54,Boreal
115,815,269.90000438690186,0.0,269.90000438690186,269.90000438690186,0.0,269.90000438690186,g025_r115_c0815,23.75,61.25,24.0,61.0,23.875,61.125,37534.60048961182,4.960941068240443e-06,5.0195786397592595e-06,unallocated_wheat,2020,WHEA_all_wheat,9,0,0,Finland,FI,274.0,174.0,3,1,3|1,3,380327.09965474904,0.0017477897463919,55,Boreal
113,826,177.19999933242798,0.0,177.19999933242798,177.19999933242798,0.0,177.19999933242798,g025_r113_c0826,26.5,61.75,26.75,61.5,26.625,61.625,36942.85599248657,3.257053500155787e-06,3.295551378870508e-06,unallocated_wheat,2020,WHEA_all_wheat,9,0,0,Finland,FI,274.0,174.0,3,2,3|2,0,172885.91970938648,0.0007944956802655,56,Boreal
111,832,358.80000495910645,0.0,358.80000495910645,358.80000495910645,0.0,358.80000495910645,g025_r111_c0832,28.0,62.25,28.25,62.0,28.125,62.125,36348.13998684082,6.594982033919847e-06,6.6729337219886695e-06,unallocated_wheat,2020,WHEA_all_wheat,9,0,0,Finland,FI,274.0,174.0,3,2,3|2,1,172885.91970938648,0.0007944956802655,57,Boreal
108,837,1139.7999954223633,0.0,1139.7999954223633,1139.7999954223633,0.0,1139.7999954223633,g025_r108_c0837,29.25,63.0,29.5,62.75,29.375,62.875,35450.594360598756,2.0950279788678212e-05,2.119790892043961e-05,unallocated_wheat,2020,WHEA_all_wheat,9,0,0,Finland,FI,274.0,174.0,3,2,3|2,2,172885.91970938648,0.0007944956802655,58,Boreal
103,823,479.5,0.0,479.5,479.5,0.0,479.5,g025_r103_c0823,25.75,64.25,26.0,64.0,25.875,64.125,33940.478930551144,8.813527986503187e-06,8.917702551476396e-06,unallocated_wheat,2020,WHEA_all_wheat,9,0,0,Finland,FI,274.0,174.0,3,2,3|2,3,172885.91970938648,0.0007944956802655,59,Boreal
123,938,3403.699951171875,0.0,3403.699951171875,3403.699951171875,0.0,3403.699951171875,g025_r123_c0938,54.5,59.25,54.75,59.0,54.625,59.125,39870.96211725464,6.256226230930729e-05,6.330173876751932e-05,unallocated_wheat,2020,WHEA_all_wheat,5,0,4,Russian Federation,RS,238.0,214.0,3,3,3|3,0,14863.199859254062,6.83037005150572e-05,60,Boreal
122,936,3007.6000061035156,0.0,3007.6000061035156,3007.6000061035156,0.0,3007.6000061035156,g025_r122_c0936,54.0,59.5,54.25,59.25,54.125,59.375,39581.654373934936,5.528168264025128e-05,5.593510375026015e-05,unallocated_wheat,2020,WHEA_all_wheat,6,0,3,Russian Federation,RS,238.0,214.0,3,3,3|3,1,14863.199859254062,6.83037005150572e-05,61,Boreal
123,938,3403.699951171875,0.0,3403.699951171875,3403.699951171875,0.0,3403.699951171875,g025_r123_c0938,54.5,59.25,54.75,59.0,54.625,59.125,39870.96211725464,6.256226230930729e-05,6.330173876751932e-05,unallocated_wheat,2020,WHEA_all_wheat,5,0,4,Russian Federation,RS,238.0,214.0,3,3,3|3,2,14863.199859254062,6.83037005150572e-05,62,Boreal
123,939,3391.199920654297,0.0,3391.199920654297,3391.199920654297,0.0,3391.199920654297,g025_r123_c0939,54.75,59.25,55.0,59.0,54.875,59.125,39870.96211725464,6.233250345884052e-05,6.306926420226356e-05,unallocated_wheat,2020,WHEA_all_wheat,6,0,3,Russian Federation,RS,238.0,214.0,3,3,3|3,3,14863.199859254062,6.83037005150572e-05,63,Boreal
