cell_id,latitude,longitude,mean_change,harvested_total_ha,dominant_source_country
g025_r191_c0912,42.125,48.125,-95.15555555555557,3803.8812622963555,Russian Federation
g025_r193_c0913,41.625,48.375,-90.27777777777779,3525.0,Azerbaijan
g025_r192_c0913,41.875,48.375,-89.25555555555555,1669.7219509013867,Russian Federation
g025_r192_c0912,41.875,48.125,-82.35555555555555,614.3000020980835,Russian Federation
g025_r193_c0914,41.625,48.625,-80.54444444444444,20053.000061035156,Azerbaijan
g025_r192_c0914,41.875,48.625,-75.06666666666666,1611.300048828125,Azerbaijan
g025_r180_c0872,44.875,38.125,-74.33333333333333,2947.352357350516,Russian Federation
g025_r173_c0865,46.625,36.375,-73.83333333333333,993.800012588501,Ukraine
g025_r178_c0867,45.375,36.875,-73.52222222222223,3218.93608534657,Russian Federation
g025_r179_c0868,45.125,37.125,-72.5111111111111,5130.656378347939,Russian Federation
