domain_type,domain,scenario,period,analysis_mode,metric,baseline_production_tonnes,production_weighted_change,gcm_min,gcm_max,all3positive_production_tonnes,all3positive_share_baseline_pct,ensemble_increasing_production_tonnes,ensemble_increasing_share_baseline_pct,all3negative_production_tonnes,all3negative_share_baseline_pct,mixed_sign_production_tonnes,mixed_sign_share_baseline_pct,nonunanimous_production_tonnes,nonunanimous_share_baseline_pct,unavailable_production_tonnes,unavailable_share_baseline_pct,complete3_production_tonnes,minimum_valid_production_time_fraction,maximum_valid_production_time_fraction
Europe,Europe,ssp126,2031-2060,primary_any_paired_year,GS65_85_lost_had3,241844854.56171423,1.145432590960036,0.2347274516351282,2.9444606598130996,98120667.246223703,40.57174068228322,232010094.77208588,95.933442616568584,1459168.7399286823,0.60334909443207951,142231837.95609206,58.81119042778608,142231837.95609206,58.81119042778608,33180.619469783691,0.013719795498612367,241811673.94224444,0.99966787637688614,0.99979494793671753
Europe,Europe,ssp126,2071-2100,primary_any_paired_year,GS65_85_lost_had3,241844854.56171423,1.6035927605340821,-1.0523582595623995,3.4572574398682154,97043711.020060688,40.126431962312836,228909066.64330602,94.651203995283993,1171423.8638851196,0.48436997595340375,143595692.15828586,59.375128083050846,143595692.15828586,59.375128083050846,34027.519482559946,0.014069978682914989,241810827.04223168,0.99965990826582252,0.99978803281274931
Europe,Europe,ssp245,2031-2060,primary_any_paired_year,GS65_85_lost_had3,241844854.56171423,1.0002851225144835,-0.2907766702348511,3.0978950346422889,53256451.868144713,22.020915832449383,181823962.37527642,75.182067737098947,18715995.154269852,7.7388436434540244,169839149.31983045,70.226488641911843,169839149.31983045,70.226488641911843,33258.219469211486,0.013751882184751886,241811596.34224501,0.99968176483918858,0.99975362688027158
Europe,Europe,ssp245,2071-2100,primary_any_paired_year,GS65_85_lost_had3,241844854.56171423,1.7839241253210105,0.25570137851830521,4.3546590418132922,118557175.92179897,49.021996410324881,212111378.11062443,87.705557554666768,10908206.302646007,4.5104148783378148,112346214.11780004,46.453836829152557,112346214.11780004,46.453836829152557,33258.219469211486,0.013751882184751886,241811596.34224501,0.99944000321636894,0.99978377996790768
Europe,Europe,ssp585,2031-2060,primary_any_paired_year,GS65_85_lost_had3,241844854.56171423,1.8361214176180507,1.4872962500564788,2.4322022739233464,131045554.65753745,54.185793985580574,219613719.77913338,90.80768750574849,9510940.641364187,3.9326619781100924,101255293.84334293,41.867871874654462,101255293.84334293,41.867871874654462,33065.419469676403,0.013672161654875619,241811789.14224455,0.99967279100006179,0.99979936916222467
Europe,Europe,ssp585,2071-2100,primary_any_paired_year,GS65_85_lost_had3,241844854.56171423,3.3556288844442705,1.384514408085717,5.6931557170602645,162211513.67879817,67.072551108340761,194867721.42419922,80.575508533084246,30372938.517307125,12.558852481005141,49227390.446139269,20.354946370619338,49227390.446139269,20.354946370619338,33011.919469676403,0.013650040034758063,241811842.64224455,0.9995281089943423,0.99973402854278692
Europe,Europe,ssp126,2031-2060,robust_all3_ge27,GS65_85_lost_had3,241844854.56171423,1.1465753080483541,0.23569979261159466,2.9459494235719923,98120667.246223703,40.57174068228322,232009624.35324964,95.933248103918274,1404199.7227943793,0.58062005302496689,142223339.43729496,58.807676390320829,142223339.43729496,58.807676390320829,96648.155401180789,0.039962874370981505,241748206.40631306,0.99948805973204002,0.99959762663097218
Europe,Europe,ssp126,2071-2100,robust_all3_ge27,GS65_85_lost_had3,241844854.56171423,1.6046026893290188,-1.0518691992722575,3.4588821806390557,97039947.920121819,40.124875964792984,228904905.34335494,94.649483346747303,1131311.3593116812,0.46778392757700454,143575687.72688597,59.366856486189235,143575687.72688597,59.366856486189235,97907.555394764349,0.040483621440777932,241746947.00631946,0.99948313590047777,0.99959243771211281
Europe,Europe,ssp245,2031-2060,robust_all3_ge27,GS65_85_lost_had3,241844854.56171423,1.0015185056655358,-0.28982942094842451,3.0996382256373365,53256451.868144713,22.020915832449383,181818495.6608682,75.179807315053523,18660032.237096988,7.7157036360826519,169829666.30105945,70.222567525298388,169829666.30105945,70.222567525298388,98704.155413064465,0.040813006169571842,241746150.40630117,0.99948880496177961,0.99955929242345232
Europe,Europe,ssp245,2071-2100,robust_all3_ge27,GS65_85_lost_had3,241844854.56171423,1.7854592455348282,0.25693319689633815,4.3566991365658359,118557175.92179897,49.021996410324881,212111364.2106244,87.705551807180413,10848985.185488338,4.485927643633155,112339989.29901385,46.4512629398724,112339989.29901385,46.4512629398724,98704.155413064465,0.040813006169571842,241746150.40630117,0.99924662748006954,0.99957149131889655
Europe,Europe,ssp585,2031-2060,robust_all3_ge27,GS65_85_lost_had3,241844854.56171423,1.8375523969158702,1.488569448334049,2.4338694939599668,131045554.65753745,54.185793985580574,219612834.47913378,90.807321444621749,9450590.024253441,3.9077077084730076,101249830.12450929,41.865612691243861,101249830.12450929,41.865612691243861,98879.755414056883,0.040885614702554959,241745974.80630016,0.99948278777090216,0.99958917896942168
Europe,Europe,ssp585,2071-2100,robust_all3_ge27,GS65_85_lost_had3,241844854.56171423,3.3575211953206892,1.3861805214857781,5.6951109851831285,162210511.378795,67.072136669090028,194847121.32420409,80.566990634271605,30333118.900214452,12.542387538153728,49202344.527290724,20.344590178053682,49202344.527290724,20.344590178053682,98879.755414056883,0.040885614702554959,241745974.80630016,0.99933569649969867,0.99952340992619004
