domain_type,domain,baseline_production_tonnes,harvested_area_ha,physical_area_ha,grid_cells,calendar_eligible_cells,calendar_eligible_production_tonnes,calendar_eligible_harvested_area_ha,production_reference_year
Europe,Europe,241844854.56171423,54405001.122625828,53769454.322135366,14941,14932,241825295.64229828,54401151.574421458,2020
country,Albania,230606.19940185547,55262.999755859375,55262.999755859375,42,42,230606.19940185547,55262.999755859375,2020
country,Austria,1599071.5991620943,279073.20015899092,279073.20015899092,174,174,1599071.5991620943,279073.20015899092,2020
country,Azerbaijan,198494.86632739365,70246.604604295542,70246.604604295542,18,18,198494.86632739365,70246.604604295542,2020
country,Belarus,2532680.4978111535,714279.99987722933,714279.99987722933,506,506,2532680.4978111535,714279.99987722933,2020
country,Belgium,1757679.8991088867,202533.30075073242,202533.30075073242,64,64,1757679.8991088867,202533.30075073242,2020
country,Bosnia and Herzegovina,300318.10028076172,68176.299964904785,68176.299964904785,60,60,300318.10028076172,68176.299964904785,2020
country,Bulgaria,6170185.7108430862,1201683.1011776328,1201683.1011776328,223,223,6170185.7108430862,1201683.1011776328,2020
country,Croatia,885910.00044895709,146127.19993783534,146127.19993783534,140,140,885910.00044895709,146127.19993783534,2020
country,Czechia,4891832.3990064859,807601.70033589005,807601.70033589005,186,186,4891832.3990064859,807601.70033589005,2020
country,Denmark,4253196.0939025879,537899.20022583008,537899.20022583008,144,144,4253196.0939025879,537899.20022583008,2020
country,Estonia,807789.69866943359,171673.50030517578,171673.50030517578,81,81,807789.69866943359,171673.50030517578,2020
country,Finland,762644.89964725822,202933.20003872365,202933.20003872365,785,785,762644.89964725822,202933.20003872365,2020
country,France,35769343.705079265,5011109.1996791959,5011109.1996791959,1111,1111,35769343.705079265,5011109.1996791959,2020
country,Georgia,0,0.13934374533646093,0.13934374533646093,2,2,0,0.13934374533646093,2020
country,Germany,22231299.700948089,2964201.4007079303,2964201.4007079303,740,740,22231299.700948089,2964201.4007079303,2020
country,Greece,1044241.4983976483,356791.00003659725,356791.00003659725,323,322,1044235.2983978391,356786.00003659725,2020
country,Hungary,5263107.8015492111,948348.40058043599,948348.40058043599,207,207,5263107.8015492111,948348.40058043599,2020
country,Ireland,529453.59973144531,57599.799926757812,57599.799926757812,47,47,529453.59973144531,57599.799926757812,2020
country,Italy,6916736.6967803165,1730823.6998818964,1153882.3994524702,586,586,6916736.6967803165,1730823.6998818964,2020
country,Kazakhstan,158332.41976809796,141336.00044861363,141336.00044861363,159,158,158330.61976814564,141334.80044862555,2020
country,Latvia,2479432.9009336978,509400.39987299591,509400.39987299591,186,186,2479432.9009336978,509400.39987299591,2020
country,Lithuania,4299304.0966024995,910179.29943761975,910179.29943761975,173,173,4299304.0966024995,910179.29943761975,2020
country,Luxembourg,76933.30029296875,12719.900024414062,12719.900024414062,4,4,76933.30029296875,12719.900024414062,2020
country,Montenegro,2259.0999755859375,759.60000610351562,759.60000610351562,2,2,2259.0999755859375,759.60000610351562,2020
country,Netherlands,1003202.3983612061,115866.50010585785,115866.50010585785,72,70,988807.09840393066,114212.40016078949,2020
country,North Macedonia,243207.6003831774,69658.600148327649,69658.600148327649,51,51,243207.6003831774,69658.600148327649,2020
country,Norway,346392.30033623427,70541.799964286387,70541.799964286387,252,252,346392.30033623427,70541.799964286387,2020
country,Poland,11727542.902679905,2428751.2005669251,2428751.2005669251,679,679,11727542.902679905,2428751.2005669251,2020
country,Portugal,76670.199880599976,29110.600018978119,29110.600018978119,117,117,76670.199880599976,29110.600018978119,2020
country,Republic of Moldova,1094138.4012145996,331390.20010375977,331390.20010375977,82,82,1094138.4012145996,331390.20010375977,2020
country,Romania,9041072.4987521842,2166233.8999021426,2166233.8999021426,472,472,9041072.4987521842,2166233.8999021426,2020
country,Russian Federation,55585999.161188029,19703589.939004492,19703589.939004492,4048,4044,55582941.341732174,19701924.090742894,2020
country,Serbia,2950150.4031697512,585785.90012977272,527180.40006873757,166,166,2950150.4031697512,585785.90012977272,2020
country,Slovakia,2024898.6029567719,383622.99997655302,383622.99997655302,116,116,2024898.6029567719,383622.99997655302,2020
country,Slovenia,150812.7004905045,26935.800029948354,26935.800029948354,50,50,150812.7004905045,26935.800029948354,2020
country,Spain,7570306.5045158044,1984749.5994665325,1984749.5994665325,924,924,7570306.5045158044,1984749.5994665325,2020
country,Sweden,3239616.3032408953,465928.39995798469,465928.39995798469,753,753,3239616.3032408953,465928.39995798469,2020
country,Switzerland,475793.39759254456,83354.800359964371,83354.800359964371,32,32,475793.39759254456,83354.800359964371,2020
country,Turkey,1296737.6057310016,354787.37815959292,354787.37815959292,56,56,1296737.6057310016,354787.37815959292,2020
country,Ukraine,28488641.210894808,6829732.900716804,6829732.900716804,1292,1291,28486543.410891756,6829209.5007190928,2020
country,United Kingdom of Great Britain and Northern Ireland,13368817.585657429,1674201.4569344972,1674201.4569344972,483,483,13368817.585657429,1674201.4569344972,2020
environment_region,Alpine,4414982.9699338274,995879.26810799411,988215.46809507778,828,828,4414982.9699338274,995879.26810799411,2020
environment_region,Atlantic,44580512.873920038,5964182.5788768921,5964182.5788768921,1457,1455,44566117.573962763,5962528.4789318237,2020
environment_region,Black Sea,503175.50532423193,118715.90368723862,118715.90368723862,24,24,503175.50532423193,118715.90368723862,2020
environment_region,Boreal,14651971.922177825,3317002.818681987,3317002.818681987,2914,2914,14651971.922177825,3317002.818681987,2020
environment_region,Continental,106617234.69846927,23097113.578839809,22883676.776990928,5057,5057,106617234.69846927,23097113.578839809,2020
environment_region,Mediterranean,13310770.258850317,3663288.9430908519,3318606.0444627139,1535,1535,13310770.258850317,3663288.9430908519,2020
environment_region,Outside EEA regions,223302.75905752784,84571.306582505189,84571.306582505189,76,76,223302.75905752784,84571.306582505189,2020
environment_region,Pannonian,9021868.9015709311,1765576.9011852592,1709272.1011364311,285,285,9021868.9015709311,1765576.9011852592,2020
environment_region,Steppic,45940337.302547283,14932227.180374689,14932227.180374689,2108,2105,45937357.070687599,14930604.917226624,2020
environment_region,Unassigned,2580697.3698629681,466442.64319859835,452984.14324690046,657,653,2578513.982263986,465869.45808736584,2020
