contrast_id,TrialId,season_year,coordinate_year,matched_treatment_label,leaf_rank,source_leaf_label,n_common_assessment_dates,window_start,window_end,window_days,untreated_severity_integral_percent_days,treated_severity_integral_percent_days,measured_severity_integral_reduction_pp_days,window_mean_severity_reduction_pp,first_untreated_GsFrom,first_untreated_GsTo,last_untreated_GsFrom,last_untreated_GsTo,first_treated_GsFrom,last_treated_GsFrom,n_reversed_untreated_stage_ranges,n_reversed_treated_stage_ranges,untreated_source_rows,treated_source_rows,observed_date_interpolation,integral_is_HAD_or_absolute_leaf_area,measured_relative_yield_ratio,measured_relative_yield_gain_percent,yield_component_membership,source_treatment_spray_history_consistent
BASF|5|2017|TreatmentA,5,2017,"52.400000,9.600000|2017",TreatmentA,1,"LEAF, 1ST / FLAG LEAF",3,2017-05-30,2017-06-28,29,97.5,19.0,78.5,2.706896551724138,55.0,59.0,75.0,75.0,55.0,75.0,0,0,71;79;85,1179;1187;1193,trapezoidal between common measured scores only; no extrapolation,False,1.07254988,7.254987999999997,development_2017_2018,True
BASF|5|2017|TreatmentA,5,2017,"52.400000,9.600000|2017",TreatmentA,2,"LEAF, 2ND",3,2017-05-19,2017-06-09,21,38.875,15.5,23.375,1.1130952380952381,37.0,39.0,55.0,59.0,37.0,55.0,0,0,65;72;80,1173;1180;1188,trapezoidal between common measured scores only; no extrapolation,False,1.07254988,7.254987999999997,development_2017_2018,True
BASF|5|2017|TreatmentA,5,2017,"52.400000,9.600000|2017",TreatmentA,3,"LEAF, 3RD",5,2017-05-03,2017-06-09,37,123.75,37.0,86.75,2.3445945945945947,32.0,34.0,55.0,59.0,32.0,55.0,0,0,61;63;66;73;81,1169;1171;1174;1181;1189,trapezoidal between common measured scores only; no extrapolation,False,1.07254988,7.254987999999997,development_2017_2018,True
BASF|8|2017|TreatmentA,8,2017,"48.000000,1.800000|2017",TreatmentA,2,"LEAF, 2ND",2,2017-05-31,2017-06-14,14,395.266669,195.416669,199.84999999999997,14.274999999999997,65.0,69.0,75.0,,65.0,75.0,0,0,111;116,1197;1200,trapezoidal between common measured scores only; no extrapolation,False,1.0594786,5.947860000000006,development_2017_2018,True
BASF|9|2017|TreatmentA,9,2017,"49.800000,2.900000|2017",TreatmentA,1,"LEAF, 1ST / FLAG LEAF",2,2017-06-16,2017-06-28,12,138.60000000000002,43.899996,94.70000400000002,7.891667000000002,73.0,,75.0,,73.0,75.0,0,0,124;126,1205;1207,trapezoidal between common measured scores only; no extrapolation,False,1.07742464,7.742463999999998,development_2017_2018,True
BASF|9|2017|TreatmentA,9,2017,"49.800000,2.900000|2017",TreatmentA,2,"LEAF, 2ND",2,2017-06-07,2017-06-16,9,127.874997,34.0500015,93.8249955,10.4249995,69.0,69.0,73.0,,69.0,73.0,0,0,122;125,1203;1206,trapezoidal between common measured scores only; no extrapolation,False,1.07742464,7.742463999999998,development_2017_2018,True
BASF|11|2017|TreatmentA,11,2017,"53.400000,6.700000|2017",TreatmentA,1,"LEAF, 1ST / FLAG LEAF",3,2017-06-14,2017-06-30,16,351.875,114.3125,237.5625,14.84765625,65.0,67.0,83.0,83.0,65.0,83.0,0,0,144;147;150,1210;1213;1216,trapezoidal between common measured scores only; no extrapolation,False,1.10270238,10.270238000000006,development_2017_2018,True
BASF|11|2017|TreatmentA,11,2017,"53.400000,6.700000|2017",TreatmentA,2,"LEAF, 2ND",3,2017-06-14,2017-06-30,16,674.75,382.375,292.375,18.2734375,65.0,67.0,83.0,83.0,65.0,83.0,0,0,145;148;151,1211;1214;1217,trapezoidal between common measured scores only; no extrapolation,False,1.10270238,10.270238000000006,development_2017_2018,True
BASF|11|2017|TreatmentA,11,2017,"53.400000,6.700000|2017",TreatmentA,3,"LEAF, 3RD",2,2017-06-14,2017-06-21,7,345.625,205.625,140.0,20.0,65.0,67.0,69.0,81.0,65.0,69.0,0,0,146;149,1212;1215,trapezoidal between common measured scores only; no extrapolation,False,1.10270238,10.270238000000006,development_2017_2018,True
BASF|16|2017|TreatmentA,16,2017,"52.200000,16.600000|2017",TreatmentA,2,"LEAF, 2ND",2,2017-06-20,2017-06-26,6,11.625,3.9375,7.6875,1.28125,71.0,75.0,75.0,75.0,71.0,75.0,0,0,216;219,1234;1237,trapezoidal between common measured scores only; no extrapolation,False,1.16879,16.879000000000005,development_2017_2018,True
BASF|16|2017|TreatmentA,16,2017,"52.200000,16.600000|2017",TreatmentA,3,"LEAF, 3RD",3,2017-05-26,2017-06-20,25,144.0,26.5625,117.4375,4.6975,37.0,39.0,71.0,75.0,37.0,71.0,0,0,205;208;212,1223;1226;1230,trapezoidal between common measured scores only; no extrapolation,False,1.16879,16.879000000000005,development_2017_2018,True
BASF|20|2017|TreatmentA,20,2017,"52.100000,1.000000|2017",TreatmentA,1,"LEAF, 1ST / FLAG LEAF",3,2017-05-19,2017-06-09,21,0.0,0.0,0.0,0.0,39.0,39.0,61.0,66.0,39.0,61.0,0,0,291;299;307,1246;1254;1262,trapezoidal between common measured scores only; no extrapolation,False,1.08588564,8.588564000000005,development_2017_2018,True
BASF|20|2017|TreatmentA,20,2017,"52.100000,1.000000|2017",TreatmentA,2,"LEAF, 2ND",3,2017-05-19,2017-06-09,21,0.0,0.0,0.0,0.0,39.0,39.0,61.0,66.0,39.0,61.0,0,0,292;300;308,1247;1255;1263,trapezoidal between common measured scores only; no extrapolation,False,1.08588564,8.588564000000005,development_2017_2018,True
BASF|20|2017|TreatmentA,20,2017,"52.100000,1.000000|2017",TreatmentA,3,"LEAF, 3RD",3,2017-05-19,2017-06-09,21,199.75,9.0,190.75,9.083333333333334,39.0,39.0,61.0,66.0,39.0,61.0,0,0,293;301;309,1248;1256;1264,trapezoidal between common measured scores only; no extrapolation,False,1.08588564,8.588564000000005,development_2017_2018,True
BASF|23|2018|TreatmentA,23,2018,"48.000000,1.800000|2018",TreatmentA,2,"LEAF, 2ND",3,2018-05-22,2018-06-12,21,791.4083310000001,474.1916655,317.2166655000001,15.105555500000005,65.0,69.0,77.0,,65.0,77.0,0,0,332;334;337,1278;1280;1283,trapezoidal between common measured scores only; no extrapolation,False,1.14993751,14.993751000000003,development_2017_2018,True
BASF|23|2018|TreatmentA,23,2018,"48.000000,1.800000|2018",TreatmentA,3,"LEAF, 3RD",2,2018-05-22,2018-06-05,14,763.0,557.2,205.79999999999995,14.699999999999998,65.0,69.0,75.0,,65.0,75.0,0,0,333;335,1279;1281,trapezoidal between common measured scores only; no extrapolation,False,1.14993751,14.993751000000003,development_2017_2018,True
BASF|24|2018|TreatmentA,24,2018,"53.400000,6.700000|2018",TreatmentA,1,"LEAF, 1ST / FLAG LEAF",3,2018-06-11,2018-07-04,23,132.5625,14.5,118.0625,5.133152173913044,,,,,,,0,0,340;344;347,1286;1290;1293,trapezoidal between common measured scores only; no extrapolation,False,1.03866,3.8659999999999997,development_2017_2018,True
BASF|24|2018|TreatmentA,24,2018,"53.400000,6.700000|2018",TreatmentA,2,"LEAF, 2ND",3,2018-06-11,2018-07-04,23,283.875,89.0,194.875,8.472826086956522,,,,,,,0,0,341;345;348,1287;1291;1294,trapezoidal between common measured scores only; no extrapolation,False,1.03866,3.8659999999999997,development_2017_2018,True
BASF|24|2018|TreatmentA,24,2018,"53.400000,6.700000|2018",TreatmentA,3,"LEAF, 3RD",2,2018-06-11,2018-06-20,9,234.0,185.625,48.375,5.375,,,,,,,0,0,342;346,1288;1292,trapezoidal between common measured scores only; no extrapolation,False,1.03866,3.8659999999999997,development_2017_2018,True
BASF|25|2018|TreatmentA,25,2018,"51.100000,17.600000|2018",TreatmentA,1,"LEAF, 1ST / FLAG LEAF",2,2018-06-01,2018-06-15,14,175.0,45.5,129.5,9.25,39.0,41.0,75.0,75.0,39.0,75.0,0,0,359;365,1303;1309,trapezoidal between common measured scores only; no extrapolation,False,1.08665684,8.665683999999999,development_2017_2018,True
BASF|25|2018|TreatmentA,25,2018,"51.100000,17.600000|2018",TreatmentA,2,"LEAF, 2ND",2,2018-06-01,2018-06-15,14,358.75,220.5,138.25,9.875,39.0,41.0,75.0,75.0,39.0,75.0,0,0,358;364,1302;1308,trapezoidal between common measured scores only; no extrapolation,False,1.08665684,8.665683999999999,development_2017_2018,True
BASF|25|2018|TreatmentA,25,2018,"51.100000,17.600000|2018",TreatmentA,3,"LEAF, 3RD",2,2018-05-24,2018-06-01,8,190.0,81.0,109.0,13.625,39.0,41.0,39.0,41.0,39.0,39.0,0,0,355;357,1299;1301,trapezoidal between common measured scores only; no extrapolation,False,1.08665684,8.665683999999999,development_2017_2018,True
BASF|26|2018|TreatmentA,26,2018,"50.300000,18.500000|2018",TreatmentA,2,"LEAF, 2ND",3,2018-05-26,2018-06-15,20,153.75,10.75,143.0,7.15,55.0,55.0,75.0,75.0,55.0,75.0,0,0,376;384;394,1315;1323;1333,trapezoidal between common measured scores only; no extrapolation,False,1.04832496,4.832496000000006,development_2017_2018,True
BASF|26|2018|TreatmentA,26,2018,"50.300000,18.500000|2018",TreatmentA,3,"LEAF, 3RD",2,2018-05-26,2018-06-05,10,72.25,17.0,55.25,5.525,55.0,55.0,65.0,65.0,55.0,65.0,0,0,375;383,1314;1322,trapezoidal between common measured scores only; no extrapolation,False,1.04832496,4.832496000000006,development_2017_2018,True
BASF|27|2018|TreatmentA,27,2018,"53.700000,20.200000|2018",TreatmentA,2,"LEAF, 2ND",2,2018-06-15,2018-06-25,10,156.25,36.125,120.125,12.0125,73.0,75.0,83.0,85.0,73.0,83.0,0,0,411;414,1348;1351,trapezoidal between common measured scores only; no extrapolation,False,1.05318678,5.318678000000006,development_2017_2018,True
BASF|27|2018|TreatmentA,27,2018,"53.700000,20.200000|2018",TreatmentA,3,"LEAF, 3RD",3,2018-05-26,2018-06-15,20,308.125,154.375,153.75,7.6875,51.0,59.0,73.0,75.0,51.0,73.0,0,0,407;409;412,1344;1346;1349,trapezoidal between common measured scores only; no extrapolation,False,1.05318678,5.318678000000006,development_2017_2018,True
BASF|28|2018|TreatmentA,28,2018,"51.700000,-2.000000|2018",TreatmentA,2,"LEAF, 2ND",2,2018-06-14,2018-06-23,9,120.375,51.75,68.625,7.625,61.0,65.0,71.0,73.0,61.0,71.0,0,0,430;433,1361;1364,trapezoidal between common measured scores only; no extrapolation,False,1.01365705,1.3657050000000055,development_2017_2018,True
BASF|28|2018|TreatmentA,28,2018,"51.700000,-2.000000|2018",TreatmentA,3,"LEAF, 3RD",3,2018-06-01,2018-06-23,22,715.0000015,288.875,426.12500150000005,19.369318250000003,49.0,55.0,71.0,73.0,49.0,71.0,0,0,427;429;432,1358;1360;1363,trapezoidal between common measured scores only; no extrapolation,False,1.01365705,1.3657050000000055,development_2017_2018,True
BASF|30|2018|TreatmentA,30,2018,"52.200000,0.100000|2018",TreatmentA,1,"LEAF, 1ST / FLAG LEAF",2,2018-06-20,2018-06-27,7,87.5,54.25,33.25,4.75,69.0,69.0,71.0,71.0,69.0,71.0,0,0,460;464,1378;1382,trapezoidal between common measured scores only; no extrapolation,False,1.08404945,8.404944999999998,development_2017_2018,True
BASF|30|2018|TreatmentA,30,2018,"52.200000,0.100000|2018",TreatmentA,2,"LEAF, 2ND",2,2018-06-20,2018-06-27,7,223.125,118.125,105.0,15.0,69.0,69.0,71.0,71.0,69.0,71.0,0,0,461;465,1379;1383,trapezoidal between common measured scores only; no extrapolation,False,1.08404945,8.404944999999998,development_2017_2018,True
BASF|31|2019|TreatmentA,31,2019,"43.300000,25.000000|2019",TreatmentA,1,"LEAF, 1ST / FLAG LEAF",2,2019-06-07,2019-06-11,4,22.5,0.0,22.5,5.625,74.0,76.0,75.0,77.0,74.0,75.0,0,0,480;483,1398;1401,trapezoidal between common measured scores only; no extrapolation,False,1.09974466,9.974466000000007,held_out_2019_no_response_fit_in_this_audit,True
BASF|31|2019|TreatmentA,31,2019,"43.300000,25.000000|2019",TreatmentA,2,"LEAF, 2ND",3,2019-06-01,2019-06-11,10,160.0,11.25,148.75,14.875,69.0,72.0,75.0,77.0,69.0,75.0,0,0,477;479;482,1395;1397;1400,trapezoidal between common measured scores only; no extrapolation,False,1.09974466,9.974466000000007,held_out_2019_no_response_fit_in_this_audit,True
BASF|31|2019|TreatmentA,31,2019,"43.300000,25.000000|2019",TreatmentA,3,"LEAF, 3RD",2,2019-05-22,2019-06-01,10,225.0,12.5,212.5,21.25,64.0,66.0,69.0,72.0,64.0,69.0,0,0,475;476,1393;1394,trapezoidal between common measured scores only; no extrapolation,False,1.09974466,9.974466000000007,held_out_2019_no_response_fit_in_this_audit,True
BASF|32|2019|TreatmentA,32,2019,"43.300000,25.000000|2019",TreatmentA,1,"LEAF, 1ST / FLAG LEAF",2,2019-06-07,2019-06-10,3,20.625,0.0,20.625,6.875,74.0,76.0,74.0,76.0,74.0,74.0,0,0,496;498,1414;1416,trapezoidal between common measured scores only; no extrapolation,False,1.1753286699999999,17.532866999999996,held_out_2019_no_response_fit_in_this_audit,True
BASF|32|2019|TreatmentA,32,2019,"43.300000,25.000000|2019",TreatmentA,2,"LEAF, 2ND",2,2019-06-01,2019-06-07,6,78.75,7.5,71.25,11.875,69.0,72.0,74.0,76.0,69.0,74.0,0,0,493;495,1411;1413,trapezoidal between common measured scores only; no extrapolation,False,1.1753286699999999,17.532866999999996,held_out_2019_no_response_fit_in_this_audit,True
BASF|32|2019|TreatmentA,32,2019,"43.300000,25.000000|2019",TreatmentA,3,"LEAF, 3RD",2,2019-05-22,2019-06-01,10,118.75,12.5,106.25,10.625,64.0,66.0,69.0,72.0,64.0,69.0,0,0,491;492,1409;1410,trapezoidal between common measured scores only; no extrapolation,False,1.1753286699999999,17.532866999999996,held_out_2019_no_response_fit_in_this_audit,True
BASF|33|2019|TreatmentA,33,2019,"43.300000,25.000000|2019",TreatmentA,1,"LEAF, 1ST / FLAG LEAF",2,2019-06-04,2019-06-11,7,65.625,0.0,65.625,9.375,69.0,72.0,74.0,76.0,69.0,74.0,0,0,511;515,1429;1433,trapezoidal between common measured scores only; no extrapolation,False,1.0575186600000002,5.751866000000007,held_out_2019_no_response_fit_in_this_audit,True
BASF|33|2019|TreatmentA,33,2019,"43.300000,25.000000|2019",TreatmentA,2,"LEAF, 2ND",3,2019-05-25,2019-06-11,17,197.5,0.0,197.5,11.617647058823529,66.0,69.0,74.0,76.0,66.0,74.0,0,0,506;510;514,1424;1428;1432,trapezoidal between common measured scores only; no extrapolation,False,1.0575186600000002,5.751866000000007,held_out_2019_no_response_fit_in_this_audit,True
BASF|33|2019|TreatmentA,33,2019,"43.300000,25.000000|2019",TreatmentA,3,"LEAF, 3RD",2,2019-05-15,2019-05-25,10,225.0,137.5,87.5,8.75,55.0,60.0,66.0,69.0,55.0,66.0,0,0,503;505,1421;1423,trapezoidal between common measured scores only; no extrapolation,False,1.0575186600000002,5.751866000000007,held_out_2019_no_response_fit_in_this_audit,True
BASF|34|2019|TreatmentA,34,2019,"43.300000,25.000000|2019",TreatmentA,1,"LEAF, 1ST / FLAG LEAF",2,2019-06-04,2019-06-11,7,48.125,0.0,48.125,6.875,69.0,72.0,74.0,76.0,69.0,74.0,0,0,529;534,1447;1452,trapezoidal between common measured scores only; no extrapolation,False,1.11244454,11.244454000000005,held_out_2019_no_response_fit_in_this_audit,True
BASF|34|2019|TreatmentA,34,2019,"43.300000,25.000000|2019",TreatmentA,2,"LEAF, 2ND",3,2019-05-25,2019-06-11,17,216.25,4.375,211.875,12.463235294117647,66.0,69.0,74.0,76.0,66.0,74.0,0,0,524;528;533,1442;1446;1451,trapezoidal between common measured scores only; no extrapolation,False,1.11244454,11.244454000000005,held_out_2019_no_response_fit_in_this_audit,True
BASF|34|2019|TreatmentA,34,2019,"43.300000,25.000000|2019",TreatmentA,3,"LEAF, 3RD",3,2019-05-15,2019-06-04,20,212.5,25.0,187.5,9.375,55.0,60.0,69.0,72.0,55.0,69.0,0,0,521;523;527,1439;1441;1445,trapezoidal between common measured scores only; no extrapolation,False,1.11244454,11.244454000000005,held_out_2019_no_response_fit_in_this_audit,True
BASF|35|2019|TreatmentA,35,2019,"49.500000,17.400000|2019",TreatmentA,1,"LEAF, 1ST / FLAG LEAF",3,2019-06-06,2019-06-24,18,109.75,45.5,64.25,3.5694444444444446,65.0,67.0,75.0,75.0,65.0,75.0,0,0,559;567;573,1468;1476;1482,trapezoidal between common measured scores only; no extrapolation,False,1.13390762,13.390761999999995,held_out_2019_no_response_fit_in_this_audit,True
BASF|35|2019|TreatmentA,35,2019,"49.500000,17.400000|2019",TreatmentA,2,"LEAF, 2ND",4,2019-05-27,2019-06-24,28,321.25,117.5,203.75,7.276785714285714,43.0,51.0,75.0,75.0,43.0,75.0,0,0,550;558;566;572,1459;1467;1475;1481,trapezoidal between common measured scores only; no extrapolation,False,1.13390762,13.390761999999995,held_out_2019_no_response_fit_in_this_audit,True
BASF|35|2019|TreatmentA,35,2019,"49.500000,17.400000|2019",TreatmentA,3,"LEAF, 3RD",2,2019-05-27,2019-06-06,10,42.5,8.75,33.75,3.375,43.0,51.0,65.0,67.0,43.0,65.0,0,0,549;557,1458;1466,trapezoidal between common measured scores only; no extrapolation,False,1.13390762,13.390761999999995,held_out_2019_no_response_fit_in_this_audit,True
BASF|36|2019|TreatmentA,36,2019,"51.000000,6.600000|2019",TreatmentA,2,"LEAF, 2ND",2,2019-06-19,2019-06-28,9,146.25,67.5,78.75,8.75,69.0,71.0,75.0,75.0,69.0,75.0,0,0,586;590,1494;1498,trapezoidal between common measured scores only; no extrapolation,False,1.3570173600000002,35.70173600000001,held_out_2019_no_response_fit_in_this_audit,True
BASF|36|2019|TreatmentA,36,2019,"51.000000,6.600000|2019",TreatmentA,3,"LEAF, 3RD",2,2019-06-10,2019-06-19,9,126.0,49.5,76.5,8.5,61.0,61.0,69.0,71.0,61.0,69.0,0,0,583;587,1491;1495,trapezoidal between common measured scores only; no extrapolation,False,1.3570173600000002,35.70173600000001,held_out_2019_no_response_fit_in_this_audit,True
BASF|37|2019|TreatmentA,37,2019,"51.600000,8.200000|2019",TreatmentA,1,"LEAF, 1ST / FLAG LEAF",2,2019-06-05,2019-06-24,19,97.375,38.0,59.375,3.125,65.0,65.0,75.0,75.0,65.0,75.0,0,0,602;611,1502;1511,trapezoidal between common measured scores only; no extrapolation,False,1.06578227,6.578226999999998,held_out_2019_no_response_fit_in_this_audit,True
BASF|37|2019|TreatmentA,37,2019,"51.600000,8.200000|2019",TreatmentA,2,"LEAF, 2ND",2,2019-06-05,2019-06-24,19,344.375,114.0,230.375,12.125,65.0,65.0,75.0,75.0,65.0,75.0,0,0,603;612,1503;1512,trapezoidal between common measured scores only; no extrapolation,False,1.06578227,6.578226999999998,held_out_2019_no_response_fit_in_this_audit,True
BASF|37|2019|TreatmentA,37,2019,"51.600000,8.200000|2019",TreatmentA,3,"LEAF, 3RD",2,2019-06-05,2019-06-24,19,700.625,149.625,551.0,29.0,65.0,65.0,75.0,75.0,65.0,75.0,0,0,604;613,1504;1513,trapezoidal between common measured scores only; no extrapolation,False,1.06578227,6.578226999999998,held_out_2019_no_response_fit_in_this_audit,True
BASF|38|2019|TreatmentA,38,2019,"49.600000,10.900000|2019",TreatmentA,1,"LEAF, 1ST / FLAG LEAF",2,2019-06-11,2019-06-17,6,4.5,0.0,4.5,0.75,69.0,70.0,70.0,72.0,69.0,70.0,0,0,633;638,1525;1530,trapezoidal between common measured scores only; no extrapolation,False,1.11575329,11.575328999999996,held_out_2019_no_response_fit_in_this_audit,True
BASF|38|2019|TreatmentA,38,2019,"49.600000,10.900000|2019",TreatmentA,2,"LEAF, 2ND",2,2019-06-11,2019-06-17,6,27.75,12.0,15.75,2.625,69.0,70.0,70.0,72.0,69.0,70.0,0,0,634;639,1526;1531,trapezoidal between common measured scores only; no extrapolation,False,1.11575329,11.575328999999996,held_out_2019_no_response_fit_in_this_audit,True
BASF|43|2019|TreatmentA,43,2019,"49.800000,2.900000|2019",TreatmentA,2,"LEAF, 2ND",2,2019-06-03,2019-06-20,17,830.7333305,592.166661,238.5666695,14.0333335,61.0,65.0,75.0,,61.0,75.0,0,0,689;692,1570;1573,trapezoidal between common measured scores only; no extrapolation,False,1.09287248,9.287248000000005,held_out_2019_no_response_fit_in_this_audit,True
BASF|44|2019|TreatmentA,44,2019,"50.400000,2.600000|2019",TreatmentA,2,"LEAF, 2ND",2,2019-06-14,2019-07-02,18,878.100003,726.900003,151.20000000000005,8.400000000000002,69.0,73.0,75.0,79.0,69.0,75.0,0,0,701;702,1577;1578,trapezoidal between common measured scores only; no extrapolation,False,1.06035848,6.035848000000001,held_out_2019_no_response_fit_in_this_audit,True
BASF|45|2019|TreatmentA,45,2019,"48.000000,-2.400000|2019",TreatmentA,1,"LEAF, 1ST / FLAG LEAF",2,2019-06-14,2019-06-24,10,395.16666499999997,85.41667000000001,309.74999499999996,30.974999499999996,75.0,77.0,77.0,80.0,75.0,77.0,0,0,718;721,1585;1588,trapezoidal between common measured scores only; no extrapolation,False,1.11627584,11.627583999999999,held_out_2019_no_response_fit_in_this_audit,True
BASF|45|2019|TreatmentA,45,2019,"48.000000,-2.400000|2019",TreatmentA,2,"LEAF, 2ND",3,2019-05-23,2019-06-24,32,1570.716674,786.15,784.566674,24.5177085625,65.0,65.0,77.0,80.0,65.0,77.0,0,0,715;719;722,1582;1586;1589,trapezoidal between common measured scores only; no extrapolation,False,1.11627584,11.627583999999999,held_out_2019_no_response_fit_in_this_audit,True
BASF|45|2019|TreatmentA,45,2019,"48.000000,-2.400000|2019",TreatmentA,3,"LEAF, 3RD",2,2019-05-23,2019-06-14,22,1398.466674,1238.6,159.8666740000001,7.266667000000004,65.0,65.0,75.0,77.0,65.0,75.0,0,0,716;720,1583;1587,trapezoidal between common measured scores only; no extrapolation,False,1.11627584,11.627583999999999,held_out_2019_no_response_fit_in_this_audit,True
BASF|47|2019|TreatmentA,47,2019,"49.800000,2.900000|2019",TreatmentA,1,"LEAF, 1ST / FLAG LEAF",2,2019-06-14,2019-06-26,12,468.0,174.70000199999998,293.299998,24.4416665,69.0,,75.0,,69.0,75.0,0,0,729;731,1596;1598,trapezoidal between common measured scores only; no extrapolation,False,1.15423918,15.423918,held_out_2019_no_response_fit_in_this_audit,True
BASF|47|2019|TreatmentA,47,2019,"49.800000,2.900000|2019",TreatmentA,2,"LEAF, 2ND",2,2019-06-14,2019-06-26,12,896.000004,649.699998,246.30000599999994,20.525000499999994,69.0,,75.0,,69.0,75.0,0,0,730;732,1597;1599,trapezoidal between common measured scores only; no extrapolation,False,1.15423918,15.423918,held_out_2019_no_response_fit_in_this_audit,True
BASF|48|2019|TreatmentA,48,2019,"51.100000,17.600000|2019",TreatmentA,1,"LEAF, 1ST / FLAG LEAF",3,2019-05-27,2019-06-20,24,478.25,162.5,315.75,13.15625,39.0,47.0,75.0,75.0,39.0,75.0,0,0,741;748;753,1605;1612;1617,trapezoidal between common measured scores only; no extrapolation,False,1.17263655,17.263655,held_out_2019_no_response_fit_in_this_audit,True
BASF|48|2019|TreatmentA,48,2019,"51.100000,17.600000|2019",TreatmentA,2,"LEAF, 2ND",3,2019-05-27,2019-06-20,24,893.75,399.375,494.375,20.598958333333332,39.0,47.0,75.0,75.0,39.0,75.0,0,0,740;747;752,1604;1611;1616,trapezoidal between common measured scores only; no extrapolation,False,1.17263655,17.263655,held_out_2019_no_response_fit_in_this_audit,True
BASF|48|2019|TreatmentA,48,2019,"51.100000,17.600000|2019",TreatmentA,3,"LEAF, 3RD",2,2019-05-27,2019-06-07,11,433.125,261.25,171.875,15.625,39.0,47.0,64.0,66.0,39.0,64.0,0,0,739;746,1603;1610,trapezoidal between common measured scores only; no extrapolation,False,1.17263655,17.263655,held_out_2019_no_response_fit_in_this_audit,True
BASF|49|2019|TreatmentA,49,2019,"52.500000,16.700000|2019",TreatmentA,2,"LEAF, 2ND",2,2019-06-17,2019-06-21,4,21.5,2.0,19.5,4.875,67.0,71.0,75.0,77.0,67.0,75.0,0,0,764;768,1627;1631,trapezoidal between common measured scores only; no extrapolation,False,1.08124816,8.124815999999996,held_out_2019_no_response_fit_in_this_audit,True
BASF|49|2019|TreatmentA,49,2019,"52.500000,16.700000|2019",TreatmentA,3,"LEAF, 3RD",2,2019-06-06,2019-06-17,11,49.5,0.0,49.5,4.5,61.0,63.0,67.0,71.0,61.0,67.0,0,0,761;763,1624;1626,trapezoidal between common measured scores only; no extrapolation,False,1.08124816,8.124815999999996,held_out_2019_no_response_fit_in_this_audit,True
BASF|51|2019|TreatmentA,51,2019,"50.300000,18.500000|2019",TreatmentA,1,"LEAF, 1ST / FLAG LEAF",2,2019-06-13,2019-06-23,10,82.5,11.25,71.25,7.125,67.0,71.0,75.0,75.0,67.0,75.0,0,0,793;796,1654;1657,trapezoidal between common measured scores only; no extrapolation,False,1.12833289,12.833288999999994,held_out_2019_no_response_fit_in_this_audit,True
BASF|52|2019|TreatmentA,52,2019,"52.800000,16.900000|2019",TreatmentA,2,"LEAF, 2ND",2,2019-06-10,2019-06-20,10,66.975,12.9,54.074999999999996,5.4075,71.0,73.0,75.0,77.0,71.0,75.0,0,0,808;811,1669;1672,trapezoidal between common measured scores only; no extrapolation,False,1.14520676,14.520675999999995,held_out_2019_no_response_fit_in_this_audit,True
BASF|52|2019|TreatmentA,52,2019,"52.800000,16.900000|2019",TreatmentA,3,"LEAF, 3RD",2,2019-05-31,2019-06-10,10,98.25,8.924999999999999,89.325,8.932500000000001,61.0,69.0,71.0,73.0,61.0,71.0,0,0,804;807,1665;1668,trapezoidal between common measured scores only; no extrapolation,False,1.14520676,14.520675999999995,held_out_2019_no_response_fit_in_this_audit,True
BASF|54|2019|TreatmentA,54,2019,"52.600000,16.400000|2019",TreatmentA,1,"LEAF, 1ST / FLAG LEAF",2,2019-06-13,2019-06-24,11,64.625,20.625,44.0,4.0,69.0,71.0,71.0,72.0,69.0,71.0,0,0,835;839,1690;1694,trapezoidal between common measured scores only; no extrapolation,False,1.00827324,0.8273240000000044,held_out_2019_no_response_fit_in_this_audit,True
BASF|54|2019|TreatmentA,54,2019,"52.600000,16.400000|2019",TreatmentA,2,"LEAF, 2ND",2,2019-06-13,2019-06-24,11,141.625,70.125,71.5,6.5,71.0,72.0,77.0,79.0,71.0,77.0,0,0,836;840,1691;1695,trapezoidal between common measured scores only; no extrapolation,False,1.00827324,0.8273240000000044,held_out_2019_no_response_fit_in_this_audit,True
BASF|55|2019|TreatmentA,55,2019,"52.100000,17.200000|2019",TreatmentA,2,"LEAF, 2ND",2,2019-06-11,2019-06-17,6,83.25,28.5,54.75,9.125,73.0,73.0,75.0,75.0,73.0,75.0,0,0,845;846,1699;1700,trapezoidal between common measured scores only; no extrapolation,False,1.0285335,2.853350000000006,held_out_2019_no_response_fit_in_this_audit,True
BASF|56|2019|TreatmentA,56,2019,"50.300000,18.500000|2019",TreatmentA,1,"LEAF, 1ST / FLAG LEAF",3,2019-06-09,2019-06-28,19,185.8,81.4,104.4,5.494736842105263,61.0,61.0,75.0,75.0,61.0,75.0,0,0,856;860;862,1705;1709;1711,trapezoidal between common measured scores only; no extrapolation,False,1.03726619,3.7266189999999995,held_out_2019_no_response_fit_in_this_audit,True
BASF|56|2019|TreatmentA,56,2019,"50.300000,18.500000|2019",TreatmentA,2,"LEAF, 2ND",2,2019-06-09,2019-06-19,10,96.25,35.25,61.0,6.1,61.0,61.0,69.0,69.0,61.0,69.0,0,0,857;861,1706;1710,trapezoidal between common measured scores only; no extrapolation,False,1.03726619,3.7266189999999995,held_out_2019_no_response_fit_in_this_audit,True
BASF|60|2019|TreatmentA,60,2019,"44.500000,26.600000|2019",TreatmentA,1,"LEAF, 1ST / FLAG LEAF",4,2019-05-04,2019-06-03,30,0.0,0.0,0.0,0.0,49.0,51.0,75.0,75.0,49.0,75.0,0,0,901;906;911;915,1745;1750;1755;1759,trapezoidal between common measured scores only; no extrapolation,False,1.1517409299999999,15.174093,held_out_2019_no_response_fit_in_this_audit,True
BASF|60|2019|TreatmentA,60,2019,"44.500000,26.600000|2019",TreatmentA,2,"LEAF, 2ND",4,2019-05-04,2019-06-03,30,295.625,41.125,254.5,8.483333333333333,49.0,51.0,75.0,75.0,49.0,75.0,0,0,900;905;910;914,1744;1749;1754;1758,trapezoidal between common measured scores only; no extrapolation,False,1.1517409299999999,15.174093,held_out_2019_no_response_fit_in_this_audit,True
BASF|60|2019|TreatmentA,60,2019,"44.500000,26.600000|2019",TreatmentA,3,"LEAF, 3RD",3,2019-05-04,2019-05-24,20,441.1875,67.1875,374.0,18.7,49.0,51.0,67.0,69.0,49.0,67.0,0,0,899;904;909,1743;1748;1753,trapezoidal between common measured scores only; no extrapolation,False,1.1517409299999999,15.174093,held_out_2019_no_response_fit_in_this_audit,True
BASF|61|2019|TreatmentA,61,2019,"44.200000,26.400000|2019",TreatmentA,1,"LEAF, 1ST / FLAG LEAF",3,2019-05-15,2019-06-05,21,0.0,0.0,0.0,0.0,53.0,55.0,71.0,73.0,53.0,71.0,0,0,923;927;931,1767;1771;1775,trapezoidal between common measured scores only; no extrapolation,False,1.0664763800000001,6.647638000000001,held_out_2019_no_response_fit_in_this_audit,True
BASF|61|2019|TreatmentA,61,2019,"44.200000,26.400000|2019",TreatmentA,2,"LEAF, 2ND",3,2019-05-15,2019-06-05,21,124.3125,13.6125,110.7,5.271428571428571,53.0,55.0,71.0,73.0,53.0,71.0,0,0,922;926;930,1766;1770;1774,trapezoidal between common measured scores only; no extrapolation,False,1.0664763800000001,6.647638000000001,held_out_2019_no_response_fit_in_this_audit,True
BASF|61|2019|TreatmentA,61,2019,"44.200000,26.400000|2019",TreatmentA,3,"LEAF, 3RD",3,2019-05-15,2019-06-05,21,625.0,181.125,443.875,21.136904761904763,53.0,55.0,71.0,73.0,53.0,71.0,0,0,921;925;929,1765;1769;1773,trapezoidal between common measured scores only; no extrapolation,False,1.0664763800000001,6.647638000000001,held_out_2019_no_response_fit_in_this_audit,True
BASF|62|2019|TreatmentA,62,2019,"48.600000,19.300000|2019",TreatmentA,1,"LEAF, 1ST / FLAG LEAF",2,2019-06-14,2019-06-24,10,153.125,75.0,78.125,7.8125,71.0,71.0,75.0,75.0,71.0,75.0,0,0,942;945,1786;1789,trapezoidal between common measured scores only; no extrapolation,False,1.0533480400000002,5.334804000000005,held_out_2019_no_response_fit_in_this_audit,True
BASF|62|2019|TreatmentA,62,2019,"48.600000,19.300000|2019",TreatmentA,3,"LEAF, 3RD",2,2019-06-04,2019-06-14,10,159.375,59.375,100.0,10.0,69.0,69.0,71.0,71.0,69.0,71.0,0,0,941;944,1785;1788,trapezoidal between common measured scores only; no extrapolation,False,1.0533480400000002,5.334804000000005,held_out_2019_no_response_fit_in_this_audit,True
BASF|64|2019|TreatmentA,64,2019,"48.800000,21.400000|2019",TreatmentA,2,"LEAF, 2ND",3,2019-06-08,2019-06-24,16,151.25,11.45,139.8,8.7375,69.0,69.0,75.0,77.0,69.0,75.0,0,0,957;958;960,1798;1799;1801,trapezoidal between common measured scores only; no extrapolation,False,1.07662991,7.662991000000005,held_out_2019_no_response_fit_in_this_audit,True
BASF|65|2019|TreatmentA,65,2019,"51.900000,-8.300000|2019",TreatmentA,2,"LEAF, 2ND",4,2019-06-03,2019-07-02,29,1303.375,850.1875,453.1875,15.627155172413794,60.0,62.0,80.0,82.0,60.0,80.0,0,0,970;972;974;977,1809;1811;1813;1816,trapezoidal between common measured scores only; no extrapolation,False,1.05319097,5.319096999999999,held_out_2019_no_response_fit_in_this_audit,True
BASF|65|2019|TreatmentA,65,2019,"51.900000,-8.300000|2019",TreatmentA,3,"LEAF, 3RD",3,2019-06-03,2019-06-22,19,1567.5,1127.6875,439.8125,23.148026315789473,60.0,62.0,70.0,75.0,60.0,70.0,0,0,971;973;975,1810;1812;1814,trapezoidal between common measured scores only; no extrapolation,False,1.05319097,5.319096999999999,held_out_2019_no_response_fit_in_this_audit,True
BASF|66|2019|TreatmentA,66,2019,"52.200000,1.000000|2019",TreatmentA,1,"LEAF, 1ST / FLAG LEAF",2,2019-06-21,2019-07-01,10,192.5,108.75,83.75,8.375,69.0,75.0,73.0,75.0,69.0,73.0,0,0,996;998,1826;1828,trapezoidal between common measured scores only; no extrapolation,False,1.03344854,3.344853999999998,held_out_2019_no_response_fit_in_this_audit,True
BASF|66|2019|TreatmentA,66,2019,"52.200000,1.000000|2019",TreatmentA,2,"LEAF, 2ND",2,2019-06-10,2019-06-21,11,199.375,96.25,103.125,9.375,65.0,71.0,69.0,75.0,65.0,69.0,0,0,992;997,1822;1827,trapezoidal between common measured scores only; no extrapolation,False,1.03344854,3.344853999999998,held_out_2019_no_response_fit_in_this_audit,True
BASF|67|2019|TreatmentA,67,2019,"52.200000,0.900000|2019",TreatmentA,3,"LEAF, 3RD",3,2019-06-11,2019-07-02,21,1725.0,360.625,1364.375,64.9702380952381,55.0,61.0,73.0,76.0,55.0,73.0,0,0,1008;1011;1014,1836;1839;1842,trapezoidal between common measured scores only; no extrapolation,False,1.60482808,60.482808000000006,held_out_2019_no_response_fit_in_this_audit,True
BASF|68|2019|TreatmentA,68,2019,"52.200000,0.300000|2019",TreatmentA,1,"LEAF, 1ST / FLAG LEAF",2,2019-06-24,2019-07-03,9,68.90625,41.34375,27.5625,3.0625,66.0,66.0,75.0,75.0,66.0,75.0,0,0,1025;1029,1849;1853,trapezoidal between common measured scores only; no extrapolation,False,1.03377808,3.3778080000000017,held_out_2019_no_response_fit_in_this_audit,True
BASF|68|2019|TreatmentA,68,2019,"52.200000,0.300000|2019",TreatmentA,2,"LEAF, 2ND",2,2019-06-24,2019-07-03,9,138.65625,64.40625,74.25,8.25,66.0,66.0,75.0,75.0,66.0,75.0,0,0,1023;1027,1847;1851,trapezoidal between common measured scores only; no extrapolation,False,1.03377808,3.3778080000000017,held_out_2019_no_response_fit_in_this_audit,True
BASF|71|2019|TreatmentA,71,2019,"52.000000,-2.200000|2019",TreatmentA,3,"LEAF, 3RD",2,2019-05-31,2019-06-07,7,455.0,24.5,430.5,61.5,59.0,61.0,61.0,65.0,59.0,61.0,0,0,1084;1089,1884;1889,trapezoidal between common measured scores only; no extrapolation,False,1.3453472199999998,34.53472199999999,held_out_2019_no_response_fit_in_this_audit,True
BASF|11|2017|TreatmentB,11,2017,"53.400000,6.700000|2017",TreatmentB,1,"LEAF, 1ST / FLAG LEAF",3,2017-06-14,2017-06-30,16,351.875,212.1875,139.6875,8.73046875,65.0,67.0,83.0,83.0,65.0,83.0,0,0,144;147;150,1906;1909;1912,trapezoidal between common measured scores only; no extrapolation,False,1.03156029,3.1560290000000037,development_2017_2018,True
BASF|11|2017|TreatmentB,11,2017,"53.400000,6.700000|2017",TreatmentB,2,"LEAF, 2ND",3,2017-06-14,2017-06-30,16,674.75,534.875,139.875,8.7421875,65.0,67.0,83.0,83.0,65.0,83.0,0,0,145;148;151,1907;1910;1913,trapezoidal between common measured scores only; no extrapolation,False,1.03156029,3.1560290000000037,development_2017_2018,True
BASF|11|2017|TreatmentB,11,2017,"53.400000,6.700000|2017",TreatmentB,3,"LEAF, 3RD",2,2017-06-14,2017-06-21,7,345.625,262.5,83.125,11.875,65.0,67.0,69.0,81.0,65.0,69.0,0,0,146;149,1908;1911,trapezoidal between common measured scores only; no extrapolation,False,1.03156029,3.1560290000000037,development_2017_2018,True
BASF|1|2017|TreatmentC,1,2017,"48.300000,12.000000|2017",TreatmentC,1,"LEAF, 1ST / FLAG LEAF",2,2017-06-13,2017-06-26,13,692.25,82.875,609.375,46.875,71.0,71.0,75.0,75.0,71.0,75.0,0,0,12;14,1930;1932,trapezoidal between common measured scores only; no extrapolation,False,1.33498742,33.49874199999999,development_2017_2018,True
BASF|1|2017|TreatmentC,1,2017,"48.300000,12.000000|2017",TreatmentC,2,"LEAF, 2ND",4,2017-05-29,2017-06-26,28,1766.5,300.75,1465.75,52.348214285714285,49.0,49.0,75.0,75.0,49.0,75.0,0,0,6;9;11;13,1924;1927;1929;1931,trapezoidal between common measured scores only; no extrapolation,False,1.33498742,33.49874199999999,development_2017_2018,True
BASF|1|2017|TreatmentC,1,2017,"48.300000,12.000000|2017",TreatmentC,3,"LEAF, 3RD",3,2017-05-29,2017-06-13,15,1335.625,721.875,613.75,40.916666666666664,49.0,49.0,71.0,71.0,49.0,71.0,0,0,5;8;10,1923;1926;1928,trapezoidal between common measured scores only; no extrapolation,False,1.33498742,33.49874199999999,development_2017_2018,True
BASF|2|2017|TreatmentC,2,2017,"54.000000,12.600000|2017",TreatmentC,1,"LEAF, 1ST / FLAG LEAF",2,2017-06-20,2017-07-03,13,614.25,266.5,347.75,26.75,69.0,71.0,73.0,76.0,69.0,73.0,0,0,25;28,1938;1941,trapezoidal between common measured scores only; no extrapolation,False,1.32831583,32.831582999999995,development_2017_2018,True
BASF|2|2017|TreatmentC,2,2017,"54.000000,12.600000|2017",TreatmentC,2,"LEAF, 2ND",3,2017-06-10,2017-07-03,23,810.0,292.375,517.625,22.505434782608695,55.0,61.0,73.0,76.0,55.0,73.0,0,0,22;26;29,1935;1939;1942,trapezoidal between common measured scores only; no extrapolation,False,1.32831583,32.831582999999995,development_2017_2018,True
BASF|2|2017|TreatmentC,2,2017,"54.000000,12.600000|2017",TreatmentC,3,"LEAF, 3RD",2,2017-06-10,2017-06-20,10,512.5,221.25,291.25,29.125,55.0,61.0,69.0,71.0,55.0,69.0,0,0,23;27,1936;1940,trapezoidal between common measured scores only; no extrapolation,False,1.32831583,32.831582999999995,development_2017_2018,True
BASF|4|2017|TreatmentC,4,2017,"51.700000,12.100000|2017",TreatmentC,1,"LEAF, 1ST / FLAG LEAF",3,2017-05-25,2017-06-16,22,124.5,0.0,124.5,5.659090909090909,39.0,49.0,73.0,65.0,39.0,73.0,1,1,42;45;51,1952;1955;1961,trapezoidal between common measured scores only; no extrapolation,False,1.08686901,8.686901000000006,development_2017_2018,True
BASF|4|2017|TreatmentC,4,2017,"51.700000,12.100000|2017",TreatmentC,2,"LEAF, 2ND",3,2017-05-25,2017-06-16,22,269.25,58.0,211.25,9.602272727272727,39.0,49.0,73.0,65.0,39.0,73.0,1,1,43;46;52,1953;1956;1962,trapezoidal between common measured scores only; no extrapolation,False,1.08686901,8.686901000000006,development_2017_2018,True
BASF|4|2017|TreatmentC,4,2017,"51.700000,12.100000|2017",TreatmentC,3,"LEAF, 3RD",3,2017-05-25,2017-06-16,22,402.0,84.75,317.25,14.420454545454545,39.0,49.0,73.0,65.0,39.0,73.0,1,1,44;47;53,1954;1957;1963,trapezoidal between common measured scores only; no extrapolation,False,1.08686901,8.686901000000006,development_2017_2018,True
BASF|5|2017|TreatmentC,5,2017,"52.400000,9.600000|2017",TreatmentC,1,"LEAF, 1ST / FLAG LEAF",3,2017-05-30,2017-06-28,29,97.5,19.0,78.5,2.706896551724138,55.0,59.0,75.0,75.0,55.0,75.0,0,0,71;79;85,1979;1987;1993,trapezoidal between common measured scores only; no extrapolation,False,1.11349177,11.349176999999997,development_2017_2018,True
BASF|5|2017|TreatmentC,5,2017,"52.400000,9.600000|2017",TreatmentC,2,"LEAF, 2ND",3,2017-05-19,2017-06-09,21,38.875,7.75,31.125,1.4821428571428572,37.0,39.0,55.0,59.0,37.0,55.0,0,0,65;72;80,1973;1980;1988,trapezoidal between common measured scores only; no extrapolation,False,1.11349177,11.349176999999997,development_2017_2018,True
BASF|5|2017|TreatmentC,5,2017,"52.400000,9.600000|2017",TreatmentC,3,"LEAF, 3RD",5,2017-05-03,2017-06-09,37,123.75,37.0,86.75,2.3445945945945947,32.0,34.0,55.0,59.0,32.0,55.0,0,0,61;63;66;73;81,1969;1971;1974;1981;1989,trapezoidal between common measured scores only; no extrapolation,False,1.11349177,11.349176999999997,development_2017_2018,True
BASF|6|2017|TreatmentC,6,2017,"46.900000,-1.100000|2017",TreatmentC,3,"LEAF, 3RD",2,2017-05-03,2017-05-11,8,89.533332,60.866664,28.666668,3.5833335,41.0,45.0,51.0,55.0,41.0,51.0,0,0,92;94,1997;1999,trapezoidal between common measured scores only; no extrapolation,False,1.00797092,0.7970920000000064,development_2017_2018,True
BASF|8|2017|TreatmentC,8,2017,"48.000000,1.800000|2017",TreatmentC,2,"LEAF, 2ND",2,2017-05-31,2017-06-14,14,395.266669,15.983331,379.28333799999996,27.091666999999998,65.0,69.0,75.0,,65.0,75.0,0,0,111;116,2009;2012,trapezoidal between common measured scores only; no extrapolation,False,1.16590452,16.590452,development_2017_2018,True
BASF|9|2017|TreatmentC,9,2017,"49.800000,2.900000|2017",TreatmentC,1,"LEAF, 1ST / FLAG LEAF",2,2017-06-16,2017-06-28,12,138.60000000000002,13.799999999999999,124.80000000000003,10.400000000000002,73.0,,75.0,,73.0,75.0,0,0,124;126,2017;2019,trapezoidal between common measured scores only; no extrapolation,False,1.08290268,8.290267999999998,development_2017_2018,True
BASF|9|2017|TreatmentC,9,2017,"49.800000,2.900000|2017",TreatmentC,2,"LEAF, 2ND",2,2017-06-07,2017-06-16,9,127.874997,15.374997,112.5,12.5,69.0,69.0,73.0,,69.0,73.0,0,0,122;125,2015;2018,trapezoidal between common measured scores only; no extrapolation,False,1.08290268,8.290267999999998,development_2017_2018,True
BASF|10|2017|TreatmentC,10,2017,"48.000000,1.800000|2017",TreatmentC,1,"LEAF, 1ST / FLAG LEAF",3,2017-06-02,2017-06-22,20,680.6666600000001,30.750000999999997,649.9166590000001,32.49583295000001,69.0,69.0,79.0,79.0,69.0,79.0,0,0,132;134;137,2022;2024;2027,trapezoidal between common measured scores only; no extrapolation,False,1.27712832,27.712832000000006,development_2017_2018,True
BASF|10|2017|TreatmentC,10,2017,"48.000000,1.800000|2017",TreatmentC,2,"LEAF, 2ND",3,2017-06-02,2017-06-22,20,1324.166668,165.733339,1158.433329,57.92166645,69.0,69.0,79.0,79.0,69.0,79.0,0,0,133;135;138,2023;2025;2028,trapezoidal between common measured scores only; no extrapolation,False,1.27712832,27.712832000000006,development_2017_2018,True
BASF|11|2017|TreatmentC,11,2017,"53.400000,6.700000|2017",TreatmentC,1,"LEAF, 1ST / FLAG LEAF",3,2017-06-14,2017-06-30,16,351.875,76.875,275.0,17.1875,65.0,67.0,83.0,83.0,65.0,83.0,0,0,144;147;150,2031;2034;2037,trapezoidal between common measured scores only; no extrapolation,False,1.11614678,11.614677999999998,development_2017_2018,True
BASF|11|2017|TreatmentC,11,2017,"53.400000,6.700000|2017",TreatmentC,2,"LEAF, 2ND",3,2017-06-14,2017-06-30,16,674.75,297.25,377.5,23.59375,65.0,67.0,83.0,83.0,65.0,83.0,0,0,145;148;151,2032;2035;2038,trapezoidal between common measured scores only; no extrapolation,False,1.11614678,11.614677999999998,development_2017_2018,True
BASF|11|2017|TreatmentC,11,2017,"53.400000,6.700000|2017",TreatmentC,3,"LEAF, 3RD",2,2017-06-14,2017-06-21,7,345.625,218.75,126.875,18.125,65.0,67.0,69.0,81.0,65.0,69.0,0,0,146;149,2033;2036,trapezoidal between common measured scores only; no extrapolation,False,1.11614678,11.614677999999998,development_2017_2018,True
BASF|13|2017|TreatmentC,13,2017,"51.000000,17.800000|2017",TreatmentC,2,"LEAF, 2ND",2,2017-06-12,2017-06-26,14,350.0,49.0,301.0,21.5,45.0,55.0,75.0,75.0,45.0,75.0,0,0,173;174,2056;2057,trapezoidal between common measured scores only; no extrapolation,False,1.07734269,7.734268999999998,development_2017_2018,True
BASF|15|2017|TreatmentC,15,2017,"54.000000,18.800000|2017",TreatmentC,1,"LEAF, 1ST / FLAG LEAF",2,2017-07-03,2017-07-13,10,61.25,1.25,60.0,6.0,71.0,73.0,77.0,77.0,71.0,77.0,0,0,193;196,2075;2078,trapezoidal between common measured scores only; no extrapolation,False,1.0518104700000002,5.181047000000007,development_2017_2018,True
BASF|16|2017|TreatmentC,16,2017,"52.200000,16.600000|2017",TreatmentC,2,"LEAF, 2ND",2,2017-06-20,2017-06-26,6,11.625,1.5,10.125,1.6875,71.0,75.0,75.0,75.0,71.0,75.0,0,0,216;219,2097;2100,trapezoidal between common measured scores only; no extrapolation,False,1.02881854,2.881854000000004,development_2017_2018,True
BASF|16|2017|TreatmentC,16,2017,"52.200000,16.600000|2017",TreatmentC,3,"LEAF, 3RD",3,2017-05-26,2017-06-20,25,144.0,0.0,144.0,5.76,37.0,39.0,71.0,75.0,37.0,71.0,0,0,205;208;212,2086;2089;2093,trapezoidal between common measured scores only; no extrapolation,False,1.02881854,2.881854000000004,development_2017_2018,True
BASF|18|2017|TreatmentC,18,2017,"51.700000,-1.900000|2017",TreatmentC,2,"LEAF, 2ND",2,2017-06-21,2017-07-04,13,479.375,71.5,407.875,31.375,72.0,73.0,75.0,75.0,72.0,75.0,0,0,248;251,2122;2125,trapezoidal between common measured scores only; no extrapolation,False,1.16503281,16.503281,development_2017_2018,True
BASF|19|2017|TreatmentC,19,2017,"51.900000,0.200000|2017",TreatmentC,2,"LEAF, 2ND",2,2017-06-08,2017-06-29,21,643.125,372.75,270.375,12.875,61.0,69.0,61.0,69.0,61.0,61.0,0,0,279;280,2144;2145,trapezoidal between common measured scores only; no extrapolation,False,1.06518739,6.5187389999999965,development_2017_2018,True
BASF|20|2017|TreatmentC,20,2017,"52.100000,1.000000|2017",TreatmentC,1,"LEAF, 1ST / FLAG LEAF",3,2017-05-19,2017-06-09,21,0.0,0.0,0.0,0.0,39.0,39.0,61.0,66.0,39.0,61.0,0,0,291;299;307,2150;2158;2166,trapezoidal between common measured scores only; no extrapolation,False,1.17228482,17.228482,development_2017_2018,True
BASF|20|2017|TreatmentC,20,2017,"52.100000,1.000000|2017",TreatmentC,2,"LEAF, 2ND",3,2017-05-19,2017-06-09,21,0.0,0.0,0.0,0.0,39.0,39.0,61.0,66.0,39.0,61.0,0,0,292;300;308,2151;2159;2167,trapezoidal between common measured scores only; no extrapolation,False,1.17228482,17.228482,development_2017_2018,True
BASF|20|2017|TreatmentC,20,2017,"52.100000,1.000000|2017",TreatmentC,3,"LEAF, 3RD",3,2017-05-19,2017-06-09,21,199.75,108.0,91.75,4.369047619047619,39.0,39.0,61.0,66.0,39.0,61.0,0,0,293;301;309,2152;2160;2168,trapezoidal between common measured scores only; no extrapolation,False,1.17228482,17.228482,development_2017_2018,True
BASF|72|2019|TreatmentC,72,2019,"51.900000,-8.300000|2019",TreatmentC,2,"LEAF, 2ND",3,2019-06-10,2019-06-30,20,595.0,172.1875,422.8125,21.140625,60.0,63.0,72.0,76.0,60.0,72.0,0,0,1097;1099;1102,2183;2185;2188,trapezoidal between common measured scores only; no extrapolation,False,1.1447109500000001,14.471095000000005,held_out_2019_no_response_fit_in_this_audit,True
BASF|72|2019|TreatmentC,72,2019,"51.900000,-8.300000|2019",TreatmentC,3,"LEAF, 3RD",3,2019-05-30,2019-06-20,21,650.5,392.625,257.875,12.279761904761905,53.0,59.0,65.0,68.0,53.0,65.0,0,0,1096;1098;1100,2182;2184;2186,trapezoidal between common measured scores only; no extrapolation,False,1.1447109500000001,14.471095000000005,held_out_2019_no_response_fit_in_this_audit,True
BASF|73|2019|TreatmentC,73,2019,"52.200000,0.800000|2019",TreatmentC,1,"LEAF, 1ST / FLAG LEAF",2,2019-06-21,2019-07-02,11,220.0,104.5,115.5,10.5,71.0,71.0,75.0,75.0,71.0,75.0,0,0,1120;1122,2198;2200,trapezoidal between common measured scores only; no extrapolation,False,1.14277133,14.277133000000006,held_out_2019_no_response_fit_in_this_audit,True
BASF|73|2019|TreatmentC,73,2019,"52.200000,0.800000|2019",TreatmentC,2,"LEAF, 2ND",4,2019-06-04,2019-07-02,28,657.5,286.0,371.5,13.267857142857142,51.0,61.0,75.0,75.0,51.0,75.0,0,0,1114;1116;1119;1121,2192;2194;2197;2199,trapezoidal between common measured scores only; no extrapolation,False,1.14277133,14.277133000000006,held_out_2019_no_response_fit_in_this_audit,True
BASF|73|2019|TreatmentC,73,2019,"52.200000,0.800000|2019",TreatmentC,3,"LEAF, 3RD",3,2019-06-04,2019-06-21,17,515.625,242.5,273.125,16.066176470588236,51.0,61.0,71.0,71.0,51.0,71.0,0,0,1113;1115;1118,2191;2193;2196,trapezoidal between common measured scores only; no extrapolation,False,1.14277133,14.277133000000006,held_out_2019_no_response_fit_in_this_audit,True
BASF|75|2019|TreatmentC,75,2019,"52.000000,-2.200000|2019",TreatmentC,1,"LEAF, 1ST / FLAG LEAF",3,2019-06-04,2019-06-25,21,303.75,42.0,261.75,12.464285714285714,61.0,61.0,71.0,73.0,61.0,71.0,0,0,1144;1147;1149,2211;2214;2216,trapezoidal between common measured scores only; no extrapolation,False,1.1842834,18.428340000000006,held_out_2019_no_response_fit_in_this_audit,True
BASF|75|2019|TreatmentC,75,2019,"52.000000,-2.200000|2019",TreatmentC,2,"LEAF, 2ND",3,2019-06-04,2019-06-25,21,1145.625,368.625,777.0,37.0,61.0,61.0,71.0,73.0,61.0,71.0,0,0,1145;1148;1150,2212;2215;2217,trapezoidal between common measured scores only; no extrapolation,False,1.1842834,18.428340000000006,held_out_2019_no_response_fit_in_this_audit,True
BASF|72|2019|TreatmentD,72,2019,"51.900000,-8.300000|2019",TreatmentD,2,"LEAF, 2ND",3,2019-06-10,2019-06-30,20,595.0,103.75,491.25,24.5625,60.0,63.0,72.0,76.0,60.0,72.0,0,0,1097;1099;1102,2234;2236;2239,trapezoidal between common measured scores only; no extrapolation,False,1.2357971700000001,23.579717000000002,held_out_2019_no_response_fit_in_this_audit,True
BASF|72|2019|TreatmentD,72,2019,"51.900000,-8.300000|2019",TreatmentD,3,"LEAF, 3RD",3,2019-05-30,2019-06-20,21,650.5,320.90625,329.59375,15.694940476190476,53.0,59.0,65.0,68.0,53.0,65.0,0,0,1096;1098;1100,2233;2235;2237,trapezoidal between common measured scores only; no extrapolation,False,1.2357971700000001,23.579717000000002,held_out_2019_no_response_fit_in_this_audit,True
BASF|73|2019|TreatmentD,73,2019,"52.200000,0.800000|2019",TreatmentD,1,"LEAF, 1ST / FLAG LEAF",2,2019-06-21,2019-07-02,11,220.0,90.75,129.25,11.75,71.0,71.0,75.0,75.0,71.0,75.0,0,0,1120;1122,2249;2251,trapezoidal between common measured scores only; no extrapolation,False,1.18672723,18.672723000000005,held_out_2019_no_response_fit_in_this_audit,True
BASF|73|2019|TreatmentD,73,2019,"52.200000,0.800000|2019",TreatmentD,2,"LEAF, 2ND",4,2019-06-04,2019-07-02,28,657.5,240.25,417.25,14.901785714285714,51.0,61.0,75.0,75.0,51.0,75.0,0,0,1114;1116;1119;1121,2243;2245;2248;2250,trapezoidal between common measured scores only; no extrapolation,False,1.18672723,18.672723000000005,held_out_2019_no_response_fit_in_this_audit,True
BASF|73|2019|TreatmentD,73,2019,"52.200000,0.800000|2019",TreatmentD,3,"LEAF, 3RD",3,2019-06-04,2019-06-21,17,515.625,207.0,308.625,18.154411764705884,51.0,61.0,71.0,71.0,51.0,71.0,0,0,1113;1115;1118,2242;2244;2247,trapezoidal between common measured scores only; no extrapolation,False,1.18672723,18.672723000000005,held_out_2019_no_response_fit_in_this_audit,True
BASF|75|2019|TreatmentD,75,2019,"52.000000,-2.200000|2019",TreatmentD,1,"LEAF, 1ST / FLAG LEAF",3,2019-06-04,2019-06-25,21,303.75,49.5,254.25,12.107142857142858,61.0,61.0,71.0,73.0,61.0,71.0,0,0,1144;1147;1149,2262;2265;2267,trapezoidal between common measured scores only; no extrapolation,False,1.1455613599999999,14.556135999999995,held_out_2019_no_response_fit_in_this_audit,True
BASF|75|2019|TreatmentD,75,2019,"52.000000,-2.200000|2019",TreatmentD,2,"LEAF, 2ND",3,2019-06-04,2019-06-25,21,1145.625,463.5,682.125,32.482142857142854,61.0,61.0,71.0,73.0,61.0,71.0,0,0,1145;1148;1150,2263;2266;2268,trapezoidal between common measured scores only; no extrapolation,False,1.1455613599999999,14.556135999999995,held_out_2019_no_response_fit_in_this_audit,True
