contrast_id,TrialId,season_year,country,latitude,longitude,coordinate_year,untreated_label,matched_treatment_label,untreated_num_sprays,treated_num_sprays,source_MCALCR_untreated,source_MCALCR_treated,measured_relative_yield_ratio,measured_relative_yield_gain_percent,untreated_harvest_date,treated_harvest_date,same_harvest_date,relative_identity_error_pp,untreated_MWCGS_source_row,treated_MWCGS_source_row,untreated_MCALCR_source_row,treated_MCALCR_source_row,source_area_unit,source_mass_unit,yield_component_membership,existing_epidemic_membership,prior_epidemic_outcome_reuse,fully_disease_free_control_identified,product_or_biological_plot_identity_identified,source_treatment_spray_history_consistent,duplicate_field_treatment_date_leaf_keys,n_untreated_top3_rows,n_treated_top3_rows,n_common_date_leaf_rows,n_common_F1_dates,n_common_F2_dates,n_common_F3_dates,any_leaf_common_ge2,F1_common_ge2,F2_common_ge2,F3_common_ge2,all3_leaves_each_common_ge2,n_complete_top3_common_dates,complete_top3_common_ge2,first_any_common_date,last_any_common_date,untreated_only_date_leaf_rows,treated_only_date_leaf_rows,crop_injury_annotation_rows_excluded,other_codes_ever_recorded,native_other_disease_rows,other_code_missing_is_zero,F1_n_common_assessment_dates,F1_window_start,F1_window_end,F1_window_days,F1_untreated_severity_integral_percent_days,F1_treated_severity_integral_percent_days,F1_measured_severity_integral_reduction_pp_days,F2_n_common_assessment_dates,F2_window_start,F2_window_end,F2_window_days,F2_untreated_severity_integral_percent_days,F2_treated_severity_integral_percent_days,F2_measured_severity_integral_reduction_pp_days,F3_n_common_assessment_dates,F3_window_start,F3_window_end,F3_window_days,F3_untreated_severity_integral_percent_days,F3_treated_severity_integral_percent_days,F3_measured_severity_integral_reduction_pp_days
BASF|3|2017|TreatmentA,3,2017,AUSTRIA,48.2,14.3,"48.200000,14.300000|2017",Untreated,TreatmentA,0,1,100.0,94.57128,0.9457128,-5.428719999999998,2017-07-20,2017-07-20,True,-5.934867743917493e-07,38,1168,37,1167,HA,unreported,development_2017_2018,outside_original_ordinal_epidemic_membership,True,False,False,True,False,0,0,0,0,0,0,False,False,False,False,False,0,False,,,0,0,0,PUCCRT,2,False,,,,,,,,,,,,,,,,,,,,,
BASF|5|2017|TreatmentA,5,2017,GERMANY,52.4,9.6,"52.400000,9.600000|2017",Untreated,TreatmentA,0,1,100.0,107.254988,1.07254988,7.254987999999997,2017-08-01,2017-08-01,True,-8.41288766650905e-07,88,1196,87,1195,HA,unreported,development_2017_2018,calibration,True,False,False,True,False,12,11,11,3,3,5,True,True,True,True,True,2,True,2017-05-03,2017-06-28,1,0,0,PUCCRE,22,False,3.0,2017-05-30,2017-06-28,29.0,97.5,19.0,78.5,3.0,2017-05-19,2017-06-09,21.0,38.875,15.5,23.375,5.0,2017-05-03,2017-06-09,37.0,123.75,37.0,86.75
BASF|8|2017|TreatmentA,8,2017,FRANCE,48.0,1.8,"48.000000,1.800000|2017",Untreated,TreatmentA,0,1,100.0,105.94786,1.0594786,5.947860000000006,2017-07-15,2017-07-15,True,-4.0187396166402323e-07,118,1202,117,1201,HA,unreported,development_2017_2018,calibration,True,False,False,True,False,7,4,4,1,2,1,True,False,True,False,False,0,False,2017-05-31,2017-06-14,3,0,0,,0,False,,,,,,,,2.0,2017-05-31,2017-06-14,14.0,395.266669,195.416669,199.84999999999997,,,,,,,
BASF|9|2017|TreatmentA,9,2017,FRANCE,49.8,2.9,"49.800000,2.900000|2017",Untreated,TreatmentA,0,1,100.0,107.742464,1.07742464,7.742463999999998,2017-07-28,2017-07-28,True,-6.473231906056753e-07,128,1209,127,1208,HA,unreported,development_2017_2018,calibration,True,False,False,True,False,7,5,5,2,2,1,True,True,True,False,False,0,False,2017-06-07,2017-06-28,2,0,0,,0,False,2.0,2017-06-16,2017-06-28,12.0,138.60000000000002,43.899996,94.70000400000002,2.0,2017-06-07,2017-06-16,9.0,127.874997,34.0500015,93.8249955,,,,,,,
BASF|11|2017|TreatmentA,11,2017,NETHERLANDS,53.4,6.7,"53.400000,6.700000|2017",Untreated,TreatmentA,0,1,100.0,110.270238,1.10270238,10.270238000000006,2017-08-07,2017-08-07,True,-3.7908726824298355e-07,153,1219,152,1218,HA,unreported,development_2017_2018,calibration,True,False,False,True,False,11,8,8,3,3,2,True,True,True,True,True,2,True,2017-06-14,2017-06-30,3,0,0,,0,False,3.0,2017-06-14,2017-06-30,16.0,351.875,114.3125,237.5625,3.0,2017-06-14,2017-06-30,16.0,674.75,382.375,292.375,2.0,2017-06-14,2017-06-21,7.0,345.625,205.625,140.0
BASF|16|2017|TreatmentA,16,2017,POLAND,52.2,16.6,"52.200000,16.600000|2017",Untreated,TreatmentA,0,1,100.0,116.879,1.16879,16.879000000000005,2017-08-03,2017-08-03,True,-2.0381243359679502e-07,227,1245,226,1244,HA,unreported,development_2017_2018,calibration,True,False,False,True,False,5,5,5,0,2,3,True,False,True,True,False,0,False,2017-05-26,2017-06-26,0,0,0,ERYSGT;FUSASP;PUCCST;PYRNTR;RHIZSP,34,False,,,,,,,,2.0,2017-06-20,2017-06-26,6.0,11.625,3.9375,7.6875,3.0,2017-05-26,2017-06-20,25.0,144.0,26.5625,117.4375
BASF|20|2017|TreatmentA,20,2017,UNITED KINGDOM,52.1,1.0,"52.100000,1.000000|2017",Untreated,TreatmentA,0,1,100.0,108.588564,1.08588564,8.588564000000005,2017-08-19,2017-08-19,True,-1.4321969388220168e-07,316,1271,315,1270,HA,unreported,development_2017_2018,calibration,True,False,False,True,False,10,9,9,3,3,3,True,True,True,True,True,3,True,2017-05-19,2017-06-09,1,0,0,PUCCSI;PUCCST,27,False,3.0,2017-05-19,2017-06-09,21.0,0.0,0.0,0.0,3.0,2017-05-19,2017-06-09,21.0,0.0,0.0,0.0,3.0,2017-05-19,2017-06-09,21.0,199.75,9.0,190.75
BASF|21|2018|TreatmentA,21,2018,GERMANY,49.4,8.3,"49.400000,8.300000|2018",Untreated,TreatmentA,0,1,100.0,110.265765,1.10265765,10.265765000000002,2018-07-16,2018-07-16,True,1.0609362277591572e-07,322,1277,321,1276,HA,unreported,development_2017_2018,outside_original_ordinal_epidemic_membership,True,False,False,True,False,0,0,0,0,0,0,False,False,False,False,False,0,False,,,0,0,0,,0,False,,,,,,,,,,,,,,,,,,,,,
BASF|23|2018|TreatmentA,23,2018,FRANCE,48.0,1.8,"48.000000,1.800000|2018",Untreated,TreatmentA,0,1,100.0,114.993751,1.14993751,14.993751000000003,2018-07-11,2018-07-11,True,-1.3729048902177965e-06,339,1285,338,1284,HA,unreported,development_2017_2018,calibration,True,False,False,True,False,7,6,6,1,3,2,True,False,True,True,False,0,False,2018-05-22,2018-06-12,1,0,0,,0,False,,,,,,,,3.0,2018-05-22,2018-06-12,21.0,791.4083310000001,474.1916655,317.2166655000001,2.0,2018-05-22,2018-06-05,14.0,763.0,557.2,205.79999999999995
BASF|24|2018|TreatmentA,24,2018,NETHERLANDS,53.4,6.7,"53.400000,6.700000|2018",Untreated,TreatmentA,0,1,100.0,103.866,1.03866,3.8659999999999997,2018-07-24,2018-07-24,True,5.53133020275709e-07,351,1297,350,1296,HA,unreported,development_2017_2018,calibration,True,False,False,True,False,8,8,8,3,3,2,True,True,True,True,True,2,True,2018-06-11,2018-07-04,0,0,0,PUCCRE,4,False,3.0,2018-06-11,2018-07-04,23.0,132.5625,14.5,118.0625,3.0,2018-06-11,2018-07-04,23.0,283.875,89.0,194.875,2.0,2018-06-11,2018-06-20,9.0,234.0,185.625,48.375
BASF|25|2018|TreatmentA,25,2018,POLAND,51.1,17.6,"51.100000,17.600000|2018",Untreated,TreatmentA,0,1,100.0,108.665684,1.08665684,8.665683999999999,2018-07-23,2018-07-23,True,-2.2414906197809614e-07,369,1313,368,1312,HA,unreported,development_2017_2018,calibration,True,False,False,True,False,7,6,6,2,2,2,True,True,True,True,True,1,False,2018-05-24,2018-06-15,1,0,0,PUCCRE,12,False,2.0,2018-06-01,2018-06-15,14.0,175.0,45.5,129.5,2.0,2018-06-01,2018-06-15,14.0,358.75,220.5,138.25,2.0,2018-05-24,2018-06-01,8.0,190.0,81.0,109.0
BASF|26|2018|TreatmentA,26,2018,POLAND,50.3,18.5,"50.300000,18.500000|2018",Untreated,TreatmentA,0,1,100.0,104.832496,1.04832496,4.832496000000006,2018-07-26,2018-07-26,True,6.03370239105061e-07,404,1343,403,1342,HA,unreported,development_2017_2018,calibration,True,False,False,True,False,6,6,6,1,3,2,True,False,True,True,False,0,False,2018-05-26,2018-06-15,0,0,0,ERYSGA;ERYSGR;PUCCRE;PUCCST;PYRNTR,48,False,,,,,,,,3.0,2018-05-26,2018-06-15,20.0,153.75,10.75,143.0,2.0,2018-05-26,2018-06-05,10.0,72.25,17.0,55.25
BASF|27|2018|TreatmentA,27,2018,POLAND,53.7,20.2,"53.700000,20.200000|2018",Untreated,TreatmentA,0,1,100.0,105.318678,1.05318678,5.318678000000006,2018-08-07,2018-08-07,True,-5.018465287776053e-07,416,1353,415,1352,HA,unreported,development_2017_2018,calibration,True,False,False,True,False,6,6,6,1,2,3,True,False,True,True,False,0,False,2018-05-26,2018-06-25,0,0,0,,0,False,,,,,,,,2.0,2018-06-15,2018-06-25,10.0,156.25,36.125,120.125,3.0,2018-05-26,2018-06-15,20.0,308.125,154.375,153.75
BASF|28|2018|TreatmentA,28,2018,UNITED KINGDOM,51.7,-2.0,"51.700000,-2.000000|2018",Untreated,TreatmentA,0,1,100.0,101.365705,1.01365705,1.3657050000000055,2018-08-10,2018-08-10,True,2.769593407947468e-07,435,1366,434,1365,HA,unreported,development_2017_2018,calibration,True,False,False,True,False,5,5,5,0,2,3,True,False,True,True,False,0,False,2018-06-01,2018-06-23,0,0,0,,0,False,,,,,,,,2.0,2018-06-14,2018-06-23,9.0,120.375,51.75,68.625,3.0,2018-06-01,2018-06-23,22.0,715.0000015,288.875,426.12500150000005
BASF|29|2018|TreatmentA,29,2018,UNITED KINGDOM,52.7,0.9,"52.700000,0.900000|2018",Untreated,TreatmentA,0,1,100.0,118.933876,1.18933876,18.933875999999998,2018-07-25,2018-07-25,True,-1.578260793166919e-07,453,1377,452,1376,HA,unreported,development_2017_2018,calibration,True,False,False,True,False,2,1,1,0,0,1,False,False,False,False,False,0,False,2018-05-22,2018-05-22,1,0,0,PUCCST,17,False,,,,,,,,,,,,,,,,,,,,,
BASF|30|2018|TreatmentA,30,2018,UNITED KINGDOM,52.2,0.1,"52.200000,0.100000|2018",Untreated,TreatmentA,0,1,100.0,108.404945,1.08404945,8.404944999999998,2018-08-21,2018-08-21,True,3.4538216198143346e-07,470,1388,469,1387,HA,unreported,development_2017_2018,calibration,True,False,False,True,False,7,4,4,2,2,0,True,True,True,False,False,0,False,2018-06-20,2018-06-27,3,0,0,PUCCRE;PUCCST,13,False,2.0,2018-06-20,2018-06-27,7.0,87.5,54.25,33.25,2.0,2018-06-20,2018-06-27,7.0,223.125,118.125,105.0,,,,,,,
BASF|31|2019|TreatmentA,31,2019,BULGARIA,43.3,25.0,"43.300000,25.000000|2019",Untreated,TreatmentA,0,1,100.0,109.974466,1.09974466,9.974466000000007,2019-07-02,2019-07-02,True,3.83948560056524e-07,486,1404,485,1403,HA,unreported,held_out_2019_no_response_fit_in_this_audit,validation,True,False,False,True,False,7,7,7,2,3,2,True,True,True,True,True,0,False,2019-05-22,2019-06-11,0,0,0,PUCCRE,6,False,2.0,2019-06-07,2019-06-11,4.0,22.5,0.0,22.5,3.0,2019-06-01,2019-06-11,10.0,160.0,11.25,148.75,2.0,2019-05-22,2019-06-01,10.0,225.0,12.5,212.5
BASF|32|2019|TreatmentA,32,2019,BULGARIA,43.3,25.0,"43.300000,25.000000|2019",Untreated,TreatmentA,0,1,100.0,117.532867,1.1753286699999999,17.532866999999996,2019-07-02,2019-07-02,True,1.119590407938631e-06,501,1419,500,1418,HA,unreported,held_out_2019_no_response_fit_in_this_audit,validation,True,False,False,True,False,6,6,6,2,2,2,True,True,True,True,True,0,False,2019-05-22,2019-06-10,0,0,0,PUCCRE,6,False,2.0,2019-06-07,2019-06-10,3.0,20.625,0.0,20.625,2.0,2019-06-01,2019-06-07,6.0,78.75,7.5,71.25,2.0,2019-05-22,2019-06-01,10.0,118.75,12.5,106.25
BASF|33|2019|TreatmentA,33,2019,BULGARIA,43.3,25.0,"43.300000,25.000000|2019",Untreated,TreatmentA,0,1,100.0,105.751866,1.0575186600000002,5.751866000000007,2019-07-02,2019-07-02,True,1.0685150186873216e-06,519,1437,518,1436,HA,unreported,held_out_2019_no_response_fit_in_this_audit,validation,True,False,False,True,False,7,7,7,2,3,2,True,True,True,True,True,0,False,2019-05-15,2019-06-11,0,0,0,PYRNTR,14,False,2.0,2019-06-04,2019-06-11,7.0,65.625,0.0,65.625,3.0,2019-05-25,2019-06-11,17.0,197.5,0.0,197.5,2.0,2019-05-15,2019-05-25,10.0,225.0,137.5,87.5
BASF|34|2019|TreatmentA,34,2019,BULGARIA,43.3,25.0,"43.300000,25.000000|2019",Untreated,TreatmentA,0,1,100.0,111.244454,1.11244454,11.244454000000005,2019-07-02,2019-07-02,True,-7.732771933888216e-07,538,1456,537,1455,HA,unreported,held_out_2019_no_response_fit_in_this_audit,validation,True,False,False,True,False,8,8,8,2,3,3,True,True,True,True,True,1,False,2019-05-15,2019-06-11,0,0,0,PYRNTR,14,False,2.0,2019-06-04,2019-06-11,7.0,48.125,0.0,48.125,3.0,2019-05-25,2019-06-11,17.0,216.25,4.375,211.875,3.0,2019-05-15,2019-06-04,20.0,212.5,25.0,187.5
BASF|35|2019|TreatmentA,35,2019,CZECH REPUBLIC,49.5,17.4,"49.500000,17.400000|2019",Untreated,TreatmentA,0,1,100.0,113.390762,1.13390762,13.390761999999995,2019-07-16,2019-07-16,True,3.384920859161866e-07,577,1486,576,1485,HA,unreported,held_out_2019_no_response_fit_in_this_audit,validation,True,False,False,True,False,11,9,9,3,4,2,True,True,True,True,True,1,False,2019-05-27,2019-06-24,2,0,0,ERYSGT;PUCCRE,42,False,3.0,2019-06-06,2019-06-24,18.0,109.75,45.5,64.25,4.0,2019-05-27,2019-06-24,28.0,321.25,117.5,203.75,2.0,2019-05-27,2019-06-06,10.0,42.5,8.75,33.75
BASF|36|2019|TreatmentA,36,2019,GERMANY,51.0,6.6,"51.000000,6.600000|2019",Untreated,TreatmentA,0,1,100.0,135.701736,1.3570173600000002,35.70173600000001,2019-07-22,2019-07-22,True,2.266282081109239e-06,593,1501,592,1500,HA,unreported,held_out_2019_no_response_fit_in_this_audit,validation,True,False,False,True,False,4,4,4,0,2,2,True,False,True,True,False,0,False,2019-06-10,2019-06-28,0,0,0,ERYSGA;ERYSGR;ERYSGT;PUCCRT;PUCCST,19,False,,,,,,,,2.0,2019-06-19,2019-06-28,9.0,146.25,67.5,78.75,2.0,2019-06-10,2019-06-19,9.0,126.0,49.5,76.5
BASF|37|2019|TreatmentA,37,2019,GERMANY,51.6,8.2,"51.600000,8.200000|2019",Untreated,TreatmentA,0,1,100.0,106.578227,1.06578227,6.578226999999998,2019-08-01,2019-08-01,True,2.684483177972652e-07,621,1521,620,1520,HA,unreported,held_out_2019_no_response_fit_in_this_audit,validation,True,False,False,True,False,8,6,6,2,2,2,True,True,True,True,True,2,True,2019-06-05,2019-06-24,2,0,0,PUCCRT;PUCCST,28,False,2.0,2019-06-05,2019-06-24,19.0,97.375,38.0,59.375,2.0,2019-06-05,2019-06-24,19.0,344.375,114.0,230.375,2.0,2019-06-05,2019-06-24,19.0,700.625,149.625,551.0
BASF|38|2019|TreatmentA,38,2019,GERMANY,49.6,10.9,"49.600000,10.900000|2019",Untreated,TreatmentA,0,1,100.0,111.575329,1.11575329,11.575328999999996,2019-07-18,2019-07-18,True,2.2044746117444447e-07,642,1534,641,1533,HA,unreported,held_out_2019_no_response_fit_in_this_audit,validation,True,False,False,True,False,8,5,5,2,2,1,True,True,True,False,False,1,False,2019-06-11,2019-06-17,3,0,0,PYRNTR,16,False,2.0,2019-06-11,2019-06-17,6.0,4.5,0.0,4.5,2.0,2019-06-11,2019-06-17,6.0,27.75,12.0,15.75,,,,,,,
BASF|39|2019|TreatmentA,39,2019,GERMANY,52.8,8.2,"52.800000,8.200000|2019",Untreated,TreatmentA,0,1,100.0,120.086546,1.20086546,20.086546,2019-07-24,2019-07-24,True,5.856097544665317e-07,663,1552,662,1551,HA,unreported,held_out_2019_no_response_fit_in_this_audit,validation,True,False,False,True,False,3,3,3,1,1,1,False,False,False,False,False,1,False,2019-06-20,2019-06-20,0,0,0,PUCCRT;PUCCST;PYRNTR,29,False,,,,,,,,,,,,,,,,,,,,,
BASF|42|2019|TreatmentA,42,2019,FRANCE,50.5,2.5,"50.500000,2.500000|2019",Untreated,TreatmentA,0,1,100.0,101.559598,1.0155959799999998,1.559597999999994,2019-07-25,2019-07-25,True,3.716377818818728e-07,685,1569,684,1568,HA,unreported,held_out_2019_no_response_fit_in_this_audit,validation,True,False,False,True,False,3,2,2,0,1,1,False,False,False,False,False,0,False,2019-06-28,2019-06-28,1,0,0,,0,False,,,,,,,,,,,,,,,,,,,,,
BASF|43|2019|TreatmentA,43,2019,FRANCE,49.8,2.9,"49.800000,2.900000|2019",Untreated,TreatmentA,0,1,100.0,109.287248,1.09287248,9.287248000000005,2019-07-25,2019-07-25,True,-8.291908670798875e-08,694,1575,693,1574,HA,unreported,held_out_2019_no_response_fit_in_this_audit,validation,True,False,False,True,False,6,4,4,1,2,1,True,False,True,False,False,0,False,2019-06-03,2019-06-20,2,0,0,,0,False,,,,,,,,2.0,2019-06-03,2019-06-20,17.0,830.7333305,592.166661,238.5666695,,,,,,,
BASF|44|2019|TreatmentA,44,2019,FRANCE,50.4,2.6,"50.400000,2.600000|2019",Untreated,TreatmentA,0,1,100.0,106.035848,1.06035848,6.035848000000001,2019-07-30,2019-07-30,True,-7.173390628167908e-07,705,1581,704,1580,HA,unreported,held_out_2019_no_response_fit_in_this_audit,validation,True,False,False,True,False,8,4,4,1,2,1,True,False,True,False,False,0,False,2019-06-14,2019-07-02,4,0,0,,0,False,,,,,,,,2.0,2019-06-14,2019-07-02,18.0,878.100003,726.900003,151.20000000000005,,,,,,,
BASF|45|2019|TreatmentA,45,2019,FRANCE,48.0,-2.4,"48.000000,-2.400000|2019",Untreated,TreatmentA,0,1,100.0,111.627584,1.11627584,11.627583999999999,2019-07-17,2019-07-17,True,-1.6603721064711863e-07,724,1591,723,1590,HA,unreported,held_out_2019_no_response_fit_in_this_audit,validation,True,False,False,True,False,14,7,7,2,3,2,True,True,True,True,True,1,False,2019-05-23,2019-06-24,7,0,0,,0,False,2.0,2019-06-14,2019-06-24,10.0,395.16666499999997,85.41667000000001,309.74999499999996,3.0,2019-05-23,2019-06-24,32.0,1570.716674,786.15,784.566674,2.0,2019-05-23,2019-06-14,22.0,1398.466674,1238.6,159.8666740000001
BASF|46|2019|TreatmentA,46,2019,FRANCE,48.0,1.8,"48.000000,1.800000|2019",Untreated,TreatmentA,0,1,100.0,102.676434,1.02676434,2.6764340000000004,2019-07-16,2019-07-16,True,-2.845875570756107e-07,728,1595,727,1594,HA,unreported,held_out_2019_no_response_fit_in_this_audit,validation,True,False,False,True,False,2,2,2,0,1,1,False,False,False,False,False,0,False,2019-06-24,2019-06-24,0,0,0,,0,False,,,,,,,,,,,,,,,,,,,,,
BASF|47|2019|TreatmentA,47,2019,FRANCE,49.8,2.9,"49.800000,2.900000|2019",Untreated,TreatmentA,0,1,100.0,115.423918,1.15423918,15.423918,2019-07-18,2019-07-18,True,-1.8902683507349138e-07,734,1601,733,1600,HA,unreported,held_out_2019_no_response_fit_in_this_audit,validation,True,False,False,True,False,4,4,4,2,2,0,True,True,True,False,False,0,False,2019-06-14,2019-06-26,0,0,0,,0,False,2.0,2019-06-14,2019-06-26,12.0,468.0,174.70000199999998,293.299998,2.0,2019-06-14,2019-06-26,12.0,896.000004,649.699998,246.30000599999994,,,,,,,
BASF|48|2019|TreatmentA,48,2019,POLAND,51.1,17.6,"51.100000,17.600000|2019",Untreated,TreatmentA,0,1,100.0,117.263655,1.17263655,17.263655,2019-06-20,2019-06-20,True,-9.817142938572943e-07,757,1621,756,1620,HA,unreported,held_out_2019_no_response_fit_in_this_audit,validation,True,False,False,True,False,8,8,8,3,3,2,True,True,True,True,True,2,True,2019-05-27,2019-06-20,0,0,0,PUCCRT,19,False,3.0,2019-05-27,2019-06-20,24.0,478.25,162.5,315.75,3.0,2019-05-27,2019-06-20,24.0,893.75,399.375,494.375,2.0,2019-05-27,2019-06-07,11.0,433.125,261.25,171.875
BASF|49|2019|TreatmentA,49,2019,POLAND,52.5,16.7,"52.500000,16.700000|2019",Untreated,TreatmentA,0,1,100.0,108.124816,1.08124816,8.124815999999996,2019-07-18,2019-07-18,True,-5.822776358854753e-07,773,1636,772,1635,HA,unreported,held_out_2019_no_response_fit_in_this_audit,validation,True,False,False,True,False,5,5,5,1,2,2,True,False,True,True,False,0,False,2019-06-06,2019-06-21,0,0,0,PUCCRT,12,False,,,,,,,,2.0,2019-06-17,2019-06-21,4.0,21.5,2.0,19.5,2.0,2019-06-06,2019-06-17,11.0,49.5,0.0,49.5
BASF|50|2019|TreatmentA,50,2019,POLAND,52.1,17.2,"52.100000,17.200000|2019",Untreated,TreatmentA,0,1,100.0,103.844079,1.03844079,3.8440789999999936,2019-07-02,2019-07-02,True,7.832858415213195e-07,780,1641,779,1640,HA,unreported,held_out_2019_no_response_fit_in_this_audit,validation,True,False,False,True,False,1,1,1,0,0,1,False,False,False,False,False,0,False,2019-06-13,2019-06-13,0,0,0,PYRNTR,3,False,,,,,,,,,,,,,,,,,,,,,
BASF|51|2019|TreatmentA,51,2019,POLAND,50.3,18.5,"50.300000,18.500000|2019",Untreated,TreatmentA,0,1,100.0,112.833289,1.12833289,12.833288999999994,2019-07-25,2019-07-25,True,-8.115384417806126e-07,798,1659,797,1658,HA,unreported,held_out_2019_no_response_fit_in_this_audit,validation,True,False,False,True,False,4,4,4,2,1,1,True,True,False,False,False,0,False,2019-06-03,2019-06-23,0,0,0,ERYSGR;PUCCRT,22,False,2.0,2019-06-13,2019-06-23,10.0,82.5,11.25,71.25,,,,,,,,,,,,,,
BASF|52|2019|TreatmentA,52,2019,POLAND,52.8,16.9,"52.800000,16.900000|2019",Untreated,TreatmentA,0,1,100.0,114.520676,1.14520676,14.520675999999995,2019-07-23,2019-07-23,True,6.281261732965504e-08,814,1675,813,1674,HA,unreported,held_out_2019_no_response_fit_in_this_audit,validation,True,False,False,True,False,5,5,5,1,2,2,True,False,True,True,False,0,False,2019-05-31,2019-06-20,0,0,0,PUCCRT,14,False,,,,,,,,2.0,2019-06-10,2019-06-20,10.0,66.975,12.9,54.074999999999996,2.0,2019-05-31,2019-06-10,10.0,98.25,8.924999999999999,89.325
BASF|53|2019|TreatmentA,53,2019,POLAND,53.2,17.7,"53.200000,17.700000|2019",Untreated,TreatmentA,0,1,100.0,104.566981,1.04566981,4.566980999999998,2019-07-20,2019-07-20,True,5.081710270360418e-07,827,1685,826,1684,HA,unreported,held_out_2019_no_response_fit_in_this_audit,validation,True,False,False,True,False,2,2,2,0,1,1,False,False,False,False,False,0,False,2019-06-10,2019-06-20,0,0,0,PUCCRT;PUCCST;PYRNTR,14,False,,,,,,,,,,,,,,,,,,,,,
BASF|54|2019|TreatmentA,54,2019,POLAND,52.6,16.4,"52.600000,16.400000|2019",Untreated,TreatmentA,0,1,100.0,100.827324,1.00827324,0.8273240000000044,2019-07-22,2019-07-22,True,1.42699391858514e-07,842,1697,841,1696,HA,unreported,held_out_2019_no_response_fit_in_this_audit,validation,True,False,False,True,False,4,4,4,2,2,0,True,True,True,False,False,0,False,2019-06-13,2019-06-24,0,0,0,PUCCSI;PUCCST,15,False,2.0,2019-06-13,2019-06-24,11.0,64.625,20.625,44.0,2.0,2019-06-13,2019-06-24,11.0,141.625,70.125,71.5,,,,,,,
BASF|55|2019|TreatmentA,55,2019,POLAND,52.1,17.2,"52.100000,17.200000|2019",Untreated,TreatmentA,0,1,100.0,102.85335,1.0285335,2.853350000000006,2019-07-02,2019-07-02,True,-3.419832665940703e-07,848,1702,847,1701,HA,unreported,held_out_2019_no_response_fit_in_this_audit,validation,True,False,False,True,False,2,2,2,0,2,0,True,False,True,False,False,0,False,2019-06-11,2019-06-17,0,0,0,,0,False,,,,,,,,2.0,2019-06-11,2019-06-17,6.0,83.25,28.5,54.75,,,,,,,
BASF|56|2019|TreatmentA,56,2019,POLAND,50.3,18.5,"50.300000,18.500000|2019",Untreated,TreatmentA,0,1,100.0,103.726619,1.03726619,3.7266189999999995,2019-07-25,2019-07-25,True,5.252413473044726e-07,866,1715,865,1714,HA,unreported,held_out_2019_no_response_fit_in_this_audit,validation,True,False,False,True,False,5,5,5,3,2,0,True,True,True,False,False,0,False,2019-06-09,2019-06-28,0,0,0,ERYSGR;PUCCRE;PUCCST;PYRNTR,16,False,3.0,2019-06-09,2019-06-28,19.0,185.8,81.4,104.4,2.0,2019-06-09,2019-06-19,10.0,96.25,35.25,61.0,,,,,,,
BASF|57|2019|TreatmentA,57,2019,POLAND,53.2,17.7,"53.200000,17.700000|2019",Untreated,TreatmentA,0,1,100.0,103.923012,1.03923012,3.923012,2019-07-20,2019-07-20,True,-4.147212848693016e-07,879,1725,878,1724,HA,unreported,held_out_2019_no_response_fit_in_this_audit,validation,True,False,False,True,False,2,2,2,0,1,1,False,False,False,False,False,0,False,2019-06-10,2019-06-20,0,0,0,PUCCRT;PUCCST;PYRNTR,14,False,,,,,,,,,,,,,,,,,,,,,
BASF|59|2019|TreatmentA,59,2019,POLAND,52.1,17.3,"52.100000,17.300000|2019",Untreated,TreatmentA,0,1,100.0,101.804134,1.0180413400000001,1.8041340000000048,2019-07-02,2019-07-02,True,-7.305060023554688e-08,897,1741,896,1740,HA,unreported,held_out_2019_no_response_fit_in_this_audit,validation,True,False,False,True,False,1,1,1,0,1,0,False,False,False,False,False,0,False,2019-06-13,2019-06-13,0,0,0,PUCCST,4,False,,,,,,,,,,,,,,,,,,,,,
BASF|60|2019|TreatmentA,60,2019,ROMANIA,44.5,26.6,"44.500000,26.600000|2019",Untreated,TreatmentA,0,1,100.0,115.174093,1.1517409299999999,15.174093,2019-07-01,2019-07-01,True,1.0915613302131533e-07,919,1763,918,1762,HA,unreported,held_out_2019_no_response_fit_in_this_audit,validation,True,False,False,True,False,11,11,11,4,4,3,True,True,True,True,True,3,True,2019-05-04,2019-06-03,0,0,0,ERYSGR,16,False,4.0,2019-05-04,2019-06-03,30.0,0.0,0.0,0.0,4.0,2019-05-04,2019-06-03,30.0,295.625,41.125,254.5,3.0,2019-05-04,2019-05-24,20.0,441.1875,67.1875,374.0
BASF|61|2019|TreatmentA,61,2019,ROMANIA,44.2,26.4,"44.200000,26.400000|2019",Untreated,TreatmentA,0,1,100.0,106.647638,1.0664763800000001,6.647638000000001,2019-07-04,2019-07-04,True,-4.875209924648516e-08,938,1782,937,1781,HA,unreported,held_out_2019_no_response_fit_in_this_audit,validation,True,False,False,True,False,9,9,9,3,3,3,True,True,True,True,True,3,True,2019-05-15,2019-06-05,0,0,4,PUCCRT;ZZYYFF,10,False,3.0,2019-05-15,2019-06-05,21.0,0.0,0.0,0.0,3.0,2019-05-15,2019-06-05,21.0,124.3125,13.6125,110.7,3.0,2019-05-15,2019-06-05,21.0,625.0,181.125,443.875
BASF|62|2019|TreatmentA,62,2019,SLOWAKIA,48.6,19.3,"48.600000,19.300000|2019",Untreated,TreatmentA,0,1,100.0,105.334804,1.0533480400000002,5.334804000000005,2019-08-09,2019-08-09,True,-8.176074146604151e-07,947,1791,946,1790,HA,unreported,held_out_2019_no_response_fit_in_this_audit,validation,True,False,False,True,False,5,5,5,2,1,2,True,True,False,True,False,1,False,2019-06-04,2019-06-24,0,0,0,,0,False,2.0,2019-06-14,2019-06-24,10.0,153.125,75.0,78.125,,,,,,,,2.0,2019-06-04,2019-06-14,10.0,159.375,59.375,100.0
BASF|63|2019|TreatmentA,63,2019,SLOWAKIA,49.2,20.5,"49.200000,20.500000|2019",Untreated,TreatmentA,0,1,100.0,110.193271,1.10193271,10.193270999999996,2019-08-10,2019-08-10,True,-4.3441693264867354e-07,954,1797,953,1796,HA,unreported,held_out_2019_no_response_fit_in_this_audit,validation,True,False,False,True,False,1,1,1,1,0,0,False,False,False,False,False,0,False,2019-07-10,2019-07-10,0,0,6,,0,False,,,,,,,,,,,,,,,,,,,,,
BASF|64|2019|TreatmentA,64,2019,SLOWAKIA,48.8,21.4,"48.800000,21.400000|2019",Untreated,TreatmentA,0,1,100.0,107.662991,1.07662991,7.662991000000005,2019-07-17,2019-07-17,True,-7.152375758323615e-07,965,1806,964,1805,HA,unreported,held_out_2019_no_response_fit_in_this_audit,validation,True,False,False,True,False,6,4,4,1,3,0,True,False,True,False,False,0,False,2019-06-08,2019-06-24,2,0,0,PUCCRE,6,False,,,,,,,,3.0,2019-06-08,2019-06-24,16.0,151.25,11.45,139.8,,,,,,,
BASF|65|2019|TreatmentA,65,2019,IRELAND,51.9,-8.3,"51.900000,-8.300000|2019",Untreated,TreatmentA,0,1,100.0,105.319097,1.05319097,5.319096999999999,2019-08-02,2019-08-02,True,1.739793447086413e-07,979,1818,978,1817,HA,unreported,held_out_2019_no_response_fit_in_this_audit,validation,True,False,False,True,False,8,8,8,1,4,3,True,False,True,True,False,0,False,2019-06-03,2019-07-02,0,0,0,,0,False,,,,,,,,4.0,2019-06-03,2019-07-02,29.0,1303.375,850.1875,453.1875,3.0,2019-06-03,2019-06-22,19.0,1567.5,1127.6875,439.8125
BASF|66|2019|TreatmentA,66,2019,UNITED KINGDOM,52.2,1.0,"52.200000,1.000000|2019",Untreated,TreatmentA,0,1,100.0,103.344854,1.03344854,3.344853999999998,2019-08-13,2019-08-13,True,-1.051392047202171e-06,1000,1830,999,1829,HA,unreported,held_out_2019_no_response_fit_in_this_audit,validation,True,False,False,True,False,9,5,5,2,2,1,True,True,True,False,False,0,False,2019-06-10,2019-07-01,4,0,0,PUCCRT,14,False,2.0,2019-06-21,2019-07-01,10.0,192.5,108.75,83.75,2.0,2019-06-10,2019-06-21,11.0,199.375,96.25,103.125,,,,,,,
BASF|67|2019|TreatmentA,67,2019,UNITED KINGDOM,52.2,0.9,"52.200000,0.900000|2019",Untreated,TreatmentA,0,1,100.0,160.482808,1.60482808,60.482808000000006,2019-09-02,2019-09-02,True,1.3157454077372677e-06,1017,1845,1016,1844,HA,unreported,held_out_2019_no_response_fit_in_this_audit,validation,True,False,False,True,False,4,4,4,0,1,3,True,False,False,True,False,0,False,2019-06-11,2019-07-02,0,0,0,PUCCRT,20,False,,,,,,,,,,,,,,,3.0,2019-06-11,2019-07-02,21.0,1725.0,360.625,1364.375
BASF|68|2019|TreatmentA,68,2019,UNITED KINGDOM,52.2,0.3,"52.200000,0.300000|2019",Untreated,TreatmentA,0,1,100.0,103.377808,1.03377808,3.3778080000000017,2019-08-06,2019-08-06,True,3.837873236989253e-07,1031,1855,1030,1854,HA,unreported,held_out_2019_no_response_fit_in_this_audit,validation,True,False,False,True,False,5,4,4,2,2,0,True,True,True,False,False,0,False,2019-06-24,2019-07-03,1,0,0,PUCCRT,10,False,2.0,2019-06-24,2019-07-03,9.0,68.90625,41.34375,27.5625,2.0,2019-06-24,2019-07-03,9.0,138.65625,64.40625,74.25,,,,,,,
BASF|69|2019|TreatmentA,69,2019,UNITED KINGDOM,51.5,-1.7,"51.500000,-1.700000|2019",Untreated,TreatmentA,0,1,100.0,150.084599,1.50084599,50.084599,2019-08-22,2019-08-22,True,1.6844384731484752e-07,1055,1869,1054,1868,HA,unreported,held_out_2019_no_response_fit_in_this_audit,validation,True,False,False,True,False,1,1,1,0,0,1,False,False,False,False,False,0,False,2019-05-31,2019-05-31,0,0,0,PUCCST,21,False,,,,,,,,,,,,,,,,,,,,,
BASF|71|2019|TreatmentA,71,2019,UNITED KINGDOM,52.0,-2.2,"52.000000,-2.200000|2019",Untreated,TreatmentA,0,1,100.0,134.534722,1.3453472199999998,34.53472199999999,2019-08-12,2019-08-12,True,1.0049831189462566e-07,1091,1891,1090,1890,HA,unreported,held_out_2019_no_response_fit_in_this_audit,validation,True,False,False,True,False,3,3,3,0,1,2,True,False,False,True,False,0,False,2019-05-31,2019-06-07,0,0,0,PUCCST,19,False,,,,,,,,,,,,,,,2.0,2019-05-31,2019-06-07,7.0,455.0,24.5,430.5
BASF|76|2017|TreatmentA,76,2017,UNITED KINGDOM,51.7,-1.9,"51.700000,-1.900000|2017",Untreated,TreatmentA,0,1,100.0,106.181,1.06181,6.180999999999997,2017-08-29,2017-08-29,True,6.016430518229754e-07,1161,1898,1160,1897,HA,unreported,development_2017_2018,calibration,True,False,False,True,False,3,2,2,0,1,1,False,False,False,False,False,0,False,2017-06-22,2017-06-22,1,0,0,PUCCRT,6,False,,,,,,,,,,,,,,,,,,,,,
BASF|3|2017|TreatmentB,3,2017,AUSTRIA,48.2,14.3,"48.200000,14.300000|2017",Untreated,TreatmentB,0,1,100.0,101.815913,1.01815913,1.8159129999999948,2017-07-20,2017-07-20,True,8.808029861029354e-08,38,1905,37,1904,HA,unreported,development_2017_2018,outside_original_ordinal_epidemic_membership,True,False,False,True,False,0,0,0,0,0,0,False,False,False,False,False,0,False,,,0,0,0,PUCCRT,2,False,,,,,,,,,,,,,,,,,,,,,
BASF|11|2017|TreatmentB,11,2017,NETHERLANDS,53.4,6.7,"53.400000,6.700000|2017",Untreated,TreatmentB,0,1,100.0,103.156029,1.03156029,3.1560290000000037,2017-08-07,2017-08-07,True,-5.841690295937951e-07,153,1915,152,1914,HA,unreported,development_2017_2018,calibration,True,False,False,True,False,11,8,8,3,3,2,True,True,True,True,True,2,True,2017-06-14,2017-06-30,3,0,0,,0,False,3.0,2017-06-14,2017-06-30,16.0,351.875,212.1875,139.6875,3.0,2017-06-14,2017-06-30,16.0,674.75,534.875,139.875,2.0,2017-06-14,2017-06-21,7.0,345.625,262.5,83.125
BASF|22|2018|TreatmentB,22,2018,GERMANY,49.2,8.2,"49.200000,8.200000|2018",Untreated,TreatmentB,0,1,100.0,130.586465,1.30586465,30.586465000000004,2018-07-16,2018-07-16,True,8.34052855225309e-07,328,1921,327,1920,HA,unreported,development_2017_2018,outside_original_ordinal_epidemic_membership,True,False,False,True,False,0,0,0,0,0,0,False,False,False,False,False,0,False,,,0,0,0,,0,False,,,,,,,,,,,,,,,,,,,,,
BASF|1|2017|TreatmentC,1,2017,GERMANY,48.3,12.0,"48.300000,12.000000|2017",Untreated,TreatmentC,0,1,100.0,133.498742,1.33498742,33.49874199999999,2017-07-18,2017-07-18,True,4.871484406976379e-07,16,1934,15,1933,HA,unreported,development_2017_2018,calibration,True,False,False,True,False,10,9,9,2,4,3,True,True,True,True,True,1,False,2017-05-29,2017-06-26,1,0,0,,0,False,2.0,2017-06-13,2017-06-26,13.0,692.25,82.875,609.375,4.0,2017-05-29,2017-06-26,28.0,1766.5,300.75,1465.75,3.0,2017-05-29,2017-06-13,15.0,1335.625,721.875,613.75
BASF|2|2017|TreatmentC,2,2017,GERMANY,54.0,12.6,"54.000000,12.600000|2017",Untreated,TreatmentC,0,1,100.0,132.831583,1.32831583,32.831582999999995,2017-08-15,2017-08-15,True,2.9869684681216313e-07,31,1944,30,1943,HA,unreported,development_2017_2018,calibration,True,False,False,True,False,10,7,7,2,3,2,True,True,True,True,True,1,False,2017-06-10,2017-07-03,3,0,0,,0,False,2.0,2017-06-20,2017-07-03,13.0,614.25,266.5,347.75,3.0,2017-06-10,2017-07-03,23.0,810.0,292.375,517.625,2.0,2017-06-10,2017-06-20,10.0,512.5,221.25,291.25
BASF|3|2017|TreatmentC,3,2017,AUSTRIA,48.2,14.3,"48.200000,14.300000|2017",Untreated,TreatmentC,0,1,100.0,103.961975,1.03961975,3.9619749999999954,2017-07-20,2017-07-20,True,-7.632705205651291e-07,38,1951,37,1950,HA,unreported,development_2017_2018,outside_original_ordinal_epidemic_membership,True,False,False,True,False,0,0,0,0,0,0,False,False,False,False,False,0,False,,,0,0,0,PUCCRT,2,False,,,,,,,,,,,,,,,,,,,,,
BASF|4|2017|TreatmentC,4,2017,GERMANY,51.7,12.1,"51.700000,12.100000|2017",Untreated,TreatmentC,0,1,100.0,108.686901,1.08686901,8.686901000000006,2017-07-20,2017-07-20,True,-6.80551096365889e-07,58,1968,57,1967,HA,unreported,development_2017_2018,calibration,True,False,False,True,False,12,9,9,3,3,3,True,True,True,True,True,3,True,2017-05-25,2017-06-16,3,0,0,PUCCRE,12,False,3.0,2017-05-25,2017-06-16,22.0,124.5,0.0,124.5,3.0,2017-05-25,2017-06-16,22.0,269.25,58.0,211.25,3.0,2017-05-25,2017-06-16,22.0,402.0,84.75,317.25
BASF|5|2017|TreatmentC,5,2017,GERMANY,52.4,9.6,"52.400000,9.600000|2017",Untreated,TreatmentC,0,1,100.0,111.349177,1.11349177,11.349176999999997,2017-08-01,2017-08-01,True,-7.812005833329749e-07,88,1996,87,1995,HA,unreported,development_2017_2018,calibration,True,False,False,True,False,12,11,11,3,3,5,True,True,True,True,True,2,True,2017-05-03,2017-06-28,1,0,0,PUCCRE,22,False,3.0,2017-05-30,2017-06-28,29.0,97.5,19.0,78.5,3.0,2017-05-19,2017-06-09,21.0,38.875,7.75,31.125,5.0,2017-05-03,2017-06-09,37.0,123.75,37.0,86.75
BASF|6|2017|TreatmentC,6,2017,FRANCE,46.9,-1.1,"46.900000,-1.100000|2017",Untreated,TreatmentC,0,1,100.0,100.797092,1.00797092,0.7970920000000064,2017-07-09,2017-07-09,True,-5.12596272983501e-07,99,2004,98,2003,HA,unreported,development_2017_2018,calibration,True,False,False,True,False,5,4,4,1,1,2,True,False,False,True,False,0,False,2017-05-03,2017-06-09,1,0,0,,0,False,,,,,,,,,,,,,,,2.0,2017-05-03,2017-05-11,8.0,89.533332,60.866664,28.666668
BASF|7|2017|TreatmentC,7,2017,FRANCE,47.9,1.6,"47.900000,1.600000|2017",Untreated,TreatmentC,0,1,100.0,110.363293,1.10363293,10.363292999999999,2017-07-18,2017-07-18,True,3.0965337316501973e-07,108,2008,107,2007,HA,unreported,development_2017_2018,calibration,True,False,False,True,False,6,2,2,1,1,0,False,False,False,False,False,0,False,2017-06-13,2017-06-13,4,0,0,,0,False,,,,,,,,,,,,,,,,,,,,,
BASF|8|2017|TreatmentC,8,2017,FRANCE,48.0,1.8,"48.000000,1.800000|2017",Untreated,TreatmentC,0,1,100.0,116.590452,1.16590452,16.590452,2017-07-15,2017-07-15,True,1.7490006598563923e-07,118,2014,117,2013,HA,unreported,development_2017_2018,calibration,True,False,False,True,False,7,4,4,1,2,1,True,False,True,False,False,0,False,2017-05-31,2017-06-14,3,0,0,,0,False,,,,,,,,2.0,2017-05-31,2017-06-14,14.0,395.266669,15.983331,379.28333799999996,,,,,,,
BASF|9|2017|TreatmentC,9,2017,FRANCE,49.8,2.9,"49.800000,2.900000|2017",Untreated,TreatmentC,0,1,100.0,108.290268,1.08290268,8.290267999999998,2017-07-28,2017-07-28,True,-6.909681928846112e-07,128,2021,127,2020,HA,unreported,development_2017_2018,calibration,True,False,False,True,False,7,5,5,2,2,1,True,True,True,False,False,0,False,2017-06-07,2017-06-28,2,0,0,,0,False,2.0,2017-06-16,2017-06-28,12.0,138.60000000000002,13.799999999999999,124.80000000000003,2.0,2017-06-07,2017-06-16,9.0,127.874997,15.374997,112.5,,,,,,,
BASF|10|2017|TreatmentC,10,2017,FRANCE,48.0,1.8,"48.000000,1.800000|2017",Untreated,TreatmentC,0,1,100.0,127.712832,1.27712832,27.712832000000006,2017-07-12,2017-07-12,True,3.173614402385283e-07,140,2030,139,2029,HA,unreported,development_2017_2018,calibration,True,False,False,True,False,8,7,7,3,3,1,True,True,True,False,False,1,False,2017-06-02,2017-06-22,1,0,0,,0,False,3.0,2017-06-02,2017-06-22,20.0,680.6666600000001,30.750000999999997,649.9166590000001,3.0,2017-06-02,2017-06-22,20.0,1324.166668,165.733339,1158.433329,,,,,,,
BASF|11|2017|TreatmentC,11,2017,NETHERLANDS,53.4,6.7,"53.400000,6.700000|2017",Untreated,TreatmentC,0,1,100.0,111.614678,1.11614678,11.614677999999998,2017-08-07,2017-08-07,True,6.055729784293362e-08,153,2040,152,2039,HA,unreported,development_2017_2018,calibration,True,False,False,True,False,11,8,8,3,3,2,True,True,True,True,True,2,True,2017-06-14,2017-06-30,3,0,0,,0,False,3.0,2017-06-14,2017-06-30,16.0,351.875,76.875,275.0,3.0,2017-06-14,2017-06-30,16.0,674.75,297.25,377.5,2.0,2017-06-14,2017-06-21,7.0,345.625,218.75,126.875
BASF|12|2017|TreatmentC,12,2017,POLAND,52.2,17.2,"52.200000,17.200000|2017",Untreated,TreatmentC,0,1,100.0,130.955468,1.30955468,30.955467999999996,2017-08-04,2017-08-04,True,-2.563790246767894e-07,169,2054,168,2053,HA,unreported,development_2017_2018,calibration,True,False,False,True,False,3,3,3,1,1,1,False,False,False,False,False,0,False,2017-06-12,2017-06-21,0,0,0,PUCCRT;PUCCST,12,False,,,,,,,,,,,,,,,,,,,,,
BASF|13|2017|TreatmentC,13,2017,POLAND,51.0,17.8,"51.000000,17.800000|2017",Untreated,TreatmentC,0,1,100.0,107.734269,1.07734269,7.734268999999998,2017-07-31,2017-07-31,True,9.939316214513383e-08,177,2060,176,2059,HA,unreported,development_2017_2018,calibration,True,False,False,True,False,5,4,4,1,2,1,True,False,True,False,False,0,False,2017-06-12,2017-06-26,1,0,0,,0,False,,,,,,,,2.0,2017-06-12,2017-06-26,14.0,350.0,49.0,301.0,,,,,,,
BASF|14|2017|TreatmentC,14,2017,POLAND,52.1,17.3,"52.100000,17.300000|2017",Untreated,TreatmentC,0,1,100.0,101.043753,1.01043753,1.0437529999999953,2017-08-04,2017-08-04,True,2.2220989137622382e-07,189,2072,188,2071,HA,unreported,development_2017_2018,calibration,True,False,False,True,False,1,1,1,0,0,1,False,False,False,False,False,0,False,2017-06-21,2017-06-21,0,0,0,PUCCRE;PYRNTR,16,False,,,,,,,,,,,,,,,,,,,,,
BASF|15|2017|TreatmentC,15,2017,POLAND,54.0,18.8,"54.000000,18.800000|2017",Untreated,TreatmentC,0,1,100.0,105.181047,1.0518104700000002,5.181047000000007,2017-08-31,2017-08-31,True,-5.988084836872076e-07,200,2082,199,2081,HA,unreported,development_2017_2018,calibration,True,False,False,True,False,2,2,2,2,0,0,True,True,False,False,False,0,False,2017-07-03,2017-07-13,0,0,0,PUCCRT;PUCCSI;PYRNTR,13,False,2.0,2017-07-03,2017-07-13,10.0,61.25,1.25,60.0,,,,,,,,,,,,,,
BASF|16|2017|TreatmentC,16,2017,POLAND,52.2,16.6,"52.200000,16.600000|2017",Untreated,TreatmentC,0,1,100.0,102.881854,1.02881854,2.881854000000004,2017-08-03,2017-08-03,True,-7.393520036202972e-07,227,2108,226,2107,HA,unreported,development_2017_2018,calibration,True,False,False,True,False,5,5,5,0,2,3,True,False,True,True,False,0,False,2017-05-26,2017-06-26,0,0,0,ERYSGT;FUSASP;PUCCST;PYRNTR;RHIZSP,34,False,,,,,,,,2.0,2017-06-20,2017-06-26,6.0,11.625,1.5,10.125,3.0,2017-05-26,2017-06-20,25.0,144.0,0.0,144.0
BASF|17|2017|TreatmentC,17,2017,UNITED KINGDOM,52.7,0.9,"52.700000,0.900000|2017",Untreated,TreatmentC,0,1,100.0,130.138087,1.30138087,30.138087000000013,2017-08-11,2017-08-11,True,3.01373631828028e-07,239,2120,238,2119,HA,unreported,development_2017_2018,calibration,True,False,False,True,False,1,1,1,0,0,1,False,False,False,False,False,0,False,2017-06-10,2017-06-10,0,0,0,PUCCRT;PUCCST,18,False,,,,,,,,,,,,,,,,,,,,,
BASF|18|2017|TreatmentC,18,2017,UNITED KINGDOM,51.7,-1.9,"51.700000,-1.900000|2017",Untreated,TreatmentC,0,1,100.0,116.503281,1.16503281,16.503281,2017-08-29,2017-08-29,True,-1.8318557692964532e-07,256,2130,255,2129,HA,unreported,development_2017_2018,calibration,True,False,False,True,False,8,4,4,1,2,1,True,False,True,False,False,0,False,2017-06-21,2017-07-04,4,0,0,PUCCRT,8,False,,,,,,,,2.0,2017-06-21,2017-07-04,13.0,479.375,71.5,407.875,,,,,,,
BASF|19|2017|TreatmentC,19,2017,UNITED KINGDOM,51.9,0.2,"51.900000,0.200000|2017",Untreated,TreatmentC,0,1,100.0,106.518739,1.06518739,6.5187389999999965,2017-08-15,2017-08-15,True,-1.502117825680216e-06,284,2149,283,2148,HA,unreported,development_2017_2018,calibration,True,False,False,True,False,4,4,4,1,2,1,True,False,True,False,False,0,False,2017-06-08,2017-06-29,0,0,0,PUCCST,19,False,,,,,,,,2.0,2017-06-08,2017-06-29,21.0,643.125,372.75,270.375,,,,,,,
BASF|20|2017|TreatmentC,20,2017,UNITED KINGDOM,52.1,1.0,"52.100000,1.000000|2017",Untreated,TreatmentC,0,1,100.0,117.228482,1.17228482,17.228482,2017-08-19,2017-08-19,True,7.344569894485176e-07,316,2175,315,2174,HA,unreported,development_2017_2018,calibration,True,False,False,True,False,10,9,9,3,3,3,True,True,True,True,True,3,True,2017-05-19,2017-06-09,1,0,0,PUCCSI;PUCCST,27,False,3.0,2017-05-19,2017-06-09,21.0,0.0,0.0,0.0,3.0,2017-05-19,2017-06-09,21.0,0.0,0.0,0.0,3.0,2017-05-19,2017-06-09,21.0,199.75,108.0,91.75
BASF|21|2018|TreatmentC,21,2018,GERMANY,49.4,8.3,"49.400000,8.300000|2018",Untreated,TreatmentC,0,1,100.0,116.191014,1.16191014,16.191013999999996,2018-07-16,2018-07-16,True,-4.464317271413165e-07,322,2181,321,2180,HA,unreported,development_2017_2018,outside_original_ordinal_epidemic_membership,True,False,False,True,False,0,0,0,0,0,0,False,False,False,False,False,0,False,,,0,0,0,,0,False,,,,,,,,,,,,,,,,,,,,,
BASF|72|2019|TreatmentC,72,2019,IRELAND,51.9,-8.3,"51.900000,-8.300000|2019",Untreated,TreatmentC,0,1,100.0,114.471095,1.1447109500000001,14.471095000000005,2019-08-08,2019-08-08,True,-4.5581531082916626e-07,1104,2190,1103,2189,HA,unreported,held_out_2019_no_response_fit_in_this_audit,validation,True,False,False,True,False,8,7,7,1,3,3,True,False,True,True,False,0,False,2019-05-30,2019-06-30,1,0,0,,0,False,,,,,,,,3.0,2019-06-10,2019-06-30,20.0,595.0,172.1875,422.8125,3.0,2019-05-30,2019-06-20,21.0,650.5,392.625,257.875
BASF|73|2019|TreatmentC,73,2019,UNITED KINGDOM,52.2,0.8,"52.200000,0.800000|2019",Untreated,TreatmentC,0,1,100.0,114.277133,1.14277133,14.277133000000006,2019-09-03,2019-09-03,True,2.870322646231216e-07,1126,2204,1125,2203,HA,unreported,held_out_2019_no_response_fit_in_this_audit,validation,True,False,False,True,False,11,9,9,2,4,3,True,True,True,True,True,1,False,2019-06-04,2019-07-02,2,0,0,PUCCRT;PUCCST,6,False,2.0,2019-06-21,2019-07-02,11.0,220.0,104.5,115.5,4.0,2019-06-04,2019-07-02,28.0,657.5,286.0,371.5,3.0,2019-06-04,2019-06-21,17.0,515.625,242.5,273.125
BASF|75|2019|TreatmentC,75,2019,UNITED KINGDOM,52.0,-2.2,"52.000000,-2.200000|2019",Untreated,TreatmentC,0,1,100.0,118.42834,1.1842834,18.428340000000006,2019-08-22,2019-08-22,True,-1.3652352492954378e-07,1152,2219,1151,2218,HA,unreported,held_out_2019_no_response_fit_in_this_audit,validation,True,False,False,True,False,9,7,7,3,3,1,True,True,True,False,False,1,False,2019-06-04,2019-06-25,2,0,0,,0,False,3.0,2019-06-04,2019-06-25,21.0,303.75,42.0,261.75,3.0,2019-06-04,2019-06-25,21.0,1145.625,368.625,777.0,,,,,,,
BASF|76|2017|TreatmentC,76,2017,UNITED KINGDOM,51.7,-1.9,"51.700000,-1.900000|2017",Untreated,TreatmentC,0,1,100.0,118.773488,1.18773488,18.773488,2017-08-29,2017-08-29,True,9.110718224292214e-07,1161,2226,1160,2225,HA,unreported,development_2017_2018,calibration,True,False,False,True,False,3,2,2,0,1,1,False,False,False,False,False,0,False,2017-06-22,2017-06-22,1,0,0,PUCCRT,6,False,,,,,,,,,,,,,,,,,,,,,
BASF|21|2018|TreatmentD,21,2018,GERMANY,49.4,8.3,"49.400000,8.300000|2018",Untreated,TreatmentD,0,1,100.0,121.036283,1.21036283,21.036282999999997,2018-07-16,2018-07-16,True,1.937316085331986e-08,322,2232,321,2231,HA,unreported,development_2017_2018,outside_original_ordinal_epidemic_membership,True,False,False,True,False,0,0,0,0,0,0,False,False,False,False,False,0,False,,,0,0,0,,0,False,,,,,,,,,,,,,,,,,,,,,
BASF|72|2019|TreatmentD,72,2019,IRELAND,51.9,-8.3,"51.900000,-8.300000|2019",Untreated,TreatmentD,0,1,100.0,123.579717,1.2357971700000001,23.579717000000002,2019-08-08,2019-08-08,True,-2.978836590727951e-07,1104,2241,1103,2240,HA,unreported,held_out_2019_no_response_fit_in_this_audit,validation,True,False,False,True,False,8,7,7,1,3,3,True,False,True,True,False,0,False,2019-05-30,2019-06-30,1,0,0,,0,False,,,,,,,,3.0,2019-06-10,2019-06-30,20.0,595.0,103.75,491.25,3.0,2019-05-30,2019-06-20,21.0,650.5,320.90625,329.59375
BASF|73|2019|TreatmentD,73,2019,UNITED KINGDOM,52.2,0.8,"52.200000,0.800000|2019",Untreated,TreatmentD,0,1,100.0,118.672723,1.18672723,18.672723000000005,2019-09-03,2019-09-03,True,-3.776307835323678e-07,1126,2255,1125,2254,HA,unreported,held_out_2019_no_response_fit_in_this_audit,validation,True,False,False,True,False,11,9,9,2,4,3,True,True,True,True,True,1,False,2019-06-04,2019-07-02,2,0,0,PUCCRT;PUCCST,6,False,2.0,2019-06-21,2019-07-02,11.0,220.0,90.75,129.25,4.0,2019-06-04,2019-07-02,28.0,657.5,240.25,417.25,3.0,2019-06-04,2019-06-21,17.0,515.625,207.0,308.625
BASF|75|2019|TreatmentD,75,2019,UNITED KINGDOM,52.0,-2.2,"52.000000,-2.200000|2019",Untreated,TreatmentD,0,1,100.0,114.556136,1.1455613599999999,14.556135999999995,2019-08-22,2019-08-22,True,-7.060840516714961e-07,1152,2270,1151,2269,HA,unreported,held_out_2019_no_response_fit_in_this_audit,validation,True,False,False,True,False,9,7,7,3,3,1,True,True,True,False,False,1,False,2019-06-04,2019-06-25,2,0,0,,0,False,3.0,2019-06-04,2019-06-25,21.0,303.75,49.5,254.25,3.0,2019-06-04,2019-06-25,21.0,1145.625,463.5,682.125,,,,,,,
BASF|76|2017|TreatmentD,76,2017,UNITED KINGDOM,51.7,-1.9,"51.700000,-1.900000|2017",Untreated,TreatmentD,0,1,100.0,116.214605,1.16214605,16.214605000000006,2017-08-29,2017-08-29,True,-3.451954455613304e-08,1161,2277,1160,2276,HA,unreported,development_2017_2018,calibration,True,False,False,True,False,3,2,2,0,1,1,False,False,False,False,False,0,False,2017-06-22,2017-06-22,1,0,0,PUCCRT,6,False,,,,,,,,,,,,,,,,,,,,,
