source,partition,field_id,coordinate_year,dataset_id,physical_unit,season_year,site_id,country,latitude,longitude,event,lower_exclusive,upper_inclusive,censoring,eligible_constraint,genuinely_bracketed,reason,n_distinct_stage_dates,n_lower_bound_dates,n_upper_bound_dates,bracket_width_days
BASF,calibration,basf-wheat-diseases|10|2017,era5loc_d6117aa4523b|2017,basf-wheat-diseases,10,2017,era5loc_d6117aa4523b,FRANCE,48.0,1.8,31,,2017-05-11,left,True,False,,4,0,4,
BASF,calibration,basf-wheat-diseases|10|2017,era5loc_d6117aa4523b|2017,basf-wheat-diseases,10,2017,era5loc_d6117aa4523b,FRANCE,48.0,1.8,32,,2017-05-11,left,True,False,,4,0,4,
BASF,calibration,basf-wheat-diseases|10|2017,era5loc_d6117aa4523b|2017,basf-wheat-diseases,10,2017,era5loc_d6117aa4523b,FRANCE,48.0,1.8,33,,2017-05-11,left,True,False,,4,0,4,
BASF,calibration,basf-wheat-diseases|10|2017,era5loc_d6117aa4523b|2017,basf-wheat-diseases,10,2017,era5loc_d6117aa4523b,FRANCE,48.0,1.8,37,,2017-05-11,left,True,False,,4,0,4,
BASF,calibration,basf-wheat-diseases|10|2017,era5loc_d6117aa4523b|2017,basf-wheat-diseases,10,2017,era5loc_d6117aa4523b,FRANCE,48.0,1.8,39,,2017-05-11,left,True,False,,4,0,4,
BASF,calibration,basf-wheat-diseases|11|2017,era5loc_c36c557e4afc|2017,basf-wheat-diseases,11,2017,era5loc_c36c557e4afc,NETHERLANDS,53.4,6.7,31,,2017-05-22,left,True,False,,4,0,4,
BASF,calibration,basf-wheat-diseases|11|2017,era5loc_c36c557e4afc|2017,basf-wheat-diseases,11,2017,era5loc_c36c557e4afc,NETHERLANDS,53.4,6.7,32,,2017-05-22,left,True,False,,4,0,4,
BASF,calibration,basf-wheat-diseases|11|2017,era5loc_c36c557e4afc|2017,basf-wheat-diseases,11,2017,era5loc_c36c557e4afc,NETHERLANDS,53.4,6.7,33,,2017-05-22,left,True,False,,4,0,4,
BASF,calibration,basf-wheat-diseases|11|2017,era5loc_c36c557e4afc|2017,basf-wheat-diseases,11,2017,era5loc_c36c557e4afc,NETHERLANDS,53.4,6.7,37,,2017-05-22,left,True,False,,4,0,4,
BASF,calibration,basf-wheat-diseases|11|2017,era5loc_c36c557e4afc|2017,basf-wheat-diseases,11,2017,era5loc_c36c557e4afc,NETHERLANDS,53.4,6.7,39,,2017-05-22,left,True,False,,4,0,4,
BASF,calibration,basf-wheat-diseases|12|2017,era5loc_1db395a204c4|2017,basf-wheat-diseases,12,2017,era5loc_1db395a204c4,POLAND,52.2,17.2,31,,2017-05-22,left,True,False,,4,0,4,
BASF,calibration,basf-wheat-diseases|12|2017,era5loc_1db395a204c4|2017,basf-wheat-diseases,12,2017,era5loc_1db395a204c4,POLAND,52.2,17.2,32,,2017-05-22,left,True,False,,4,0,4,
BASF,calibration,basf-wheat-diseases|12|2017,era5loc_1db395a204c4|2017,basf-wheat-diseases,12,2017,era5loc_1db395a204c4,POLAND,52.2,17.2,33,,2017-05-22,left,True,False,,4,0,4,
BASF,calibration,basf-wheat-diseases|12|2017,era5loc_1db395a204c4|2017,basf-wheat-diseases,12,2017,era5loc_1db395a204c4,POLAND,52.2,17.2,37,,2017-05-22,left,True,False,,4,0,4,
BASF,calibration,basf-wheat-diseases|12|2017,era5loc_1db395a204c4|2017,basf-wheat-diseases,12,2017,era5loc_1db395a204c4,POLAND,52.2,17.2,39,,2017-06-01,left,True,False,,4,0,3,
BASF,calibration,basf-wheat-diseases|13|2017,era5loc_8b7743800935|2017,basf-wheat-diseases,13,2017,era5loc_8b7743800935,POLAND,51.0,17.8,31,,2017-06-02,left,True,False,,3,0,3,
BASF,calibration,basf-wheat-diseases|13|2017,era5loc_8b7743800935|2017,basf-wheat-diseases,13,2017,era5loc_8b7743800935,POLAND,51.0,17.8,32,,2017-06-02,left,True,False,,3,0,3,
BASF,calibration,basf-wheat-diseases|13|2017,era5loc_8b7743800935|2017,basf-wheat-diseases,13,2017,era5loc_8b7743800935,POLAND,51.0,17.8,33,,2017-06-02,left,True,False,,3,0,3,
BASF,calibration,basf-wheat-diseases|13|2017,era5loc_8b7743800935|2017,basf-wheat-diseases,13,2017,era5loc_8b7743800935,POLAND,51.0,17.8,37,,2017-06-02,left,True,False,,3,0,3,
BASF,calibration,basf-wheat-diseases|13|2017,era5loc_8b7743800935|2017,basf-wheat-diseases,13,2017,era5loc_8b7743800935,POLAND,51.0,17.8,39,,2017-06-12,left,True,False,,3,0,2,
BASF,calibration,basf-wheat-diseases|14|2017,era5loc_b4c23217b405|2017,basf-wheat-diseases,14,2017,era5loc_b4c23217b405,POLAND,52.1,17.3,31,,2017-06-11,left,True,False,,2,0,2,
BASF,calibration,basf-wheat-diseases|14|2017,era5loc_b4c23217b405|2017,basf-wheat-diseases,14,2017,era5loc_b4c23217b405,POLAND,52.1,17.3,32,,2017-06-11,left,True,False,,2,0,2,
BASF,calibration,basf-wheat-diseases|14|2017,era5loc_b4c23217b405|2017,basf-wheat-diseases,14,2017,era5loc_b4c23217b405,POLAND,52.1,17.3,33,,2017-06-11,left,True,False,,2,0,2,
BASF,calibration,basf-wheat-diseases|14|2017,era5loc_b4c23217b405|2017,basf-wheat-diseases,14,2017,era5loc_b4c23217b405,POLAND,52.1,17.3,37,,2017-06-11,left,True,False,,2,0,2,
BASF,calibration,basf-wheat-diseases|14|2017,era5loc_b4c23217b405|2017,basf-wheat-diseases,14,2017,era5loc_b4c23217b405,POLAND,52.1,17.3,39,,2017-06-11,left,True,False,,2,0,2,
BASF,calibration,basf-wheat-diseases|15|2017,era5loc_01117578be52|2017,basf-wheat-diseases,15,2017,era5loc_01117578be52,POLAND,54.0,18.8,31,,2017-07-03,left,True,False,,2,0,2,
BASF,calibration,basf-wheat-diseases|15|2017,era5loc_01117578be52|2017,basf-wheat-diseases,15,2017,era5loc_01117578be52,POLAND,54.0,18.8,32,,2017-07-03,left,True,False,,2,0,2,
BASF,calibration,basf-wheat-diseases|15|2017,era5loc_01117578be52|2017,basf-wheat-diseases,15,2017,era5loc_01117578be52,POLAND,54.0,18.8,33,,2017-07-03,left,True,False,,2,0,2,
BASF,calibration,basf-wheat-diseases|15|2017,era5loc_01117578be52|2017,basf-wheat-diseases,15,2017,era5loc_01117578be52,POLAND,54.0,18.8,37,,2017-07-03,left,True,False,,2,0,2,
BASF,calibration,basf-wheat-diseases|15|2017,era5loc_01117578be52|2017,basf-wheat-diseases,15,2017,era5loc_01117578be52,POLAND,54.0,18.8,39,,2017-07-03,left,True,False,,2,0,2,
BASF,calibration,basf-wheat-diseases|16|2017,era5loc_bedbc80cc600|2017,basf-wheat-diseases,16,2017,era5loc_bedbc80cc600,POLAND,52.2,16.6,31,,2017-05-16,left,True,False,,6,0,5,
BASF,calibration,basf-wheat-diseases|16|2017,era5loc_bedbc80cc600|2017,basf-wheat-diseases,16,2017,era5loc_bedbc80cc600,POLAND,52.2,16.6,32,2017-05-05,2017-05-16,interval,True,True,,6,1,5,11.0
BASF,calibration,basf-wheat-diseases|16|2017,era5loc_bedbc80cc600|2017,basf-wheat-diseases,16,2017,era5loc_bedbc80cc600,POLAND,52.2,16.6,33,2017-05-05,2017-05-26,interval,True,True,,6,1,4,21.0
BASF,calibration,basf-wheat-diseases|16|2017,era5loc_bedbc80cc600|2017,basf-wheat-diseases,16,2017,era5loc_bedbc80cc600,POLAND,52.2,16.6,37,2017-05-16,2017-05-26,interval,True,True,,6,2,4,10.0
BASF,calibration,basf-wheat-diseases|16|2017,era5loc_bedbc80cc600|2017,basf-wheat-diseases,16,2017,era5loc_bedbc80cc600,POLAND,52.2,16.6,39,2017-05-16,2017-06-08,interval,True,True,,6,2,3,23.0
BASF,calibration,basf-wheat-diseases|17|2017,era5loc_c273764268e2|2017,basf-wheat-diseases,17,2017,era5loc_c273764268e2,UNITED KINGDOM,52.7,0.9,31,,2017-06-10,left,True,False,,1,0,1,
BASF,calibration,basf-wheat-diseases|17|2017,era5loc_c273764268e2|2017,basf-wheat-diseases,17,2017,era5loc_c273764268e2,UNITED KINGDOM,52.7,0.9,32,,2017-06-10,left,True,False,,1,0,1,
BASF,calibration,basf-wheat-diseases|17|2017,era5loc_c273764268e2|2017,basf-wheat-diseases,17,2017,era5loc_c273764268e2,UNITED KINGDOM,52.7,0.9,33,,2017-06-10,left,True,False,,1,0,1,
BASF,calibration,basf-wheat-diseases|17|2017,era5loc_c273764268e2|2017,basf-wheat-diseases,17,2017,era5loc_c273764268e2,UNITED KINGDOM,52.7,0.9,37,,2017-06-10,left,True,False,,1,0,1,
BASF,calibration,basf-wheat-diseases|17|2017,era5loc_c273764268e2|2017,basf-wheat-diseases,17,2017,era5loc_c273764268e2,UNITED KINGDOM,52.7,0.9,39,,2017-06-10,left,True,False,,1,0,1,
BASF,calibration,basf-wheat-diseases|18|2017,era5loc_6687f40ce729|2017,basf-wheat-diseases,18,2017,era5loc_6687f40ce729,UNITED KINGDOM,51.7,-1.9,31,,2017-05-19,left,True,False,,5,0,5,
BASF,calibration,basf-wheat-diseases|18|2017,era5loc_6687f40ce729|2017,basf-wheat-diseases,18,2017,era5loc_6687f40ce729,UNITED KINGDOM,51.7,-1.9,32,,2017-05-19,left,True,False,,5,0,5,
BASF,calibration,basf-wheat-diseases|18|2017,era5loc_6687f40ce729|2017,basf-wheat-diseases,18,2017,era5loc_6687f40ce729,UNITED KINGDOM,51.7,-1.9,33,,2017-05-19,left,True,False,,5,0,5,
BASF,calibration,basf-wheat-diseases|18|2017,era5loc_6687f40ce729|2017,basf-wheat-diseases,18,2017,era5loc_6687f40ce729,UNITED KINGDOM,51.7,-1.9,37,,2017-05-19,left,True,False,,5,0,5,
BASF,calibration,basf-wheat-diseases|18|2017,era5loc_6687f40ce729|2017,basf-wheat-diseases,18,2017,era5loc_6687f40ce729,UNITED KINGDOM,51.7,-1.9,39,,2017-05-19,left,True,False,,5,0,5,
BASF,calibration,basf-wheat-diseases|19|2017,era5loc_ff52f903fe18|2017,basf-wheat-diseases,19,2017,era5loc_ff52f903fe18,UNITED KINGDOM,51.9,0.2,31,,2017-04-21,left,True,False,,5,0,5,
BASF,calibration,basf-wheat-diseases|19|2017,era5loc_ff52f903fe18|2017,basf-wheat-diseases,19,2017,era5loc_ff52f903fe18,UNITED KINGDOM,51.9,0.2,32,,2017-04-29,left,True,False,,5,0,4,
BASF,calibration,basf-wheat-diseases|19|2017,era5loc_ff52f903fe18|2017,basf-wheat-diseases,19,2017,era5loc_ff52f903fe18,UNITED KINGDOM,51.9,0.2,33,2017-04-21,2017-05-12,interval,True,True,,5,1,3,21.0
BASF,calibration,basf-wheat-diseases|19|2017,era5loc_ff52f903fe18|2017,basf-wheat-diseases,19,2017,era5loc_ff52f903fe18,UNITED KINGDOM,51.9,0.2,37,2017-04-29,2017-05-31,interval,True,True,,5,2,2,32.0
BASF,calibration,basf-wheat-diseases|19|2017,era5loc_ff52f903fe18|2017,basf-wheat-diseases,19,2017,era5loc_ff52f903fe18,UNITED KINGDOM,51.9,0.2,39,2017-05-12,2017-05-31,interval,True,True,,5,3,2,19.0
BASF,calibration,basf-wheat-diseases|1|2017,era5loc_dd89cccfc605|2017,basf-wheat-diseases,1,2017,era5loc_dd89cccfc605,GERMANY,48.3,12.0,31,,2017-05-18,left,True,False,,5,0,5,
BASF,calibration,basf-wheat-diseases|1|2017,era5loc_dd89cccfc605|2017,basf-wheat-diseases,1,2017,era5loc_dd89cccfc605,GERMANY,48.3,12.0,32,,2017-05-18,left,True,False,,5,0,5,
BASF,calibration,basf-wheat-diseases|1|2017,era5loc_dd89cccfc605|2017,basf-wheat-diseases,1,2017,era5loc_dd89cccfc605,GERMANY,48.3,12.0,33,,2017-05-18,left,True,False,,5,0,5,
BASF,calibration,basf-wheat-diseases|1|2017,era5loc_dd89cccfc605|2017,basf-wheat-diseases,1,2017,era5loc_dd89cccfc605,GERMANY,48.3,12.0,37,,2017-05-18,left,True,False,,5,0,5,
BASF,calibration,basf-wheat-diseases|1|2017,era5loc_dd89cccfc605|2017,basf-wheat-diseases,1,2017,era5loc_dd89cccfc605,GERMANY,48.3,12.0,39,,2017-05-29,left,True,False,,5,0,4,
BASF,calibration,basf-wheat-diseases|20|2017,era5loc_5ab5ca0b5fe3|2017,basf-wheat-diseases,20,2017,era5loc_5ab5ca0b5fe3,UNITED KINGDOM,52.1,1.0,31,,2017-04-29,left,True,False,,4,0,4,
BASF,calibration,basf-wheat-diseases|20|2017,era5loc_5ab5ca0b5fe3|2017,basf-wheat-diseases,20,2017,era5loc_5ab5ca0b5fe3,UNITED KINGDOM,52.1,1.0,32,,2017-04-29,left,True,False,,4,0,4,
BASF,calibration,basf-wheat-diseases|20|2017,era5loc_5ab5ca0b5fe3|2017,basf-wheat-diseases,20,2017,era5loc_5ab5ca0b5fe3,UNITED KINGDOM,52.1,1.0,33,,2017-05-19,left,True,False,,4,0,3,
BASF,calibration,basf-wheat-diseases|20|2017,era5loc_5ab5ca0b5fe3|2017,basf-wheat-diseases,20,2017,era5loc_5ab5ca0b5fe3,UNITED KINGDOM,52.1,1.0,37,2017-04-29,2017-05-19,interval,True,True,,4,1,3,20.0
BASF,calibration,basf-wheat-diseases|20|2017,era5loc_5ab5ca0b5fe3|2017,basf-wheat-diseases,20,2017,era5loc_5ab5ca0b5fe3,UNITED KINGDOM,52.1,1.0,39,2017-04-29,2017-05-19,interval,True,True,,4,1,3,20.0
BASF,calibration,basf-wheat-diseases|23|2018,era5loc_d6117aa4523b|2018,basf-wheat-diseases,23,2018,era5loc_d6117aa4523b,FRANCE,48.0,1.8,31,,2018-05-02,left,True,False,,4,0,4,
BASF,calibration,basf-wheat-diseases|23|2018,era5loc_d6117aa4523b|2018,basf-wheat-diseases,23,2018,era5loc_d6117aa4523b,FRANCE,48.0,1.8,32,,2018-05-02,left,True,False,,4,0,4,
BASF,calibration,basf-wheat-diseases|23|2018,era5loc_d6117aa4523b|2018,basf-wheat-diseases,23,2018,era5loc_d6117aa4523b,FRANCE,48.0,1.8,33,,2018-05-02,left,True,False,,4,0,4,
BASF,calibration,basf-wheat-diseases|23|2018,era5loc_d6117aa4523b|2018,basf-wheat-diseases,23,2018,era5loc_d6117aa4523b,FRANCE,48.0,1.8,37,,2018-05-02,left,True,False,,4,0,4,
BASF,calibration,basf-wheat-diseases|23|2018,era5loc_d6117aa4523b|2018,basf-wheat-diseases,23,2018,era5loc_d6117aa4523b,FRANCE,48.0,1.8,39,,2018-05-22,left,True,False,,4,0,3,
BASF,calibration,basf-wheat-diseases|25|2018,era5loc_2daae74efc65|2018,basf-wheat-diseases,25,2018,era5loc_2daae74efc65,POLAND,51.1,17.6,31,,2018-05-14,left,True,False,,4,0,4,
BASF,calibration,basf-wheat-diseases|25|2018,era5loc_2daae74efc65|2018,basf-wheat-diseases,25,2018,era5loc_2daae74efc65,POLAND,51.1,17.6,32,,2018-05-14,left,True,False,,4,0,4,
BASF,calibration,basf-wheat-diseases|25|2018,era5loc_2daae74efc65|2018,basf-wheat-diseases,25,2018,era5loc_2daae74efc65,POLAND,51.1,17.6,33,,2018-05-14,left,True,False,,4,0,4,
BASF,calibration,basf-wheat-diseases|25|2018,era5loc_2daae74efc65|2018,basf-wheat-diseases,25,2018,era5loc_2daae74efc65,POLAND,51.1,17.6,37,,2018-05-24,left,True,False,,4,0,3,
BASF,calibration,basf-wheat-diseases|25|2018,era5loc_2daae74efc65|2018,basf-wheat-diseases,25,2018,era5loc_2daae74efc65,POLAND,51.1,17.6,39,2018-05-14,2018-05-24,interval,True,True,,4,1,3,10.0
BASF,calibration,basf-wheat-diseases|26|2018,era5loc_cd0793ddaa5d|2018,basf-wheat-diseases,26,2018,era5loc_cd0793ddaa5d,POLAND,50.3,18.5,31,,2018-05-16,left,True,False,,4,0,4,
BASF,calibration,basf-wheat-diseases|26|2018,era5loc_cd0793ddaa5d|2018,basf-wheat-diseases,26,2018,era5loc_cd0793ddaa5d,POLAND,50.3,18.5,32,,2018-05-16,left,True,False,,4,0,4,
BASF,calibration,basf-wheat-diseases|26|2018,era5loc_cd0793ddaa5d|2018,basf-wheat-diseases,26,2018,era5loc_cd0793ddaa5d,POLAND,50.3,18.5,33,,2018-05-16,left,True,False,,4,0,4,
BASF,calibration,basf-wheat-diseases|26|2018,era5loc_cd0793ddaa5d|2018,basf-wheat-diseases,26,2018,era5loc_cd0793ddaa5d,POLAND,50.3,18.5,37,,2018-05-16,left,True,False,,4,0,4,
BASF,calibration,basf-wheat-diseases|26|2018,era5loc_cd0793ddaa5d|2018,basf-wheat-diseases,26,2018,era5loc_cd0793ddaa5d,POLAND,50.3,18.5,39,2018-05-16,2018-05-26,interval,True,True,,4,1,3,10.0
BASF,calibration,basf-wheat-diseases|27|2018,era5loc_1fa43db2787c|2018,basf-wheat-diseases,27,2018,era5loc_1fa43db2787c,POLAND,53.7,20.2,31,,2018-05-16,left,True,False,,5,0,5,
BASF,calibration,basf-wheat-diseases|27|2018,era5loc_1fa43db2787c|2018,basf-wheat-diseases,27,2018,era5loc_1fa43db2787c,POLAND,53.7,20.2,32,,2018-05-16,left,True,False,,5,0,5,
BASF,calibration,basf-wheat-diseases|27|2018,era5loc_1fa43db2787c|2018,basf-wheat-diseases,27,2018,era5loc_1fa43db2787c,POLAND,53.7,20.2,33,,2018-05-26,left,True,False,,5,0,4,
BASF,calibration,basf-wheat-diseases|27|2018,era5loc_1fa43db2787c|2018,basf-wheat-diseases,27,2018,era5loc_1fa43db2787c,POLAND,53.7,20.2,37,,2018-05-26,left,True,False,,5,0,4,
BASF,calibration,basf-wheat-diseases|27|2018,era5loc_1fa43db2787c|2018,basf-wheat-diseases,27,2018,era5loc_1fa43db2787c,POLAND,53.7,20.2,39,2018-05-16,2018-05-26,interval,True,True,,5,1,4,10.0
BASF,calibration,basf-wheat-diseases|28|2018,era5loc_b103a5cbfed5|2018,basf-wheat-diseases,28,2018,era5loc_b103a5cbfed5,UNITED KINGDOM,51.7,-2.0,31,,2018-05-01,left,True,False,,6,0,6,
BASF,calibration,basf-wheat-diseases|28|2018,era5loc_b103a5cbfed5|2018,basf-wheat-diseases,28,2018,era5loc_b103a5cbfed5,UNITED KINGDOM,51.7,-2.0,32,,2018-05-11,left,True,False,,6,0,5,
BASF,calibration,basf-wheat-diseases|28|2018,era5loc_b103a5cbfed5|2018,basf-wheat-diseases,28,2018,era5loc_b103a5cbfed5,UNITED KINGDOM,51.7,-2.0,33,2018-05-01,2018-05-11,interval,True,True,,6,1,5,10.0
BASF,calibration,basf-wheat-diseases|28|2018,era5loc_b103a5cbfed5|2018,basf-wheat-diseases,28,2018,era5loc_b103a5cbfed5,UNITED KINGDOM,51.7,-2.0,37,2018-05-01,2018-05-21,interval,True,True,,6,1,4,20.0
BASF,calibration,basf-wheat-diseases|28|2018,era5loc_b103a5cbfed5|2018,basf-wheat-diseases,28,2018,era5loc_b103a5cbfed5,UNITED KINGDOM,51.7,-2.0,39,2018-05-11,2018-06-01,interval,True,True,,6,2,3,21.0
BASF,calibration,basf-wheat-diseases|29|2018,era5loc_c273764268e2|2018,basf-wheat-diseases,29,2018,era5loc_c273764268e2,UNITED KINGDOM,52.7,0.9,31,,2018-05-01,left,True,False,,3,0,3,
BASF,calibration,basf-wheat-diseases|29|2018,era5loc_c273764268e2|2018,basf-wheat-diseases,29,2018,era5loc_c273764268e2,UNITED KINGDOM,52.7,0.9,32,,2018-05-11,left,True,False,,3,0,2,
BASF,calibration,basf-wheat-diseases|29|2018,era5loc_c273764268e2|2018,basf-wheat-diseases,29,2018,era5loc_c273764268e2,UNITED KINGDOM,52.7,0.9,33,2018-05-01,2018-05-11,interval,True,True,,3,1,2,10.0
BASF,calibration,basf-wheat-diseases|29|2018,era5loc_c273764268e2|2018,basf-wheat-diseases,29,2018,era5loc_c273764268e2,UNITED KINGDOM,52.7,0.9,37,2018-05-01,2018-05-11,interval,True,True,,3,1,2,10.0
BASF,calibration,basf-wheat-diseases|29|2018,era5loc_c273764268e2|2018,basf-wheat-diseases,29,2018,era5loc_c273764268e2,UNITED KINGDOM,52.7,0.9,39,2018-05-01,2018-05-22,interval,True,True,,3,1,1,21.0
BASF,calibration,basf-wheat-diseases|2|2017,era5loc_98874af9c8d8|2017,basf-wheat-diseases,2,2017,era5loc_98874af9c8d8,GERMANY,54.0,12.6,31,,2017-05-22,left,True,False,,4,0,4,
BASF,calibration,basf-wheat-diseases|2|2017,era5loc_98874af9c8d8|2017,basf-wheat-diseases,2,2017,era5loc_98874af9c8d8,GERMANY,54.0,12.6,32,,2017-05-22,left,True,False,,4,0,4,
BASF,calibration,basf-wheat-diseases|2|2017,era5loc_98874af9c8d8|2017,basf-wheat-diseases,2,2017,era5loc_98874af9c8d8,GERMANY,54.0,12.6,33,,2017-05-22,left,True,False,,4,0,4,
BASF,calibration,basf-wheat-diseases|2|2017,era5loc_98874af9c8d8|2017,basf-wheat-diseases,2,2017,era5loc_98874af9c8d8,GERMANY,54.0,12.6,37,,2017-06-10,left,True,False,,4,0,3,
BASF,calibration,basf-wheat-diseases|2|2017,era5loc_98874af9c8d8|2017,basf-wheat-diseases,2,2017,era5loc_98874af9c8d8,GERMANY,54.0,12.6,39,,2017-06-10,left,True,False,,4,0,3,
BASF,calibration,basf-wheat-diseases|30|2018,era5loc_300f965a2c3d|2018,basf-wheat-diseases,30,2018,era5loc_300f965a2c3d,UNITED KINGDOM,52.2,0.1,31,,2018-06-01,left,True,False,,4,0,4,
BASF,calibration,basf-wheat-diseases|30|2018,era5loc_300f965a2c3d|2018,basf-wheat-diseases,30,2018,era5loc_300f965a2c3d,UNITED KINGDOM,52.2,0.1,32,,2018-06-01,left,True,False,,4,0,4,
BASF,calibration,basf-wheat-diseases|30|2018,era5loc_300f965a2c3d|2018,basf-wheat-diseases,30,2018,era5loc_300f965a2c3d,UNITED KINGDOM,52.2,0.1,33,,2018-06-01,left,True,False,,4,0,4,
BASF,calibration,basf-wheat-diseases|30|2018,era5loc_300f965a2c3d|2018,basf-wheat-diseases,30,2018,era5loc_300f965a2c3d,UNITED KINGDOM,52.2,0.1,37,,2018-06-01,left,True,False,,4,0,4,
BASF,calibration,basf-wheat-diseases|30|2018,era5loc_300f965a2c3d|2018,basf-wheat-diseases,30,2018,era5loc_300f965a2c3d,UNITED KINGDOM,52.2,0.1,39,,2018-06-01,left,True,False,,4,0,4,
BASF,calibration,basf-wheat-diseases|4|2017,era5loc_a3b551fcca14|2017,basf-wheat-diseases,4,2017,era5loc_a3b551fcca14,GERMANY,51.7,12.1,31,,2017-05-15,left,True,False,,3,0,3,
BASF,calibration,basf-wheat-diseases|4|2017,era5loc_a3b551fcca14|2017,basf-wheat-diseases,4,2017,era5loc_a3b551fcca14,GERMANY,51.7,12.1,32,,2017-05-15,left,True,False,,3,0,3,
BASF,calibration,basf-wheat-diseases|4|2017,era5loc_a3b551fcca14|2017,basf-wheat-diseases,4,2017,era5loc_a3b551fcca14,GERMANY,51.7,12.1,33,,2017-05-15,left,True,False,,3,0,3,
BASF,calibration,basf-wheat-diseases|4|2017,era5loc_a3b551fcca14|2017,basf-wheat-diseases,4,2017,era5loc_a3b551fcca14,GERMANY,51.7,12.1,37,,2017-05-15,left,True,False,,3,0,3,
BASF,calibration,basf-wheat-diseases|4|2017,era5loc_a3b551fcca14|2017,basf-wheat-diseases,4,2017,era5loc_a3b551fcca14,GERMANY,51.7,12.1,39,,2017-05-25,left,True,False,,3,0,2,
BASF,calibration,basf-wheat-diseases|5|2017,era5loc_d4b920707d9f|2017,basf-wheat-diseases,5,2017,era5loc_d4b920707d9f,GERMANY,52.4,9.6,31,,2017-04-20,left,True,False,,7,0,7,
BASF,calibration,basf-wheat-diseases|5|2017,era5loc_d4b920707d9f|2017,basf-wheat-diseases,5,2017,era5loc_d4b920707d9f,GERMANY,52.4,9.6,32,,2017-05-03,left,True,False,,7,0,6,
BASF,calibration,basf-wheat-diseases|5|2017,era5loc_d4b920707d9f|2017,basf-wheat-diseases,5,2017,era5loc_d4b920707d9f,GERMANY,52.4,9.6,33,2017-04-20,2017-05-10,interval,True,True,,7,1,5,20.0
BASF,calibration,basf-wheat-diseases|5|2017,era5loc_d4b920707d9f|2017,basf-wheat-diseases,5,2017,era5loc_d4b920707d9f,GERMANY,52.4,9.6,37,2017-05-03,2017-05-19,interval,True,True,,7,2,4,16.0
BASF,calibration,basf-wheat-diseases|5|2017,era5loc_d4b920707d9f|2017,basf-wheat-diseases,5,2017,era5loc_d4b920707d9f,GERMANY,52.4,9.6,39,2017-05-10,2017-05-30,interval,True,True,,7,3,3,20.0
BASF,calibration,basf-wheat-diseases|6|2017,era5loc_374089cedfa0|2017,basf-wheat-diseases,6,2017,era5loc_374089cedfa0,FRANCE,46.9,-1.1,31,,2017-04-20,left,True,False,,4,0,4,
BASF,calibration,basf-wheat-diseases|6|2017,era5loc_374089cedfa0|2017,basf-wheat-diseases,6,2017,era5loc_374089cedfa0,FRANCE,46.9,-1.1,32,,2017-04-20,left,True,False,,4,0,4,
BASF,calibration,basf-wheat-diseases|6|2017,era5loc_374089cedfa0|2017,basf-wheat-diseases,6,2017,era5loc_374089cedfa0,FRANCE,46.9,-1.1,33,,2017-04-20,left,True,False,,4,0,4,
BASF,calibration,basf-wheat-diseases|6|2017,era5loc_374089cedfa0|2017,basf-wheat-diseases,6,2017,era5loc_374089cedfa0,FRANCE,46.9,-1.1,37,,2017-04-20,left,True,False,,4,0,4,
BASF,calibration,basf-wheat-diseases|6|2017,era5loc_374089cedfa0|2017,basf-wheat-diseases,6,2017,era5loc_374089cedfa0,FRANCE,46.9,-1.1,39,,2017-05-03,left,True,False,,4,0,3,
BASF,calibration,basf-wheat-diseases|76|2017,era5loc_6687f40ce729|2017,basf-wheat-diseases,76,2017,era5loc_6687f40ce729,UNITED KINGDOM,51.7,-1.9,31,,2017-06-01,left,True,False,,2,0,2,
BASF,calibration,basf-wheat-diseases|76|2017,era5loc_6687f40ce729|2017,basf-wheat-diseases,76,2017,era5loc_6687f40ce729,UNITED KINGDOM,51.7,-1.9,32,,2017-06-01,left,True,False,,2,0,2,
BASF,calibration,basf-wheat-diseases|76|2017,era5loc_6687f40ce729|2017,basf-wheat-diseases,76,2017,era5loc_6687f40ce729,UNITED KINGDOM,51.7,-1.9,33,,2017-06-01,left,True,False,,2,0,2,
BASF,calibration,basf-wheat-diseases|76|2017,era5loc_6687f40ce729|2017,basf-wheat-diseases,76,2017,era5loc_6687f40ce729,UNITED KINGDOM,51.7,-1.9,37,,2017-06-01,left,True,False,,2,0,2,
BASF,calibration,basf-wheat-diseases|76|2017,era5loc_6687f40ce729|2017,basf-wheat-diseases,76,2017,era5loc_6687f40ce729,UNITED KINGDOM,51.7,-1.9,39,,2017-06-01,left,True,False,,2,0,2,
BASF,calibration,basf-wheat-diseases|7|2017,era5loc_fc0f9359f228|2017,basf-wheat-diseases,7,2017,era5loc_fc0f9359f228,FRANCE,47.9,1.6,31,,2017-05-15,left,True,False,,3,0,3,
BASF,calibration,basf-wheat-diseases|7|2017,era5loc_fc0f9359f228|2017,basf-wheat-diseases,7,2017,era5loc_fc0f9359f228,FRANCE,47.9,1.6,32,,2017-05-15,left,True,False,,3,0,3,
BASF,calibration,basf-wheat-diseases|7|2017,era5loc_fc0f9359f228|2017,basf-wheat-diseases,7,2017,era5loc_fc0f9359f228,FRANCE,47.9,1.6,33,,2017-05-15,left,True,False,,3,0,3,
BASF,calibration,basf-wheat-diseases|7|2017,era5loc_fc0f9359f228|2017,basf-wheat-diseases,7,2017,era5loc_fc0f9359f228,FRANCE,47.9,1.6,37,,2017-05-15,left,True,False,,3,0,3,
BASF,calibration,basf-wheat-diseases|7|2017,era5loc_fc0f9359f228|2017,basf-wheat-diseases,7,2017,era5loc_fc0f9359f228,FRANCE,47.9,1.6,39,,2017-05-15,left,True,False,,3,0,3,
BASF,calibration,basf-wheat-diseases|8|2017,era5loc_d6117aa4523b|2017,basf-wheat-diseases,8,2017,era5loc_d6117aa4523b,FRANCE,48.0,1.8,31,,2017-05-24,left,True,False,,4,0,4,
BASF,calibration,basf-wheat-diseases|8|2017,era5loc_d6117aa4523b|2017,basf-wheat-diseases,8,2017,era5loc_d6117aa4523b,FRANCE,48.0,1.8,32,,2017-05-24,left,True,False,,4,0,4,
BASF,calibration,basf-wheat-diseases|8|2017,era5loc_d6117aa4523b|2017,basf-wheat-diseases,8,2017,era5loc_d6117aa4523b,FRANCE,48.0,1.8,33,,2017-05-24,left,True,False,,4,0,4,
BASF,calibration,basf-wheat-diseases|8|2017,era5loc_d6117aa4523b|2017,basf-wheat-diseases,8,2017,era5loc_d6117aa4523b,FRANCE,48.0,1.8,37,,2017-05-24,left,True,False,,4,0,4,
BASF,calibration,basf-wheat-diseases|8|2017,era5loc_d6117aa4523b|2017,basf-wheat-diseases,8,2017,era5loc_d6117aa4523b,FRANCE,48.0,1.8,39,,2017-05-24,left,True,False,,4,0,4,
BASF,calibration,basf-wheat-diseases|9|2017,era5loc_23eef231ea98|2017,basf-wheat-diseases,9,2017,era5loc_23eef231ea98,FRANCE,49.8,2.9,31,,2017-05-23,left,True,False,,4,0,4,
BASF,calibration,basf-wheat-diseases|9|2017,era5loc_23eef231ea98|2017,basf-wheat-diseases,9,2017,era5loc_23eef231ea98,FRANCE,49.8,2.9,32,,2017-05-23,left,True,False,,4,0,4,
BASF,calibration,basf-wheat-diseases|9|2017,era5loc_23eef231ea98|2017,basf-wheat-diseases,9,2017,era5loc_23eef231ea98,FRANCE,49.8,2.9,33,,2017-05-23,left,True,False,,4,0,4,
BASF,calibration,basf-wheat-diseases|9|2017,era5loc_23eef231ea98|2017,basf-wheat-diseases,9,2017,era5loc_23eef231ea98,FRANCE,49.8,2.9,37,,2017-05-23,left,True,False,,4,0,4,
BASF,calibration,basf-wheat-diseases|9|2017,era5loc_23eef231ea98|2017,basf-wheat-diseases,9,2017,era5loc_23eef231ea98,FRANCE,49.8,2.9,39,,2017-05-23,left,True,False,,4,0,4,
