partition,event,scope,n_field_events,mean_distance_days,mean_signed_distance_days,compatible_fraction,missing_predictions,prediction_bound_distances,median_bracket_width_days,evaluation_role
calibration,31,all_constraints,27,0.0,0.0,1.0,0,0,,calibration
calibration,32,all_constraints,27,0.0,0.0,1.0,0,0,11.0,calibration
calibration,32,genuine_two_sided,1,0.0,0.0,1.0,0,0,11.0,calibration
calibration,33,all_constraints,27,0.0,0.0,1.0,0,0,20.0,calibration
calibration,33,genuine_two_sided,5,0.0,0.0,1.0,0,0,20.0,calibration
calibration,37,all_constraints,27,0.037037037037037035,-0.037037037037037035,0.9629629629629629,0,0,18.0,calibration
calibration,37,genuine_two_sided,6,0.16666666666666666,-0.16666666666666666,0.8333333333333334,0,0,18.0,calibration
calibration,39,all_constraints,27,0.4444444444444444,-0.4444444444444444,0.9259259259259259,0,0,20.0,calibration
calibration,39,genuine_two_sided,9,1.3333333333333333,-1.3333333333333333,0.7777777777777778,0,0,20.0,calibration
reused_development_2019,31,all_constraints,45,0.0,0.0,1.0,0,0,,retrospective_reused_validation
reused_development_2019,32,all_constraints,45,0.0,0.0,1.0,0,0,,retrospective_reused_validation
reused_development_2019,33,all_constraints,45,0.15555555555555556,-0.15555555555555556,0.9777777777777777,0,0,15.5,retrospective_reused_validation
reused_development_2019,33,genuine_two_sided,2,3.5,-3.5,0.5,0,0,15.5,retrospective_reused_validation
reused_development_2019,37,all_constraints,45,0.28888888888888886,-0.28888888888888886,0.9333333333333333,0,0,14.0,retrospective_reused_validation
reused_development_2019,37,genuine_two_sided,3,3.6666666666666665,-3.6666666666666665,0.3333333333333333,0,0,14.0,retrospective_reused_validation
reused_development_2019,39,all_constraints,45,0.3333333333333333,0.2,0.9111111111111111,0,0,13.5,retrospective_reused_validation
reused_development_2019,39,genuine_two_sided,4,0.5,-0.5,0.75,0,0,13.5,retrospective_reused_validation
reused_external_strict,31,all_constraints,116,0.25,-0.07758620689655173,0.9655172413793104,0,0,32.0,retrospective_reused_validation
reused_external_strict,31,genuine_two_sided,3,6.333333333333333,-6.333333333333333,0.3333333333333333,0,0,32.0,retrospective_reused_validation
reused_external_strict,32,all_constraints,116,0.3275862068965517,0.22413793103448276,0.9482758620689655,0,0,24.5,retrospective_reused_validation
reused_external_strict,32,genuine_two_sided,8,0.75,-0.75,0.75,0,0,24.5,retrospective_reused_validation
reused_external_strict,33,all_constraints,116,0.20689655172413793,0.017241379310344827,0.9655172413793104,0,0,26.0,retrospective_reused_validation
reused_external_strict,33,genuine_two_sided,12,0.9166666666666666,-0.9166666666666666,0.8333333333333334,0,0,26.0,retrospective_reused_validation
reused_external_strict,37,all_constraints,116,0.4224137931034483,-0.35344827586206895,0.9224137931034483,0,0,22.0,retrospective_reused_validation
reused_external_strict,37,genuine_two_sided,19,2.3684210526315788,-2.3684210526315788,0.631578947368421,0,0,22.0,retrospective_reused_validation
reused_external_strict,39,all_constraints,116,0.31896551724137934,-0.23275862068965517,0.9310344827586207,0,0,17.5,retrospective_reused_validation
reused_external_strict,39,genuine_two_sided,30,1.1333333333333333,-1.0,0.8,0,0,17.5,retrospective_reused_validation
