model,metric,component,mean,spatial_mcse,common_four_corner_area_time_coverage,common_draw_year_pairs,draws_complete_all30
ACCESS-CM2,F1_infection_relative_anthesis_days,total_change,-8.930845250032277,2.597148649142941,0.9983660039192106,1912,59
ACCESS-CM2,F1_infection_relative_anthesis_days,weather_alone,-2.5056159103334417,0.28002069198074175,0.9983660039192106,1912,59
ACCESS-CM2,F1_infection_relative_anthesis_days,host_alone,11.79283934615488,0.5590278092862361,0.9983660039192106,1912,59
ACCESS-CM2,F1_infection_relative_anthesis_days,interaction,-18.21806868585372,2.7236113472928967,0.9983660039192106,1912,59
ACCESS-CM2,F1_infection_relative_anthesis_days,weather_shapley,-11.6146502532603,1.3581897112435346,0.9983660039192106,1912,59
ACCESS-CM2,F1_infection_relative_anthesis_days,host_shapley,2.683805003228022,1.3195899215297289,0.9983660039192106,1912,59
ACCESS-CM2,F1_symptom_relative_anthesis_days,total_change,-6.017546444580485,0.7451255812977692,0.9489761077987241,1849,40
ACCESS-CM2,F1_symptom_relative_anthesis_days,weather_alone,-9.310883332143348,0.2869663859073914,0.9489761077987241,1849,40
ACCESS-CM2,F1_symptom_relative_anthesis_days,host_alone,18.84085212315397,0.9979158887607584,0.9489761077987241,1849,40
ACCESS-CM2,F1_symptom_relative_anthesis_days,interaction,-15.547515235591105,1.5059002439196052,0.9489761077987241,1849,40
ACCESS-CM2,F1_symptom_relative_anthesis_days,weather_shapley,-17.084640949938898,0.8447326426322805,0.9489761077987241,1849,40
ACCESS-CM2,F1_symptom_relative_anthesis_days,host_shapley,11.067094505358414,0.45306235046827964,0.9489761077987241,1849,40
ACCESS-CM2,F2_infection_relative_anthesis_days,total_change,-12.53306288304917,3.106794275826175,0.9990699754873149,1915,60
ACCESS-CM2,F2_infection_relative_anthesis_days,weather_alone,-3.8725866656238863,0.3173161128426222,0.9990699754873149,1915,60
ACCESS-CM2,F2_infection_relative_anthesis_days,host_alone,11.163283197353076,1.0928377569892926,0.9990699754873149,1915,60
ACCESS-CM2,F2_infection_relative_anthesis_days,interaction,-19.823759414778365,2.569180209574227,0.9990699754873149,1915,60
ACCESS-CM2,F2_infection_relative_anthesis_days,weather_shapley,-13.78446637301307,1.2046544050495185,0.9990699754873149,1915,60
ACCESS-CM2,F2_infection_relative_anthesis_days,host_shapley,1.2514034899638944,2.027410594947744,0.9990699754873149,1915,60
ACCESS-CM2,F2_symptom_relative_anthesis_days,total_change,-8.931561254833952,1.247463969382358,0.9707890390799314,1883,46
ACCESS-CM2,F2_symptom_relative_anthesis_days,weather_alone,-12.211244056752447,0.27429722828970793,0.9707890390799314,1883,46
ACCESS-CM2,F2_symptom_relative_anthesis_days,host_alone,21.003641763730922,1.0082308801063542,0.9707890390799314,1883,46
ACCESS-CM2,F2_symptom_relative_anthesis_days,interaction,-17.723958961812425,2.030005445002191,0.9707890390799314,1883,46
ACCESS-CM2,F2_symptom_relative_anthesis_days,weather_shapley,-21.07322353765866,1.0601809298856328,0.9707890390799314,1883,46
ACCESS-CM2,F2_symptom_relative_anthesis_days,host_shapley,12.14166228282471,0.5204265884849699,0.9707890390799314,1883,46
ACCESS-CM2,F3_infection_relative_anthesis_days,total_change,-17.169239869260995,3.4793243265141776,0.9999470336213132,1918,63
ACCESS-CM2,F3_infection_relative_anthesis_days,weather_alone,-7.489531183852587,1.3215394266456393,0.9999470336213132,1918,63
ACCESS-CM2,F3_infection_relative_anthesis_days,host_alone,9.559462189757062,2.6573227284181264,0.9999470336213132,1918,63
ACCESS-CM2,F3_infection_relative_anthesis_days,interaction,-19.239170875165467,2.929217721824344,0.9999470336213132,1918,63
ACCESS-CM2,F3_infection_relative_anthesis_days,weather_shapley,-17.10911662143532,1.1033071676850315,0.9999470336213132,1918,63
ACCESS-CM2,F3_infection_relative_anthesis_days,host_shapley,-0.060123247825672105,2.7341761449644175,0.9999470336213132,1918,63
ACCESS-CM2,F3_symptom_relative_anthesis_days,total_change,-14.036946655048483,2.4536801944037037,0.9925167863160118,1908,55
ACCESS-CM2,F3_symptom_relative_anthesis_days,weather_alone,-17.242337394731887,1.10659538077355,0.9925167863160118,1908,55
ACCESS-CM2,F3_symptom_relative_anthesis_days,host_alone,23.807212756244233,1.095649307939934,0.9925167863160118,1908,55
ACCESS-CM2,F3_symptom_relative_anthesis_days,interaction,-20.601822016560824,2.6694388245803893,0.9925167863160118,1908,55
ACCESS-CM2,F3_symptom_relative_anthesis_days,weather_shapley,-27.543248403012303,2.121313674388206,0.9925167863160118,1908,55
ACCESS-CM2,F3_symptom_relative_anthesis_days,host_shapley,13.506301747963818,0.8349980942798113,0.9925167863160118,1908,55
ACCESS-CM2,GS65_85_lost_had3,total_change,4.392311539268504,0.3499180828415924,0.9999470336213132,1918,63
ACCESS-CM2,GS65_85_lost_had3,weather_alone,13.543810920293431,0.6674800556276386,0.9999470336213132,1918,63
ACCESS-CM2,GS65_85_lost_had3,host_alone,-6.324992906070775,0.5293100294893937,0.9999470336213132,1918,63
ACCESS-CM2,GS65_85_lost_had3,interaction,-2.826506474954154,0.5688948192661122,0.9999470336213132,1918,63
ACCESS-CM2,GS65_85_lost_had3,weather_shapley,12.130557682816354,0.6392592460861899,0.9999470336213132,1918,63
ACCESS-CM2,GS65_85_lost_had3,host_shapley,-7.738246143547852,0.45055109618237,0.9999470336213132,1918,63
ACCESS-CM2,GS31_85_lost_had3,total_change,5.477937293961249,0.4584526633149364,0.9999470336213132,1918,63
ACCESS-CM2,GS31_85_lost_had3,weather_alone,19.14703760501229,1.0678222698556037,0.9999470336213132,1918,63
ACCESS-CM2,GS31_85_lost_had3,host_alone,-6.667390584401988,0.5630178882003353,0.9999470336213132,1918,63
ACCESS-CM2,GS31_85_lost_had3,interaction,-7.001709726649052,0.6596403097060491,0.9999470336213132,1918,63
ACCESS-CM2,GS31_85_lost_had3,weather_shapley,15.646182741687765,0.9093308321778963,0.9999470336213132,1918,63
ACCESS-CM2,GS31_85_lost_had3,host_shapley,-10.168245447726514,0.6496695345023188,0.9999470336213132,1918,63
ACCESS-CM2,GS65_85_functional_lost_fraction,total_change,0.12925714217125883,0.010284026535096247,0.9999470336213132,1918,63
ACCESS-CM2,GS65_85_functional_lost_fraction,weather_alone,0.3926306238797085,0.01855025763325983,0.9999470336213132,1918,63
ACCESS-CM2,GS65_85_functional_lost_fraction,host_alone,-0.18061131309219772,0.01405301116227706,0.9999470336213132,1918,63
ACCESS-CM2,GS65_85_functional_lost_fraction,interaction,-0.08276216861625198,0.01696998281056543,0.9999470336213132,1918,63
ACCESS-CM2,GS65_85_functional_lost_fraction,weather_shapley,0.3512495395715825,0.016726705609591976,0.9999470336213132,1918,63
ACCESS-CM2,GS65_85_functional_lost_fraction,host_shapley,-0.2219923974003237,0.012724504217624989,0.9999470336213132,1918,63
ACCESS-CM2,GS65_85_reference_had3,total_change,1.0538345383344452,0.7071214249194974,0.9999470336213132,1918,63
ACCESS-CM2,GS65_85_reference_had3,weather_alone,0.0,0.0,0.9999470336213132,1918,63
ACCESS-CM2,GS65_85_reference_had3,host_alone,1.0538345383344452,0.7071214249194974,0.9999470336213132,1918,63
ACCESS-CM2,GS65_85_reference_had3,interaction,-6.983012372204086e-18,6.983012382000324e-18,0.9999470336213132,1918,63
ACCESS-CM2,GS65_85_reference_had3,weather_shapley,0.0,0.0,0.9999470336213132,1918,63
ACCESS-CM2,GS65_85_reference_had3,host_shapley,1.0538345383344452,0.7071214249194974,0.9999470336213132,1918,63
ACCESS-CM2,grain_fill_days,total_change,1.0538345383344456,0.7071214249194977,0.9999470336213132,1918,63
ACCESS-CM2,grain_fill_days,weather_alone,0.0,0.0,0.9999470336213132,1918,63
ACCESS-CM2,grain_fill_days,host_alone,1.0538345383344456,0.7071214249194977,0.9999470336213132,1918,63
ACCESS-CM2,grain_fill_days,interaction,0.0,0.0,0.9999470336213132,1918,63
ACCESS-CM2,grain_fill_days,weather_shapley,0.0,0.0,0.9999470336213132,1918,63
ACCESS-CM2,grain_fill_days,host_shapley,1.0538345383344456,0.7071214249194977,0.9999470336213132,1918,63
MPI-ESM1-2-HR,F1_infection_relative_anthesis_days,total_change,-4.367554922157081,1.2724697623894168,0.9900841665685982,1898,56
MPI-ESM1-2-HR,F1_infection_relative_anthesis_days,weather_alone,-3.472180708557349,0.3125642234559739,0.9900841665685982,1898,56
MPI-ESM1-2-HR,F1_infection_relative_anthesis_days,host_alone,8.116857576160331,0.33341172609654374,0.9900841665685982,1898,56
MPI-ESM1-2-HR,F1_infection_relative_anthesis_days,interaction,-9.012231789760062,0.996522240570389,0.9900841665685982,1898,56
MPI-ESM1-2-HR,F1_infection_relative_anthesis_days,weather_shapley,-7.97829660343738,0.7352427631543771,0.9900841665685982,1898,56
MPI-ESM1-2-HR,F1_infection_relative_anthesis_days,host_shapley,3.6107416812803,0.6182071375769753,0.9900841665685982,1898,56
MPI-ESM1-2-HR,F1_symptom_relative_anthesis_days,total_change,-2.917512284926242,0.47539049313081616,0.9767433098483485,1875,47
MPI-ESM1-2-HR,F1_symptom_relative_anthesis_days,weather_alone,-8.328453979092881,0.3208283998967847,0.9767433098483485,1875,47
MPI-ESM1-2-HR,F1_symptom_relative_anthesis_days,host_alone,12.767339232273493,0.39143673641095567,0.9767433098483485,1875,47
MPI-ESM1-2-HR,F1_symptom_relative_anthesis_days,interaction,-7.356397538106855,0.41656855449074587,0.9767433098483485,1875,47
MPI-ESM1-2-HR,F1_symptom_relative_anthesis_days,weather_shapley,-12.006652748146307,0.4586780040999128,0.9767433098483485,1875,47
MPI-ESM1-2-HR,F1_symptom_relative_anthesis_days,host_shapley,9.089140463220065,0.3125432075396199,0.9767433098483485,1875,47
MPI-ESM1-2-HR,F2_infection_relative_anthesis_days,total_change,-7.197819934117117,2.25589590497252,0.9977013876604988,1912,60
MPI-ESM1-2-HR,F2_infection_relative_anthesis_days,weather_alone,-4.645129818920545,0.23234931080531113,0.9977013876604988,1912,60
MPI-ESM1-2-HR,F2_infection_relative_anthesis_days,host_alone,7.981658208994341,0.700840689769598,0.9977013876604988,1912,60
MPI-ESM1-2-HR,F2_infection_relative_anthesis_days,interaction,-10.53434832419091,1.588406395771846,0.9977013876604988,1912,60
MPI-ESM1-2-HR,F2_infection_relative_anthesis_days,weather_shapley,-9.912303981016,0.8761486584226276,0.9977013876604988,1912,60
MPI-ESM1-2-HR,F2_infection_relative_anthesis_days,host_shapley,2.714484046898885,1.4177141110042961,0.9977013876604988,1912,60
MPI-ESM1-2-HR,F2_symptom_relative_anthesis_days,total_change,-4.288461467714033,0.757066486693981,0.9919457571269799,1904,55
MPI-ESM1-2-HR,F2_symptom_relative_anthesis_days,weather_alone,-10.027389415283572,0.31559612059304337,0.9919457571269799,1904,55
MPI-ESM1-2-HR,F2_symptom_relative_anthesis_days,host_alone,13.836181631373556,0.5543590352180943,0.9919457571269799,1904,55
MPI-ESM1-2-HR,F2_symptom_relative_anthesis_days,interaction,-8.097253683804015,0.7894122494922734,0.9919457571269799,1904,55
MPI-ESM1-2-HR,F2_symptom_relative_anthesis_days,weather_shapley,-14.07601625718558,0.6211955241979197,0.9919457571269799,1904,55
MPI-ESM1-2-HR,F2_symptom_relative_anthesis_days,host_shapley,9.787554789471548,0.39724170160065464,0.9919457571269799,1904,55
MPI-ESM1-2-HR,F3_infection_relative_anthesis_days,total_change,-15.479931043504587,3.19377928295222,0.9979937403718315,1913,60
MPI-ESM1-2-HR,F3_infection_relative_anthesis_days,weather_alone,-7.823208628266195,0.8474646051259384,0.9979937403718315,1913,60
MPI-ESM1-2-HR,F3_infection_relative_anthesis_days,host_alone,4.999333448891074,2.4701205109030133,0.9979937403718315,1913,60
MPI-ESM1-2-HR,F3_infection_relative_anthesis_days,interaction,-12.656055864129463,1.471744354232638,0.9979937403718315,1913,60
MPI-ESM1-2-HR,F3_infection_relative_anthesis_days,weather_shapley,-14.151236560330926,0.9043565516656719,0.9979937403718315,1913,60
MPI-ESM1-2-HR,F3_infection_relative_anthesis_days,host_shapley,-1.328694483173657,2.3968301229037494,0.9979937403718315,1913,60
MPI-ESM1-2-HR,F3_symptom_relative_anthesis_days,total_change,-8.625480822660753,1.31884200599307,0.997409034949166,1911,60
MPI-ESM1-2-HR,F3_symptom_relative_anthesis_days,weather_alone,-13.334820262271215,0.6400823318173391,0.997409034949166,1911,60
MPI-ESM1-2-HR,F3_symptom_relative_anthesis_days,host_alone,14.880248247623008,0.5359223784011329,0.997409034949166,1911,60
MPI-ESM1-2-HR,F3_symptom_relative_anthesis_days,interaction,-10.17090880801255,1.004029323883627,0.997409034949166,1911,60
MPI-ESM1-2-HR,F3_symptom_relative_anthesis_days,weather_shapley,-18.420274666277486,1.1241479612903076,0.997409034949166,1911,60
MPI-ESM1-2-HR,F3_symptom_relative_anthesis_days,host_shapley,9.794793843616732,0.405395171277296,0.997409034949166,1911,60
MPI-ESM1-2-HR,GS65_85_lost_had3,total_change,2.1743028954427803,0.39275175321862593,0.9999999999999976,1920,64
MPI-ESM1-2-HR,GS65_85_lost_had3,weather_alone,9.740428917264348,0.7920672887182446,0.9999999999999976,1920,64
MPI-ESM1-2-HR,GS65_85_lost_had3,host_alone,-4.477852654270686,0.3585403029007894,0.9999999999999976,1920,64
MPI-ESM1-2-HR,GS65_85_lost_had3,interaction,-3.088273367550881,0.26587860213779124,0.9999999999999976,1920,64
MPI-ESM1-2-HR,GS65_85_lost_had3,weather_shapley,8.196292233488906,0.7299366466655959,0.9999999999999976,1920,64
MPI-ESM1-2-HR,GS65_85_lost_had3,host_shapley,-6.021989338046128,0.395527671963579,0.9999999999999976,1920,64
MPI-ESM1-2-HR,GS31_85_lost_had3,total_change,2.587015742545258,0.453624489682381,0.9999999999999976,1920,64
MPI-ESM1-2-HR,GS31_85_lost_had3,weather_alone,12.094821272588709,1.086477469102118,0.9999999999999976,1920,64
MPI-ESM1-2-HR,GS31_85_lost_had3,host_alone,-4.698963907368894,0.3781693561760301,0.9999999999999976,1920,64
MPI-ESM1-2-HR,GS31_85_lost_had3,interaction,-4.808841622674556,0.40782150297117176,0.9999999999999976,1920,64
MPI-ESM1-2-HR,GS31_85_lost_had3,weather_shapley,9.690400461251429,0.9144222158607971,0.9999999999999976,1920,64
MPI-ESM1-2-HR,GS31_85_lost_had3,host_shapley,-7.103384718706171,0.5245577389181654,0.9999999999999976,1920,64
MPI-ESM1-2-HR,GS65_85_functional_lost_fraction,total_change,0.06485184537095111,0.011165270582130694,0.9999999999999976,1920,64
MPI-ESM1-2-HR,GS65_85_functional_lost_fraction,weather_alone,0.2800320558805221,0.02147417855094863,0.9999999999999976,1920,64
MPI-ESM1-2-HR,GS65_85_functional_lost_fraction,host_alone,-0.12720723829921637,0.00972655398132128,0.9999999999999976,1920,64
MPI-ESM1-2-HR,GS65_85_functional_lost_fraction,interaction,-0.0879729722103546,0.007701613563618499,0.9999999999999976,1920,64
MPI-ESM1-2-HR,GS65_85_functional_lost_fraction,weather_shapley,0.23604556977534483,0.019716224548068935,0.9999999999999976,1920,64
MPI-ESM1-2-HR,GS65_85_functional_lost_fraction,host_shapley,-0.1711937244043937,0.01080220848965639,0.9999999999999976,1920,64
MPI-ESM1-2-HR,GS65_85_reference_had3,total_change,-0.1302968933520849,0.19653431369752186,0.9999999999999976,1920,64
MPI-ESM1-2-HR,GS65_85_reference_had3,weather_alone,0.0,0.0,0.9999999999999976,1920,64
MPI-ESM1-2-HR,GS65_85_reference_had3,host_alone,-0.1302968933520849,0.19653431369752186,0.9999999999999976,1920,64
MPI-ESM1-2-HR,GS65_85_reference_had3,interaction,0.0,0.0,0.9999999999999976,1920,64
MPI-ESM1-2-HR,GS65_85_reference_had3,weather_shapley,0.0,0.0,0.9999999999999976,1920,64
MPI-ESM1-2-HR,GS65_85_reference_had3,host_shapley,-0.1302968933520849,0.19653431369752186,0.9999999999999976,1920,64
MPI-ESM1-2-HR,grain_fill_days,total_change,-0.13029689335208453,0.19653431369752208,0.9999999999999976,1920,64
MPI-ESM1-2-HR,grain_fill_days,weather_alone,0.0,0.0,0.9999999999999976,1920,64
MPI-ESM1-2-HR,grain_fill_days,host_alone,-0.13029689335208453,0.19653431369752208,0.9999999999999976,1920,64
MPI-ESM1-2-HR,grain_fill_days,interaction,0.0,0.0,0.9999999999999976,1920,64
MPI-ESM1-2-HR,grain_fill_days,weather_shapley,0.0,0.0,0.9999999999999976,1920,64
MPI-ESM1-2-HR,grain_fill_days,host_shapley,-0.13029689335208453,0.19653431369752208,0.9999999999999976,1920,64
MRI-ESM2-0,F1_infection_relative_anthesis_days,total_change,-1.1615629381950712,0.5856887842731657,0.9938256435140047,1901,54
MRI-ESM2-0,F1_infection_relative_anthesis_days,weather_alone,-2.054573022486301,0.1468952565195186,0.9938256435140047,1901,54
MRI-ESM2-0,F1_infection_relative_anthesis_days,host_alone,4.753262961918486,0.3715218564273171,0.9938256435140047,1901,54
MRI-ESM2-0,F1_infection_relative_anthesis_days,interaction,-3.860252877627256,0.4831581276808401,0.9938256435140047,1901,54
MRI-ESM2-0,F1_infection_relative_anthesis_days,weather_shapley,-3.984699461299929,0.19989414344803327,0.9938256435140047,1901,54
MRI-ESM2-0,F1_infection_relative_anthesis_days,host_shapley,2.8231365231048575,0.4647869120380348,0.9938256435140047,1901,54
MRI-ESM2-0,F1_symptom_relative_anthesis_days,total_change,-1.8463564660842524,0.2548141109981396,0.9902103852959795,1894,54
MRI-ESM2-0,F1_symptom_relative_anthesis_days,weather_alone,-6.136309732894266,0.26257331156191227,0.9902103852959795,1894,54
MRI-ESM2-0,F1_symptom_relative_anthesis_days,host_alone,7.918517852657929,0.339368616019606,0.9902103852959795,1894,54
MRI-ESM2-0,F1_symptom_relative_anthesis_days,interaction,-3.628564585847915,0.31835046768703423,0.9902103852959795,1894,54
MRI-ESM2-0,F1_symptom_relative_anthesis_days,weather_shapley,-7.950592025818224,0.24974707285325787,0.9902103852959795,1894,54
MRI-ESM2-0,F1_symptom_relative_anthesis_days,host_shapley,6.104235559733972,0.22756493982710982,0.9902103852959795,1894,54
MRI-ESM2-0,F2_infection_relative_anthesis_days,total_change,-3.855824310462976,1.6362789305549252,0.9965403703411875,1907,54
MRI-ESM2-0,F2_infection_relative_anthesis_days,weather_alone,-3.037140641311334,0.1797099274069415,0.9965403703411875,1907,54
MRI-ESM2-0,F2_infection_relative_anthesis_days,host_alone,4.431798666290911,1.0144291133065608,0.9965403703411875,1907,54
MRI-ESM2-0,F2_infection_relative_anthesis_days,interaction,-5.250482335442553,0.8363167220105809,0.9965403703411875,1907,54
MRI-ESM2-0,F2_infection_relative_anthesis_days,weather_shapley,-5.662381809032611,0.41921227173089065,0.9965403703411875,1907,54
MRI-ESM2-0,F2_infection_relative_anthesis_days,host_shapley,1.8065574985696342,1.287484023015206,0.9965403703411875,1907,54
MRI-ESM2-0,F2_symptom_relative_anthesis_days,total_change,-2.479804264693868,0.3292252427853507,0.9945587140681125,1904,54
MRI-ESM2-0,F2_symptom_relative_anthesis_days,weather_alone,-7.236961115262547,0.22991680053182706,0.9945587140681125,1904,54
MRI-ESM2-0,F2_symptom_relative_anthesis_days,host_alone,8.751543863581794,0.2889095514343149,0.9945587140681125,1904,54
MRI-ESM2-0,F2_symptom_relative_anthesis_days,interaction,-3.9943870130131134,0.4060856343270021,0.9945587140681125,1904,54
MRI-ESM2-0,F2_symptom_relative_anthesis_days,weather_shapley,-9.234154621769102,0.33201794694942,0.9945587140681125,1904,54
MRI-ESM2-0,F2_symptom_relative_anthesis_days,host_shapley,6.754350357075236,0.18774215858577387,0.9945587140681125,1904,54
MRI-ESM2-0,F3_infection_relative_anthesis_days,total_change,-10.987023098021464,3.7057577118398206,0.9980299847062473,1911,58
MRI-ESM2-0,F3_infection_relative_anthesis_days,weather_alone,-4.558397348159433,0.3670439366433744,0.9980299847062473,1911,58
MRI-ESM2-0,F3_infection_relative_anthesis_days,host_alone,0.7610169956088098,3.862133470005247,0.9980299847062473,1911,58
MRI-ESM2-0,F3_infection_relative_anthesis_days,interaction,-7.189642745470842,1.3568259008100396,0.9980299847062473,1911,58
MRI-ESM2-0,F3_infection_relative_anthesis_days,weather_shapley,-8.153218720894852,0.7458871779071139,0.9980299847062473,1911,58
MRI-ESM2-0,F3_infection_relative_anthesis_days,host_shapley,-2.833804377126611,3.582454168555999,0.9980299847062473,1911,58
MRI-ESM2-0,F3_symptom_relative_anthesis_days,total_change,-5.202800530331134,0.8537457139734966,0.9974174284751858,1910,57
MRI-ESM2-0,F3_symptom_relative_anthesis_days,weather_alone,-9.287534058727823,0.3074814988705178,0.9974174284751858,1910,57
MRI-ESM2-0,F3_symptom_relative_anthesis_days,host_alone,9.404601968615866,0.26744496799140477,0.9974174284751858,1910,57
MRI-ESM2-0,F3_symptom_relative_anthesis_days,interaction,-5.319868440219176,0.7279334383615389,0.9974174284751858,1910,57
MRI-ESM2-0,F3_symptom_relative_anthesis_days,weather_shapley,-11.947468278837412,0.592831907749787,0.9974174284751858,1910,57
MRI-ESM2-0,F3_symptom_relative_anthesis_days,host_shapley,6.744667748506277,0.36680956476212406,0.9974174284751858,1910,57
MRI-ESM2-0,GS65_85_lost_had3,total_change,1.2833062227631324,0.34715607745397176,0.9997192882679895,1913,60
MRI-ESM2-0,GS65_85_lost_had3,weather_alone,7.706168823910975,0.6070942512035741,0.9997192882679895,1913,60
MRI-ESM2-0,GS65_85_lost_had3,host_alone,-4.053131637888703,0.3147298283386752,0.9997192882679895,1913,60
MRI-ESM2-0,GS65_85_lost_had3,interaction,-2.36973096325914,0.23176605794513055,0.9997192882679895,1913,60
MRI-ESM2-0,GS65_85_lost_had3,weather_shapley,6.521303342281405,0.5820450986528954,0.9997192882679895,1913,60
MRI-ESM2-0,GS65_85_lost_had3,host_shapley,-5.237997119518273,0.3173137089108961,0.9997192882679895,1913,60
MRI-ESM2-0,GS31_85_lost_had3,total_change,1.5041616987303164,0.3923057802323991,0.9997192882679895,1913,60
MRI-ESM2-0,GS31_85_lost_had3,weather_alone,9.258520217050771,0.794516205971534,0.9997192882679895,1913,60
MRI-ESM2-0,GS31_85_lost_had3,host_alone,-4.257868452797014,0.335861104288772,0.9997192882679895,1913,60
MRI-ESM2-0,GS31_85_lost_had3,interaction,-3.496490065523439,0.26804320438680596,0.9997192882679895,1913,60
MRI-ESM2-0,GS31_85_lost_had3,weather_shapley,7.510275184289051,0.7075986905632193,0.9997192882679895,1913,60
MRI-ESM2-0,GS31_85_lost_had3,host_shapley,-6.006113485558734,0.4010865141052915,0.9997192882679895,1913,60
MRI-ESM2-0,GS65_85_functional_lost_fraction,total_change,0.04233274461124696,0.010340073617881468,0.9997192882679895,1913,60
MRI-ESM2-0,GS65_85_functional_lost_fraction,weather_alone,0.22507133799130405,0.016649037332418935,0.9997192882679895,1913,60
MRI-ESM2-0,GS65_85_functional_lost_fraction,host_alone,-0.11605770193882306,0.008582880691110104,0.9997192882679895,1913,60
MRI-ESM2-0,GS65_85_functional_lost_fraction,interaction,-0.06668089144123403,0.006468446380846336,0.9997192882679895,1913,60
MRI-ESM2-0,GS65_85_functional_lost_fraction,weather_shapley,0.19173089227068704,0.016217517947782,0.9997192882679895,1913,60
MRI-ESM2-0,GS65_85_functional_lost_fraction,host_shapley,-0.14939814765944007,0.008471678840365563,0.9997192882679895,1913,60
MRI-ESM2-0,GS65_85_reference_had3,total_change,-0.5487848642067537,0.16024232011542056,0.9997192882679895,1913,60
MRI-ESM2-0,GS65_85_reference_had3,weather_alone,0.0,0.0,0.9997192882679895,1913,60
MRI-ESM2-0,GS65_85_reference_had3,host_alone,-0.5487848642067537,0.16024232011542056,0.9997192882679895,1913,60
MRI-ESM2-0,GS65_85_reference_had3,interaction,0.0,0.0,0.9997192882679895,1913,60
MRI-ESM2-0,GS65_85_reference_had3,weather_shapley,0.0,0.0,0.9997192882679895,1913,60
MRI-ESM2-0,GS65_85_reference_had3,host_shapley,-0.5487848642067537,0.16024232011542056,0.9997192882679895,1913,60
MRI-ESM2-0,grain_fill_days,total_change,-0.548784864206753,0.16024232011542053,0.9997192882679895,1913,60
MRI-ESM2-0,grain_fill_days,weather_alone,0.0,0.0,0.9997192882679895,1913,60
MRI-ESM2-0,grain_fill_days,host_alone,-0.548784864206753,0.16024232011542053,0.9997192882679895,1913,60
MRI-ESM2-0,grain_fill_days,interaction,0.0,0.0,0.9997192882679895,1913,60
MRI-ESM2-0,grain_fill_days,weather_shapley,0.0,0.0,0.9997192882679895,1913,60
MRI-ESM2-0,grain_fill_days,host_shapley,-0.548784864206753,0.16024232011542053,0.9997192882679895,1913,60
